protocol_mode,transaction_id,I_ac,logical_download_id,true_device_id,mno,profile_id
standard_rsp,B78D772024F1037FCCC6E733BE1CAFD9,MID-D369E054EFA6F8C525E314B70BAA797A,D0164-M04,Device-0164,MNO-D,PROFILE-885a93eba8ff15dd4cba
aura_rsp,CF1E1EBF063113646EA3F50D16F73735,IAC-93F77912E023198202EA237DCD45E2A9,D0164-M04,Device-0164,MNO-D,PROFILE-885a93eba8ff15dd4cba
standard_rsp,429721E0444D0EC02451603B891FD229,MID-2E0F54408F4AB53FC6EF913F76742A2C,D0181-M02,Device-0181,MNO-B,PROFILE-8e462901519f2e13c399
aura_rsp,94A7E9340D5A0A5893E2B0150629D244,IAC-3C7F922B14CCF5C391773640590B07B7,D0181-M02,Device-0181,MNO-B,PROFILE-8e462901519f2e13c399
standard_rsp,D8A4D206A1F570AE9D49C61CDA480CD7,MID-9D82EC33381F7418E67C3C95D91E8A70,D0047-M02,Device-0047,MNO-B,PROFILE-864ab69910015a5fee17
aura_rsp,C70FA2EF6480126EF57A563BF723F17A,IAC-A3087B6654E3237E4DE0A6F5F058B251,D0047-M02,Device-0047,MNO-B,PROFILE-864ab69910015a5fee17
standard_rsp,B8A61A1C8D98369B19E319D9CFB11BB7,MID-5BE0255546342BFE72BC4AAC0B93639E,D0092-M04,Device-0092,MNO-D,PROFILE-921b8ed9febe003d7c60
aura_rsp,48F5C6A8E9558083A708DB30E14FEE7B,IAC-27F593CE677FC0B209E35C1675934948,D0092-M04,Device-0092,MNO-D,PROFILE-921b8ed9febe003d7c60
standard_rsp,65BED463DF7FADBB8C920EAA12395F1E,MID-16EE8C381FE7E1F2A5586401794D0510,D0198-M03,Device-0198,MNO-C,PROFILE-c2000059b77947121102
aura_rsp,B786AE8C5F0A119DFE9478023DF6FD9A,IAC-B3B43A009D0CAEC3D1A76E68474A6C1E,D0198-M03,Device-0198,MNO-C,PROFILE-c2000059b77947121102
standard_rsp,D55231B55CF3C6AB72FC5EB89FC35732,MID-D9C5CEB8AFAF2C844FD07A36D011DF72,D0026-M04,Device-0026,MNO-D,PROFILE-44eea199345c705ed2b2
aura_rsp,25148210950FAB1712D7E80DF6FC4B23,IAC-207D03AA4EF306E9CFA878D985E4A460,D0026-M04,Device-0026,MNO-D,PROFILE-44eea199345c705ed2b2
standard_rsp,C0E8CA0A8758CEC8ADC0D7228F2A7E3F,MID-CD5AFD36FCC6D929DFDFF93BFF07D29C,D0130-M03,Device-0130,MNO-C,PROFILE-9b93ac71fa0af7062314
aura_rsp,D4C9491EF084FEF778823FE9CEB2E0FF,IAC-0D4478E7278427E4B9C94BA3C833EF6D,D0130-M03,Device-0130,MNO-C,PROFILE-9b93ac71fa0af7062314
standard_rsp,B4F33C1D22051F22703A2B13E3440885,MID-EB9552C0F5FD8BE186783A865EF22B53,D0238-M02,Device-0238,MNO-B,PROFILE-18b6bb7e4ce0dd77f58b
aura_rsp,9FC6F682A9D82100BEC5A65A03651350,IAC-D31E443F9F41DAC7524B19849D1E5EEB,D0238-M02,Device-0238,MNO-B,PROFILE-18b6bb7e4ce0dd77f58b
standard_rsp,3A34C04C847F9B518F0069F8C46C5259,MID-7276DEF3BA18584D98AE4C39EC0A78CC,D0076-M01,Device-0076,MNO-A,PROFILE-00dd2cdad114c4d55221
aura_rsp,3AA6CE949ABEAF7DD38F70F40562DA28,IAC-FAFD1414D6540A1C1357E11BF99EA38B,D0076-M01,Device-0076,MNO-A,PROFILE-00dd2cdad114c4d55221
standard_rsp,D37F5A9AE2C8916EF175F4735048193A,MID-45FFE92123213C0DC3034A9FFF634CA5,D0055-M02,Device-0055,MNO-B,PROFILE-ecb3ce9a36e449407098
aura_rsp,79C76C28D80F9D994B31B21B14D7DD83,IAC-BF7C6A9221C4ECB224A8C661CA252306,D0055-M02,Device-0055,MNO-B,PROFILE-ecb3ce9a36e449407098
standard_rsp,A4A0C3014ED6D0CCF2266D9A344D0A7A,MID-88F55E8CF2E2646719BCC5F3B8294602,D0049-M02,Device-0049,MNO-B,PROFILE-c4da17f23318b76f5386
aura_rsp,0E502FD22FFC2153D0C379AF4ADFF0DF,IAC-CDA81B4AA58720E3E3E621B27914B2C2,D0049-M02,Device-0049,MNO-B,PROFILE-c4da17f23318b76f5386
standard_rsp,E32E0833EA84EBD5C9C39C9A52DFEB48,MID-9730DC48D0A68820F25EA5F7DC1EA857,D0220-M02,Device-0220,MNO-B,PROFILE-b5b345d12e284dcc5682
aura_rsp,FD94CA2D844834A781DBF1141C2CFACA,IAC-6DC575AD6095B301B93A9CBD649B4D43,D0220-M02,Device-0220,MNO-B,PROFILE-b5b345d12e284dcc5682
standard_rsp,695E36428079FF1375C95BCEF98BF2A8,MID-9FD312CE2926E0B0D20D8442C306BAB5,D0094-M03,Device-0094,MNO-C,PROFILE-b536dad7634f2b7144a9
aura_rsp,A50C93C927466728E46D70383A9EA30B,IAC-AC45CED38ADBF0905088E95922AA6339,D0094-M03,Device-0094,MNO-C,PROFILE-b536dad7634f2b7144a9
standard_rsp,27BE201B37425D17B5743084900BE022,MID-8F32535C3BF05B414F43A2B6D4A0519F,D0227-M01,Device-0227,MNO-A,PROFILE-baec7cb7a6ecbb3e4cef
aura_rsp,0E14EEFB4EA755F5B0C020A83A0F89A5,IAC-2BB27963BB37930A5AA596596EB2D7BA,D0227-M01,Device-0227,MNO-A,PROFILE-baec7cb7a6ecbb3e4cef
standard_rsp,133E235615A370AB8881DAA1FB1648C8,MID-E4B635A93DC80C00C8C56B6984466F7A,D0084-M02,Device-0084,MNO-B,PROFILE-170f8177e789f63ef9d4
aura_rsp,C352FD859C1DE797647E6C1BE4DA3131,IAC-4039F4CCBA13384458A4797314937E97,D0084-M02,Device-0084,MNO-B,PROFILE-170f8177e789f63ef9d4
standard_rsp,DB458F2220E79471D63005721CD49CEE,MID-2E07C8FFE9B716D7F4B57456BBE61F8B,D0136-M03,Device-0136,MNO-C,PROFILE-9e4a61288375de83dc07
aura_rsp,21BA738A67D7CBAC3F7D8977990CF376,IAC-071359C773E04DA2C8363EB4487D7953,D0136-M03,Device-0136,MNO-C,PROFILE-9e4a61288375de83dc07
standard_rsp,6097735AB2298716112956EB48417EE6,MID-72D8D75FAD339E1A31C022E1A88F6FBC,D0090-M02,Device-0090,MNO-B,PROFILE-56d33ed0551288e3b8b1
aura_rsp,DF52D4E5710A84056DAF88B6EDEFAF2C,IAC-E8A5BAEFDD15DDBF915F98C2752BEEF6,D0090-M02,Device-0090,MNO-B,PROFILE-56d33ed0551288e3b8b1
standard_rsp,F5598F7FAA76AD6BC6B0F0494AEF895C,MID-206AB9A908E76BF31D13D5C6B9C4084B,D0223-M02,Device-0223,MNO-B,PROFILE-e09889b6a1e23cc43c37
aura_rsp,FF89B440A9C26A2FDE08B0AEDA6F3B67,IAC-7551CBBB63FC36E692342F6EB31BFFFE,D0223-M02,Device-0223,MNO-B,PROFILE-e09889b6a1e23cc43c37
standard_rsp,F326E711D590F73C0D4E8C2C6F66395F,MID-A67DF420AACF21EAF94193177BB59B07,D0175-M02,Device-0175,MNO-B,PROFILE-02c8581a41e67e4e02ae
aura_rsp,DE5D82062DC9B561759347E135D3C99C,IAC-AA4884210E7FD97B7E157B644E86FDD2,D0175-M02,Device-0175,MNO-B,PROFILE-02c8581a41e67e4e02ae
standard_rsp,CCBA3BCA0B7B5792514EF61F4B1EC5EA,MID-914988444F985F89B246E3AF11F1BBFD,D0124-M02,Device-0124,MNO-B,PROFILE-22a678c727760cfb85fb
aura_rsp,842D3270A034F33868F9A689EC328A10,IAC-3757783AC1CF3F26F62FD1C8336DEC64,D0124-M02,Device-0124,MNO-B,PROFILE-22a678c727760cfb85fb
standard_rsp,D1B6630B72813C85F490828A09E77410,MID-57577365D6E2E652CCFF38F21E0593B8,D0031-M04,Device-0031,MNO-D,PROFILE-97c6cf0c1e2c23a288aa
aura_rsp,86BC02CB1462E460A30B2F95C564343E,IAC-1A93323EF43C0B32932CA1E05A22295E,D0031-M04,Device-0031,MNO-D,PROFILE-97c6cf0c1e2c23a288aa
standard_rsp,F0F359A84638C67BE084A06DBC5E2B51,MID-675C4B29D0F4AE4F3291EBA01C40863A,D0050-M01,Device-0050,MNO-A,PROFILE-0e2b1dbd9d9479a8631c
aura_rsp,8FEDBED293994A430388FDF37F4BF945,IAC-D446E33FECC837BDFB95C9514F0157AD,D0050-M01,Device-0050,MNO-A,PROFILE-0e2b1dbd9d9479a8631c
standard_rsp,465FD39B5ED85BDCF49CE1D9EB09AF4F,MID-8E7A686CAD0D6BA699B1835DD7E405E5,D0245-M03,Device-0245,MNO-C,PROFILE-b96707b42cb3e6ee1a5d
aura_rsp,4021724227A81742CD1D04BF1F8FBBC3,IAC-757A537F75465D1FB88D56B647105319,D0245-M03,Device-0245,MNO-C,PROFILE-b96707b42cb3e6ee1a5d
standard_rsp,49B6260E395744E4B15C96D1A3FAFCC9,MID-0C2474E5A3E935065FB71D40E96425EC,D0124-M04,Device-0124,MNO-D,PROFILE-3d8deb89a097866cd684
aura_rsp,742DFD94F98A3285CF6A49BD8599F420,IAC-E39A18C7EDEFAEA4FF58A702151E2B7F,D0124-M04,Device-0124,MNO-D,PROFILE-3d8deb89a097866cd684
standard_rsp,DB2787681FDDD86DE47E8C40743B9DE1,MID-C32EB6AC3F19726E243DB22A3E2C03F6,D0217-M02,Device-0217,MNO-B,PROFILE-7cb312c87d0552931612
aura_rsp,4911B05502B549B0D42E1EDD88B934DF,IAC-20B39F6F0BB4E214C55D3B8C86E86BB3,D0217-M02,Device-0217,MNO-B,PROFILE-7cb312c87d0552931612
standard_rsp,8EFB9B8E0F18466E242386BF696B2EBE,MID-64D32E9FEB6948FAFB91545E48D25CDB,D0235-M02,Device-0235,MNO-B,PROFILE-4fe8fde2ca400f105af8
aura_rsp,E7C17246CFDCA796C4C13B794AEEED6F,IAC-CF21785C1CD1745A47D144139D5205EF,D0235-M02,Device-0235,MNO-B,PROFILE-4fe8fde2ca400f105af8
standard_rsp,03EC5730071C4F2C08819D06DFE20A0C,MID-D245399002C13737F56E7E4AF6420B95,D0011-M04,Device-0011,MNO-D,PROFILE-702c9ef3899a9cbc5418
aura_rsp,94FA67D69F51981FB47466D2EC99D071,IAC-0B27327563930A4381A02547B4D533BF,D0011-M04,Device-0011,MNO-D,PROFILE-702c9ef3899a9cbc5418
standard_rsp,88AF1DC2A697BA980744E2F0D49CF2BB,MID-5F4E43DCBC32752824B391AC656142A0,D0025-M01,Device-0025,MNO-A,PROFILE-d1c05dcc550845ed44b7
aura_rsp,DD43C95A61183B302F76310D1E91D9E9,IAC-9124B5E93100BEBDB5C72AEAD10C1E63,D0025-M01,Device-0025,MNO-A,PROFILE-d1c05dcc550845ed44b7
standard_rsp,78F49763E87976417930DA8432A24E78,MID-21E4C41959B9B64BFC973C74B51F46E4,D0120-M01,Device-0120,MNO-A,PROFILE-b567242843ca57ca975a
aura_rsp,8C145A52365AC1530AA0855E7509443B,IAC-154358A93D74539E1914A992A9302EEA,D0120-M01,Device-0120,MNO-A,PROFILE-b567242843ca57ca975a
standard_rsp,9F4378227123E84E37535B99C51BFA7D,MID-C165D0B5D3C49D37F0703C4A64BB69B9,D0185-M01,Device-0185,MNO-A,PROFILE-843eab5261e2bd581821
aura_rsp,1878B55FE6B7E40E97D76313A2177D7B,IAC-E4B8D4C6DBCCD1ED8DDA4B10DCB0BB81,D0185-M01,Device-0185,MNO-A,PROFILE-843eab5261e2bd581821
standard_rsp,F7497BD55BEAB036F4B3A87019E79FC7,MID-7C88E87718954AC6409908604C2AB6B9,D0161-M03,Device-0161,MNO-C,PROFILE-2883b3bb6636890d8912
aura_rsp,569E6645BEAB2A9B87FB18BC0DE0412C,IAC-136D1809E424B3E685122628D6C0DD09,D0161-M03,Device-0161,MNO-C,PROFILE-2883b3bb6636890d8912
standard_rsp,DACB7725EFEED145BC0F847FC710C696,MID-DE79095785BB691050FF53FCA34B5F6F,D0039-M02,Device-0039,MNO-B,PROFILE-8f804c7678bf795b8b5b
aura_rsp,5B35C782E151CB641FD1B8DC555EB7A3,IAC-F950F9C463F9918CE5AAA564B2A4EFD6,D0039-M02,Device-0039,MNO-B,PROFILE-8f804c7678bf795b8b5b
standard_rsp,97872D01F12D3813596938208FD59C99,MID-1831C387AF24C0FC704307B43C8B4479,D0071-M03,Device-0071,MNO-C,PROFILE-538ddf5ef83b9c21527c
aura_rsp,89A8E70E7D8B71790212A917E424DA9D,IAC-37C5B18B57D262215532DE705CB06F66,D0071-M03,Device-0071,MNO-C,PROFILE-538ddf5ef83b9c21527c
standard_rsp,1729BDF365573C1A26FF046A57E0F358,MID-4C85015418D3894440BAB8AD722312AB,D0108-M01,Device-0108,MNO-A,PROFILE-3f760ceda23a19c1e317
aura_rsp,8430C3BC058381A9EE22AA1074F6ADE8,IAC-3BE23F1C81C375C98A354034608F3874,D0108-M01,Device-0108,MNO-A,PROFILE-3f760ceda23a19c1e317
standard_rsp,31F0E9170F9C16104F6E10D96F0069B2,MID-D6FBA6D1D47A075127A9CFB937CF6941,D0133-M01,Device-0133,MNO-A,PROFILE-954b9790c33207914af7
aura_rsp,DCFDE8C0B2613FB2C2FEC601EA71A4AC,IAC-CE8472DE4108DDC85989A3F1E9B5A736,D0133-M01,Device-0133,MNO-A,PROFILE-954b9790c33207914af7
standard_rsp,A190440F0758ED523B7FF8104AD8C4D8,MID-8516E4DD79978F99C92BF8C350108FED,D0234-M04,Device-0234,MNO-D,PROFILE-5225c8fcd63a9f4ecb66
aura_rsp,11836D34B904C6FBC48E96DB954A4BB7,IAC-0371004EAD8415C4DF4365157078BE02,D0234-M04,Device-0234,MNO-D,PROFILE-5225c8fcd63a9f4ecb66
standard_rsp,C5D26CC3D2D0D33364077FC34A2A1668,MID-661C85CAD959D6CE8DE0B6B610C02EFB,D0174-M04,Device-0174,MNO-D,PROFILE-3ecce3ef634ad1032c51
aura_rsp,BFD1AA2AAC72CF505D912347E076D3B1,IAC-0CC2A96A2A8F4E47E1C43C45FC513687,D0174-M04,Device-0174,MNO-D,PROFILE-3ecce3ef634ad1032c51
standard_rsp,8E3C59714B5CAF47A25BA90A523FC3B5,MID-4548D36DD97B34BD4D92C7958DC2F459,D0210-M02,Device-0210,MNO-B,PROFILE-7d43e921592694239961
aura_rsp,78341DEDE6B8FC1505759F21456E5D83,IAC-29ED7C7C6A5DEEC9E0F8A506F4BD828D,D0210-M02,Device-0210,MNO-B,PROFILE-7d43e921592694239961
standard_rsp,8424DC8EAFA21FBCB8BC9ABCCDB3E3B8,MID-7CC5729652E890465D9466936599242A,D0234-M01,Device-0234,MNO-A,PROFILE-7aefed079b12194d29c8
aura_rsp,F8661B1B679B5536347CDBC62F31B98C,IAC-8E911D213A852FB37133D0936189A3F3,D0234-M01,Device-0234,MNO-A,PROFILE-7aefed079b12194d29c8
standard_rsp,982121182D760FA71A77212901A7C6C7,MID-EFE447F6B636982179F06F0F57825F0F,D0092-M01,Device-0092,MNO-A,PROFILE-ad08951dbd01bd195b35
aura_rsp,F48843F6CEA286E19E5FAC18BFCEA2F4,IAC-9F8185319747A6BE95D566A46E20FF5B,D0092-M01,Device-0092,MNO-A,PROFILE-ad08951dbd01bd195b35
standard_rsp,5EB4EAC155C103BC86679AD50AD9794C,MID-6C388148F7BF50462912B12640089C5F,D0154-M02,Device-0154,MNO-B,PROFILE-c37e27b48e05139867c9
aura_rsp,7371CF3D6E691D7390C5248805100EBE,IAC-7536CF657239253891FA99A7241AA5E6,D0154-M02,Device-0154,MNO-B,PROFILE-c37e27b48e05139867c9
standard_rsp,CC09B3501FDE335CB33AAC2CD35F7B1E,MID-2E53AF0F8077D65C544D500FBACB3F50,D0056-M03,Device-0056,MNO-C,PROFILE-cb27a4825b067898c98f
aura_rsp,C82B38F4FED01784F5B468BE61599F82,IAC-69215E61725D2F2FBAB17CC3C91A7814,D0056-M03,Device-0056,MNO-C,PROFILE-cb27a4825b067898c98f
standard_rsp,8DFFC4C91A3BC10ECF231A8A8A0B52C3,MID-5109069978D5FBEE97C95FE73B60A66F,D0236-M02,Device-0236,MNO-B,PROFILE-ad6b91cf329c89e88811
aura_rsp,C91CA353FE84F66C9CC236C32F697CBC,IAC-681B9B29F68363690252A0727E14B38F,D0236-M02,Device-0236,MNO-B,PROFILE-ad6b91cf329c89e88811
standard_rsp,C5466188C47BC20C28B4FAD026DF095C,MID-6579208986954510D58F165ED5C0D17E,D0221-M04,Device-0221,MNO-D,PROFILE-a62ec95661f3f3157d63
aura_rsp,B93833EF50F246723E11D97491C86D4F,IAC-FF8812AB2070C52CEC00943F58E0806B,D0221-M04,Device-0221,MNO-D,PROFILE-a62ec95661f3f3157d63
standard_rsp,48F1FF8319B51BA91D59189E6D4774B0,MID-F7AD6636A3808219693CCBD5508364B4,D0214-M04,Device-0214,MNO-D,PROFILE-e95ed9ef92e640ad987d
aura_rsp,B1F38EA324C80970C76B5F6EBC24FFC7,IAC-1CE5D42C312CEF0C17EAB49B391B8660,D0214-M04,Device-0214,MNO-D,PROFILE-e95ed9ef92e640ad987d
standard_rsp,F6FA949F8463647BFEDA037747DC14F8,MID-CE688A1FAC2E49F1F915CCAD35B56572,D0101-M04,Device-0101,MNO-D,PROFILE-6d08c4d65594fdb08479
aura_rsp,5D9D58455CF85375E7402FA17BCC6587,IAC-53245DA22ECD349AEF54083EEF4D4F19,D0101-M04,Device-0101,MNO-D,PROFILE-6d08c4d65594fdb08479
standard_rsp,C67E7DD8E38F4B4EFD2F9E28C05DA7CE,MID-F4A1C6CEC32B0DAE01FF1BD03E99A591,D0218-M02,Device-0218,MNO-B,PROFILE-bc484e99530fca4eac41
aura_rsp,0935A47AAAF6ADBAC13F4CD0B8801155,IAC-33FC74E90BDC1A1AC9685E248E8BB288,D0218-M02,Device-0218,MNO-B,PROFILE-bc484e99530fca4eac41
standard_rsp,B14C5BCCE2AE2BC7B13CA87E9653157F,MID-DC8126C4ADA42D1CD022CFE0D55A7CF6,D0023-M03,Device-0023,MNO-C,PROFILE-39d6018d0069cc9315b7
aura_rsp,A248334D3DC330CD5A88131BEAA94779,IAC-409983FA15FA31BD5B034F8BDD174A70,D0023-M03,Device-0023,MNO-C,PROFILE-39d6018d0069cc9315b7
standard_rsp,6B796E4A8B3A6734F8E1B9589A5A5C75,MID-04C8CD8F422B486D402B3C02DCE05D50,D0216-M04,Device-0216,MNO-D,PROFILE-ebb7482e9af52be6d731
aura_rsp,675613B23BB799B5E67E86CD20B49B88,IAC-AA8E43D8E28E77A2E5C69BE55357D832,D0216-M04,Device-0216,MNO-D,PROFILE-ebb7482e9af52be6d731
standard_rsp,480935A86CEC6EB1B99A620994165D3C,MID-E2F4CE1641E3F23190DDCFFC45FC3688,D0218-M01,Device-0218,MNO-A,PROFILE-ded9bb352a075232f556
aura_rsp,F9B173FDC20F52685C83B816DE80F9EC,IAC-6EF216FE7380A353C0A8AA6666AA7D61,D0218-M01,Device-0218,MNO-A,PROFILE-ded9bb352a075232f556
standard_rsp,7B5E63DC3D461FDF4CAF7D7395135C0A,MID-18B57D13454DFC83302C8E48A3A2D96D,D0028-M02,Device-0028,MNO-B,PROFILE-5d74d2d0e1f332f0ad50
aura_rsp,8C90062E78095C062C7E41A8FA879D95,IAC-8B837FDACF88800A62295148B3469482,D0028-M02,Device-0028,MNO-B,PROFILE-5d74d2d0e1f332f0ad50
standard_rsp,CB50FA2A5E1F0663AAD48496C3263D83,MID-45720CA9D5721F306669DC60895CA178,D0199-M02,Device-0199,MNO-B,PROFILE-23536f7160c3b18aeffd
aura_rsp,BC0EF958ED3E3C84FBAE135BD7F2652F,IAC-DCAAE8DC9B75D7ADBDCEBEA8D5A170B7,D0199-M02,Device-0199,MNO-B,PROFILE-23536f7160c3b18aeffd
standard_rsp,B3C2C7DF1C0F648F668F768651CBE66A,MID-5EE7D3ADB633F7128D28CC4ADBFC1807,D0143-M01,Device-0143,MNO-A,PROFILE-5c216c90805a5964ef27
aura_rsp,601C7FF29DCBFBE6702E4EB6FD09B5CD,IAC-2BF84495593E42DFAEED652D56E8A5A7,D0143-M01,Device-0143,MNO-A,PROFILE-5c216c90805a5964ef27
standard_rsp,30023C01219C233A0DE155CBF2113EDA,MID-8977FA28A47D9A4F835A46E68EAE8FE1,D0099-M01,Device-0099,MNO-A,PROFILE-cef96f7a28ebae1f92a4
aura_rsp,85AE98B759AE4BABAE40BC06DB00BB3F,IAC-42D4411521847469E54F5AB5B4BC1694,D0099-M01,Device-0099,MNO-A,PROFILE-cef96f7a28ebae1f92a4
standard_rsp,41262942113EB0F57C53AB2F6408A4BB,MID-88AC9060C0BB737783160EDE5F1413A9,D0132-M02,Device-0132,MNO-B,PROFILE-fe299785a6c35a89a6d7
aura_rsp,ED734D316302F08E232940747CC49EF2,IAC-BECD2AE3E14D872C6E40539C0D41DC56,D0132-M02,Device-0132,MNO-B,PROFILE-fe299785a6c35a89a6d7
standard_rsp,BCA91A30B6BD273B757946831D373915,MID-1AA87E828BC33D58E06C968BD4227F67,D0010-M04,Device-0010,MNO-D,PROFILE-4331693544ab2028376b
aura_rsp,C91874801189BF5ACBA6EE7D6A1D0B2C,IAC-A47AC5B4FD12D4AE907C87BA56EE357D,D0010-M04,Device-0010,MNO-D,PROFILE-4331693544ab2028376b
standard_rsp,91059258706ABD98A876530112918891,MID-72844349DDF640A80F3659648C3B15EB,D0225-M04,Device-0225,MNO-D,PROFILE-85188d03b955cae07cde
aura_rsp,7FBD7B3471F09067CB418A751802CF2A,IAC-05A3B46C7D42469071C3E955533CB43C,D0225-M04,Device-0225,MNO-D,PROFILE-85188d03b955cae07cde
standard_rsp,C596DC5D0356E354B405D5BF6615E2B4,MID-05F1E8BBB5F2D07B76902CCD0016F98E,D0148-M02,Device-0148,MNO-B,PROFILE-d7f259d4d01085169ad6
aura_rsp,55F0FDEB3762EC08A57BBB543DD195E0,IAC-B189339B29352AA95D400649D1D8F8F8,D0148-M02,Device-0148,MNO-B,PROFILE-d7f259d4d01085169ad6
standard_rsp,9B3E936F74A283D0616608CA4BC2DC31,MID-5FA9B4E3F9472BFFA6A28B37FA30BDF8,D0008-M04,Device-0008,MNO-D,PROFILE-68c716e21f974042c797
aura_rsp,A1EB53999DAB676BF9EE556E767A9148,IAC-96EBEF40EDAFCA3B3F8F68DBD82A4820,D0008-M04,Device-0008,MNO-D,PROFILE-68c716e21f974042c797
standard_rsp,673BB17E84DD652E28A0E5DFE8680596,MID-B762417A549CB4035AC5A4CFCFFA5F12,D0043-M01,Device-0043,MNO-A,PROFILE-c5854ecd3a60a57ad333
aura_rsp,DDF9301817721905D8D0F7E8A0E42B2D,IAC-14DF4A65376CEB7334CB77DBEAE96EC0,D0043-M01,Device-0043,MNO-A,PROFILE-c5854ecd3a60a57ad333
standard_rsp,7D85D1D72D2986B65AD39ED8B81EDC3F,MID-26313E520FABD3D75A3CB06D089269CD,D0149-M01,Device-0149,MNO-A,PROFILE-424e5d9f2c4dad365fbd
aura_rsp,EC18EAC18084C026E089640D4090070B,IAC-CB90F52E3B43A85009FDCBE7C6AEAC8F,D0149-M01,Device-0149,MNO-A,PROFILE-424e5d9f2c4dad365fbd
standard_rsp,65AFCD36BE904173F6E628CFF3C136A4,MID-C63B2C5CF9BA5F8D8CD656BB5E1B7032,D0005-M04,Device-0005,MNO-D,PROFILE-9030c3ce8fcccf4a1fb7
aura_rsp,5C07C2EF7E6554EDC13AD3FCF8998F19,IAC-28A25A0837A132B3EFA07825C8734542,D0005-M04,Device-0005,MNO-D,PROFILE-9030c3ce8fcccf4a1fb7
standard_rsp,01BDB26BFAC9038F4177EB0065E6A920,MID-CF96C855AD1FC168E83A67B56951502D,D0141-M03,Device-0141,MNO-C,PROFILE-7652d8bbc17ab1c89a4c
aura_rsp,076A7B9C7B3CDA3554EAC97C862BE366,IAC-E3E34098CDB523EAAB66C14045B3D407,D0141-M03,Device-0141,MNO-C,PROFILE-7652d8bbc17ab1c89a4c
standard_rsp,681B6EAF0AE28189ABBF3638BC1D79EA,MID-5938C093F51AFEFE90F761E3F08D1ED7,D0231-M02,Device-0231,MNO-B,PROFILE-6bdc1e005296d6890d84
aura_rsp,F96F29230D0A1605CF0B76D16E1FD48E,IAC-AA8FEE2AF7D815B1DC8BCC1A72BCA55B,D0231-M02,Device-0231,MNO-B,PROFILE-6bdc1e005296d6890d84
standard_rsp,A030FB9A0E285FF2F068F54C139D94A3,MID-CA71078CEE41544ADDB69E680D7B4E5D,D0032-M04,Device-0032,MNO-D,PROFILE-6480ba5f5b6f81952579
aura_rsp,72FCB8C9971F290CF6C2998011AA22D0,IAC-E63CE674447E1DFC72A57201725506F2,D0032-M04,Device-0032,MNO-D,PROFILE-6480ba5f5b6f81952579
standard_rsp,172320B7B248E13BFD4AAB5EE1BE5B2D,MID-1211747E33AB44293860C9F45E07231F,D0105-M03,Device-0105,MNO-C,PROFILE-0fe80b7c3246f308fe92
aura_rsp,6753EA3AE3175D67F0E7C5B02C7B9D10,IAC-456B0F122C285F6E831C080544E89DFB,D0105-M03,Device-0105,MNO-C,PROFILE-0fe80b7c3246f308fe92
standard_rsp,AFF1EAEB16FFD675DF7A3B89A3FB7EAA,MID-E5775C71E755CB2C0ADA60247E6B24C2,D0161-M02,Device-0161,MNO-B,PROFILE-aab4bbf43f0e1010da16
aura_rsp,3EC0CF479B28255A297352E0CE16BA79,IAC-C37282E90A0DE46FE16E44F86239F0A3,D0161-M02,Device-0161,MNO-B,PROFILE-aab4bbf43f0e1010da16
standard_rsp,CC276DE5D3F33B4A9C321A212953B937,MID-35AB8F4BA7E4D602FABF86724241247A,D0064-M02,Device-0064,MNO-B,PROFILE-903e44bcf04e186d43ee
aura_rsp,9D385926FA68162F79D225DC4B447402,IAC-5574937ADA74303CC1646C6070DDBF5A,D0064-M02,Device-0064,MNO-B,PROFILE-903e44bcf04e186d43ee
standard_rsp,A6463F49BB6F7B916A9BBEC5A4542689,MID-103AA3C050A7D3539ABFAAE0CB044858,D0190-M03,Device-0190,MNO-C,PROFILE-d0ca812ba525c0270ca8
aura_rsp,99C182C600C9255A357E0E1F30727BFC,IAC-5713CFA07E504DA78991CEA871BE14DE,D0190-M03,Device-0190,MNO-C,PROFILE-d0ca812ba525c0270ca8
standard_rsp,542AC3612A4B1F49AA5F5F30B5923EFD,MID-3DD61C951B4B0779558EC78FC29D488F,D0040-M01,Device-0040,MNO-A,PROFILE-b9aec9973b1a4a492e42
aura_rsp,E0CDF9F37D7FB6E433399D56C0E1AC77,IAC-7B4A5DDFD94F3AB1F321AEDA87E2A017,D0040-M01,Device-0040,MNO-A,PROFILE-b9aec9973b1a4a492e42
standard_rsp,396CAED02EFBA721FEC3C7CA28B82BD4,MID-F5CAD47F38CD11D0DEC84C100D560EDF,D0096-M03,Device-0096,MNO-C,PROFILE-911f3dcfaac41d61d6b6
aura_rsp,014202E7EB722900C17346BAD2971A61,IAC-E107DEB51FD1D985BA8E523EEA2737E5,D0096-M03,Device-0096,MNO-C,PROFILE-911f3dcfaac41d61d6b6
standard_rsp,373450128F75F3850326DF9B399A2E6F,MID-230CC0AC4DFDD4E1D2BEC545939B4030,D0051-M04,Device-0051,MNO-D,PROFILE-6be5d83fde21b9741d4e
aura_rsp,DC9DB47FEA3335F1D9F1BAD4705DC20D,IAC-ED10C8C51CED3BF050976FC2C6AEDE53,D0051-M04,Device-0051,MNO-D,PROFILE-6be5d83fde21b9741d4e
standard_rsp,DBF40BEBA06B7CCBE7815B8672DCCAD0,MID-815500EE46D16879E9E3BA895BDD656B,D0118-M04,Device-0118,MNO-D,PROFILE-ab02d72f09d50bcf4258
aura_rsp,D3F681D8E72884E8D6B92855E9E2FF48,IAC-C769A1FB6693F0F216EA909B4EE25168,D0118-M04,Device-0118,MNO-D,PROFILE-ab02d72f09d50bcf4258
standard_rsp,AC66527D563F51CBFBC5214F06D53698,MID-3B1CA05749EA885686C9E4E18CD078E4,D0173-M01,Device-0173,MNO-A,PROFILE-8b8af3a68ec9c853d95e
aura_rsp,3D429061B4B7850EC2177A0623704976,IAC-6D81B72DE544ECEC2F8EF311ED83C63D,D0173-M01,Device-0173,MNO-A,PROFILE-8b8af3a68ec9c853d95e
standard_rsp,57FD1B7BB69A62042601EC78D034B00C,MID-AF0CE6A77430E4EEC24085F52950DE96,D0024-M02,Device-0024,MNO-B,PROFILE-dab6e79fc38b9a18a6c9
aura_rsp,998E121E14551E694214E63306FEB4F8,IAC-D526DBF215C21A3DC405A37186A6D6CD,D0024-M02,Device-0024,MNO-B,PROFILE-dab6e79fc38b9a18a6c9
standard_rsp,1B2943F73B265B32F27B7A651ACFDA6D,MID-CA89D7235B96EEA80925D14EAA0FC3DE,D0169-M03,Device-0169,MNO-C,PROFILE-b1ff4a6de16276d42416
aura_rsp,34FF47BF30F3E4863D82BA9E737615B5,IAC-6197309BD5B410FCD3505E915EB99EBE,D0169-M03,Device-0169,MNO-C,PROFILE-b1ff4a6de16276d42416
standard_rsp,868351E33E13FBCC35F3E5DD1A9C3B77,MID-69F56B72A441166C1F9B0B0DCB9B7718,D0036-M03,Device-0036,MNO-C,PROFILE-84b0bb4df8d85c782b53
aura_rsp,07A468779DB263CFD7D5C67A654FC1E5,IAC-7B0441830C14FF0FC3EC5584712FC940,D0036-M03,Device-0036,MNO-C,PROFILE-84b0bb4df8d85c782b53
standard_rsp,EA59C95156D23BAF95B84930B9EB691F,MID-B69331FBFD022B7DF165CED52CEE1C6B,D0247-M02,Device-0247,MNO-B,PROFILE-c25842038b892616dfa1
aura_rsp,B2A6DDE284D85636B01D79BF1DAE5708,IAC-6C86FD090A89277BA7CD739CC245541E,D0247-M02,Device-0247,MNO-B,PROFILE-c25842038b892616dfa1
standard_rsp,B02D55C9EBB2EFBAF9768AED3A451174,MID-BF88C2B2E851C3651B8BAF85F8515A46,D0059-M03,Device-0059,MNO-C,PROFILE-0276b851d4e63aa79c32
aura_rsp,89BC4EEA85482DB1180084BFECF33E95,IAC-6DD790B8EA66D937F16024CAF115B4DA,D0059-M03,Device-0059,MNO-C,PROFILE-0276b851d4e63aa79c32
standard_rsp,36D38408C04B23D34643DB88F30BC70A,MID-A44D7F61E5143DB61FE87C6BA36CB98B,D0057-M03,Device-0057,MNO-C,PROFILE-5b0330737136e6913c16
aura_rsp,58173B10333E518EF9535BA83559B85D,IAC-3CB7E0DB60EBEE83188A09152A993E11,D0057-M03,Device-0057,MNO-C,PROFILE-5b0330737136e6913c16
standard_rsp,A2229233A932E6FD80F826B759CAD9A3,MID-F32DF5A9323D4099443EB33E725825A3,D0012-M03,Device-0012,MNO-C,PROFILE-e39cfe88e9626e56b836
aura_rsp,0B423B9A1EB4B7370C8DF2C3D8E2464E,IAC-0D407B247A5CAFCCE15D9E72FD74D193,D0012-M03,Device-0012,MNO-C,PROFILE-e39cfe88e9626e56b836
standard_rsp,BD03C7F29BDA33E4902EE81A593A281E,MID-377BB424BADDC3CD9636EBF1CCF099BE,D0122-M02,Device-0122,MNO-B,PROFILE-421e1c08193d82e40a6a
aura_rsp,8542549A51A66656AAF4378CDEEFE183,IAC-1F0270858320511BB4C816B3D37B6BCB,D0122-M02,Device-0122,MNO-B,PROFILE-421e1c08193d82e40a6a
standard_rsp,8507C738094D55A637033628BDF53FC9,MID-2CE194AFAC8CDF171137FF29DA9FC285,D0199-M03,Device-0199,MNO-C,PROFILE-29f2123330838d5ec5a1
aura_rsp,695EFD5E5B03D7051DC093742BA57AB1,IAC-6127FB963EC8C2E0CA94C8DB78AC7C49,D0199-M03,Device-0199,MNO-C,PROFILE-29f2123330838d5ec5a1
standard_rsp,18BDD71C1CB1B7F51321BA96FD9D1A17,MID-F3A926176A7133D1264C305EA1CD3FA4,D0167-M02,Device-0167,MNO-B,PROFILE-fd326a662292bc7eae4f
aura_rsp,95B81314AA920FEC5859EBBCFE94CE30,IAC-D5F9EBBDDF415701ED2A56AF15706C4A,D0167-M02,Device-0167,MNO-B,PROFILE-fd326a662292bc7eae4f
standard_rsp,09893E227C7826426089513795AA831A,MID-D1158A32473B0455C7AAA4DB50F901C1,D0230-M03,Device-0230,MNO-C,PROFILE-d34ac5ceb2ce480da101
aura_rsp,18464D7BD5D0D4F4EFADC32DA0852A99,IAC-E775D1AE8BBBB8F709C302441A061AA4,D0230-M03,Device-0230,MNO-C,PROFILE-d34ac5ceb2ce480da101
standard_rsp,B0E04A83948570AA5B0FB980F09BDA4C,MID-D501A2321099F4A337D049645A6D3E28,D0038-M03,Device-0038,MNO-C,PROFILE-df7430ec0deba1771d40
aura_rsp,2A5EBE86C7696A312BC260506B471860,IAC-24F39965EDEFB82F927A6DD1B36EB32C,D0038-M03,Device-0038,MNO-C,PROFILE-df7430ec0deba1771d40
standard_rsp,3159FE59BCB72BDE5F8EA579DEBF0E8E,MID-4CCD00A2BA4F32A7734664ED0E2DE7C2,D0201-M03,Device-0201,MNO-C,PROFILE-3aeb80c8b0a00f196b4b
aura_rsp,51A8F0424E97CBAAFA735CB6A3C1D66E,IAC-D8B34BB617EF810536270C577192FCA0,D0201-M03,Device-0201,MNO-C,PROFILE-3aeb80c8b0a00f196b4b
standard_rsp,593145D49C922FAF3ED5E6D0E9BE3D53,MID-B5E2110E7F87DC4D513C7279EBF6C1A7,D0014-M04,Device-0014,MNO-D,PROFILE-e3273d1589ba443ccdf2
aura_rsp,B3659D49DF29786F57338E0DE8F663AD,IAC-5A16F75932317C01A1EF089125DE7045,D0014-M04,Device-0014,MNO-D,PROFILE-e3273d1589ba443ccdf2
standard_rsp,701A81420F2DC6195EF8DE2B196B1D53,MID-CF53E7C455ACFDE12726F8E10AEE130B,D0160-M01,Device-0160,MNO-A,PROFILE-ee3725b3ce875ca0be13
aura_rsp,F754DE09745A46E7BCA3AA63730D8600,IAC-6D408CFEED9057437FBAAB5C58FE70F8,D0160-M01,Device-0160,MNO-A,PROFILE-ee3725b3ce875ca0be13
standard_rsp,DA9BA9F78FAC0F0198EEC371F20B62B0,MID-241D2B3766B75B74FF1CE2864803927B,D0146-M03,Device-0146,MNO-C,PROFILE-4bf66e6d35986ee64165
aura_rsp,D4742E915EBC48E01A1402725AAC9D5E,IAC-88277393B19230A852E7F89B9FA2A57A,D0146-M03,Device-0146,MNO-C,PROFILE-4bf66e6d35986ee64165
standard_rsp,AC14E332B6446D0398E975ABE483DC93,MID-0F165B1567879F529CF672BDB41FF857,D0202-M03,Device-0202,MNO-C,PROFILE-1b145a671a1b78e573e6
aura_rsp,F965B85955055BF3E024C4B9A5859320,IAC-7380F3C0A8E0DCC9053F45BED4825C89,D0202-M03,Device-0202,MNO-C,PROFILE-1b145a671a1b78e573e6
standard_rsp,7704D5E7FA4E966B056AEE02C2F39755,MID-67760B4AC8D437CEC544330DE52B4423,D0247-M04,Device-0247,MNO-D,PROFILE-c3b94abdaed6d5070746
aura_rsp,B4F134EBE0A8BD4BF273290E266FB039,IAC-D6BCE3289BC5665AABA76F09126D596B,D0247-M04,Device-0247,MNO-D,PROFILE-c3b94abdaed6d5070746
standard_rsp,73E6E254EAD1A4BB4917E7C91EB8B1D2,MID-D31ADDF2CC9D541B8EF6A30EEFF61DF8,D0128-M04,Device-0128,MNO-D,PROFILE-d6a874c68dc1f8e612da
aura_rsp,DF119D396E828202937458FBA99FC7F9,IAC-B62E036D5C1B84B7DFEE4EC7893B44E5,D0128-M04,Device-0128,MNO-D,PROFILE-d6a874c68dc1f8e612da
standard_rsp,1745E7AE953182573EB1D5FB72668C25,MID-A906235C543E52F26A4CCC410388C1A7,D0138-M03,Device-0138,MNO-C,PROFILE-97ee1bd1f22170b09dc5
aura_rsp,B5F69865D554633211B699A15A8BFE1C,IAC-C2359D69DC7EA9042378DC71474FB38A,D0138-M03,Device-0138,MNO-C,PROFILE-97ee1bd1f22170b09dc5
standard_rsp,E7B780334CF4D34374F254E83A5D06B4,MID-7BC306020B18B2266FA6B3343FDC9494,D0187-M01,Device-0187,MNO-A,PROFILE-a79300564be4cea33bf1
aura_rsp,26BCBA579EFDBE6DA6B22980C739421B,IAC-F92F2A8CC3406AA0669B9AD08D4CFAE6,D0187-M01,Device-0187,MNO-A,PROFILE-a79300564be4cea33bf1
standard_rsp,72E955218121816DDA51C93DAD6C17F4,MID-94F7209E1110625C8D94EE6899DCE42A,D0039-M01,Device-0039,MNO-A,PROFILE-bff5dd4af96bf69b8172
aura_rsp,59223C77D977F7C00FCED19862D711E2,IAC-BE45271BC930348EFE43A9E883E61969,D0039-M01,Device-0039,MNO-A,PROFILE-bff5dd4af96bf69b8172
standard_rsp,006A6B602BFFC99B8736CDA6B9F8CEEF,MID-BF6E20DB41E6ED6CE35F40773B00B846,D0223-M04,Device-0223,MNO-D,PROFILE-f6d3417aa49be38e71eb
aura_rsp,8D86C4135B4C6007B22EF94DE253AC94,IAC-BD6565DB59E2CDA33B7BA151D2F4520A,D0223-M04,Device-0223,MNO-D,PROFILE-f6d3417aa49be38e71eb
standard_rsp,81E4C320D11724161C476406DC62FF0C,MID-CDE223902BCD3E69C1032948BC0288F4,D0078-M01,Device-0078,MNO-A,PROFILE-38c829afaf48d7e8d510
aura_rsp,32BD24DEAFF534910727E0C14910271F,IAC-C526B5D9E110600885B354B9C9598075,D0078-M01,Device-0078,MNO-A,PROFILE-38c829afaf48d7e8d510
standard_rsp,0E15EBA6A7A50C6F8E2A41E1613BCD0B,MID-D6DCC4BAF0BFF934697BC134BBAF0B07,D0188-M02,Device-0188,MNO-B,PROFILE-8ffc1d5f8093305b65c4
aura_rsp,7CDEE17AFD3EE3A04D0C552E414A15F2,IAC-B8C6D0DF4C870A87FF109F7CD3171F44,D0188-M02,Device-0188,MNO-B,PROFILE-8ffc1d5f8093305b65c4
standard_rsp,38681574419D44A23F70981CF9AF0F2E,MID-C1481625BB0BC999FC0FF5686248B48B,D0074-M02,Device-0074,MNO-B,PROFILE-cbfd3693ae675d6aaa28
aura_rsp,4A69BECE434B3EBF17D5AA6186318964,IAC-80185A43FA301D10801965CB7A48797F,D0074-M02,Device-0074,MNO-B,PROFILE-cbfd3693ae675d6aaa28
standard_rsp,35E1EAD493D4BDB711A84FA242B17FEF,MID-B493F3A0D038F527CEC87D00B6235081,D0157-M02,Device-0157,MNO-B,PROFILE-3539ec149f5bbab10d64
aura_rsp,445602D024D7958AD260200D81C1227D,IAC-0452017247451635C6C17DDA4C260ECE,D0157-M02,Device-0157,MNO-B,PROFILE-3539ec149f5bbab10d64
standard_rsp,7B3B63E9725B6DAA15177954CABB4507,MID-DF3A10C8717940654DC812313FCDF017,D0235-M04,Device-0235,MNO-D,PROFILE-af50fc4b2fb43f056260
aura_rsp,691C9DBFC5E29E10442D81EFD7D8D53E,IAC-B20A11666F8BC6280D34D900D456B509,D0235-M04,Device-0235,MNO-D,PROFILE-af50fc4b2fb43f056260
standard_rsp,3206D68FB49644E3C108DC4F4D70A96B,MID-BA984347A09191486D4E8866158F6A75,D0028-M01,Device-0028,MNO-A,PROFILE-5439d4ae93a02e3d0284
aura_rsp,F0C23D9F3D8209191B87083647424A3E,IAC-C6A1182C2FE48416BDC7C163561FF08B,D0028-M01,Device-0028,MNO-A,PROFILE-5439d4ae93a02e3d0284
standard_rsp,3CBE30515446064F6510C7D2788B1455,MID-792E7DD8CA594A4BC1F7176F1AB588BA,D0074-M03,Device-0074,MNO-C,PROFILE-0ad210a5d7c6595e1570
aura_rsp,8F4714D157C39DB7CC9FE2CBB045FD62,IAC-185622B6275DD0B77C9D581CD9BFED21,D0074-M03,Device-0074,MNO-C,PROFILE-0ad210a5d7c6595e1570
standard_rsp,B576FAD77C7E7D2007BB2BEDED554696,MID-A2FCC3F96891C84DD9099EE5CC85928B,D0219-M01,Device-0219,MNO-A,PROFILE-6a82627c4507a8daa90f
aura_rsp,77637385934C9E92F187F1B3FA62CA8A,IAC-CC85363D2646CD503392BAA45C71F1B9,D0219-M01,Device-0219,MNO-A,PROFILE-6a82627c4507a8daa90f
standard_rsp,EF077349B549D85FDB84CEE87F419B3E,MID-EABD10278FCC1A4B978A1055602FEEFC,D0173-M03,Device-0173,MNO-C,PROFILE-50db5a169aba2dce1808
aura_rsp,A612ED969E58D0FB46A90EF1E043370A,IAC-F3362FADC9E58357A97705D3AF4328F6,D0173-M03,Device-0173,MNO-C,PROFILE-50db5a169aba2dce1808
standard_rsp,DF1F804BE3F2CB3007427FAA4C4D10DB,MID-59ACF35D9387567FA9D292354F7313F8,D0022-M01,Device-0022,MNO-A,PROFILE-ef4d555668fac5bb058d
aura_rsp,723E6B5639EB1A46274771787F56CDD0,IAC-8397A872525F9B050C6902B76ECE0ED6,D0022-M01,Device-0022,MNO-A,PROFILE-ef4d555668fac5bb058d
standard_rsp,13B9382335182015AB267690CC2A2125,MID-E9C480BD167CFF15E003407F86EFEE32,D0019-M02,Device-0019,MNO-B,PROFILE-9ee0fd4bf8edb7c085b2
aura_rsp,8651FCA29DB77E20E431CB72ED78866B,IAC-5F3D80EF26914FE6CF991011A0CDDB5B,D0019-M02,Device-0019,MNO-B,PROFILE-9ee0fd4bf8edb7c085b2
standard_rsp,21390018AEE600870E9C5A7AA995BF20,MID-AE077ACD537F5941709EA15BA0EB2070,D0049-M01,Device-0049,MNO-A,PROFILE-74ef9fd6bb5e1d2eb0b7
aura_rsp,4A80CAB0B9ECA0115B2EF5A619C83224,IAC-1CB1816A76DC8C5299D05492E8F62532,D0049-M01,Device-0049,MNO-A,PROFILE-74ef9fd6bb5e1d2eb0b7
standard_rsp,1C9085B1D4203D3060701FEC8051BFDA,MID-8B15F830A6989D35638524B5A212E4F9,D0052-M02,Device-0052,MNO-B,PROFILE-5f7e5b7bebf1891841d3
aura_rsp,E8C51E690EA0D21B385D79CC8999089C,IAC-935A6229853682EF7A34025FC6A694AD,D0052-M02,Device-0052,MNO-B,PROFILE-5f7e5b7bebf1891841d3
standard_rsp,88808D46EC3924AEDB080970568BECFB,MID-93598B6AEC52B424B27C3EA8E7CEAFB0,D0025-M04,Device-0025,MNO-D,PROFILE-c1573e2a4239bb8e0625
aura_rsp,C3D018BE103DAF01EC07D151A2092F3D,IAC-CE66EB900FBF1DBE975C85DD17DC6A76,D0025-M04,Device-0025,MNO-D,PROFILE-c1573e2a4239bb8e0625
standard_rsp,AC0116EB7B710506C57122222FDBA342,MID-28BB6D2F9EF15FC18E66DF0FF901BA0A,D0191-M04,Device-0191,MNO-D,PROFILE-35c0afe1acd3da3fea10
aura_rsp,A1C1983E0F920220E66DDDE4D82D0E36,IAC-D9BFEE3339EB8168E3EA446E88CCAE46,D0191-M04,Device-0191,MNO-D,PROFILE-35c0afe1acd3da3fea10
standard_rsp,EEF17E021EF02610F17BBB3951494F56,MID-5657253BADE5A7A89CC120905D9866C1,D0145-M01,Device-0145,MNO-A,PROFILE-00f6b465ab9459ebc771
aura_rsp,ACF2B5BB6C13AF270F539EA1CA3D26E2,IAC-2CC10C7DD806DC0382B7A648E17CA161,D0145-M01,Device-0145,MNO-A,PROFILE-00f6b465ab9459ebc771
standard_rsp,4F2FC2C71A4FB36BADC7F29384F29D8C,MID-95CC65401ADED83EC50BFE5560FD60F7,D0221-M02,Device-0221,MNO-B,PROFILE-2e3b22d3c5951a44aa59
aura_rsp,6E6D483A08EA85108D6B5FCAE98622FB,IAC-2B6600F5E219909F664258A51724F2F8,D0221-M02,Device-0221,MNO-B,PROFILE-2e3b22d3c5951a44aa59
standard_rsp,97729E87FCF0690F06DF1D7D3C0BCBDF,MID-4350FE4184562699260275C326262817,D0079-M03,Device-0079,MNO-C,PROFILE-a1a736f899c22cf24baa
aura_rsp,F319FC3DD7B2FC1B30FA5F86115EBDF7,IAC-7980C2D741113F0D3BC2154206E93E1C,D0079-M03,Device-0079,MNO-C,PROFILE-a1a736f899c22cf24baa
standard_rsp,05C822CA2650E47D66A0C6E18DB8BFF6,MID-5D6C7691836C6B4B84D716B793F696D7,D0020-M04,Device-0020,MNO-D,PROFILE-22ed2cc742709646133f
aura_rsp,10306AB70713B11E054EE411382138BF,IAC-5398F543E860B2890D776BBBF5A358DF,D0020-M04,Device-0020,MNO-D,PROFILE-22ed2cc742709646133f
standard_rsp,FFF52B7409D3CCE05FDAD53DB7AA6ABB,MID-8A202CFBAAD074D380D32918D8C9CE93,D0245-M02,Device-0245,MNO-B,PROFILE-c78c674aaf17fc478d94
aura_rsp,CAB68B7FE04A8B57B2BA46BEBED54C92,IAC-C58F7666CEABCE407B275013FB3D513B,D0245-M02,Device-0245,MNO-B,PROFILE-c78c674aaf17fc478d94
standard_rsp,B763638277570D926D3DE6960F6BAEA6,MID-B7409191097DE8752B9824408BEFA51E,D0158-M02,Device-0158,MNO-B,PROFILE-74c4b72991442d14c90c
aura_rsp,DEB21FBD4332A57DE3C2C9E79555562B,IAC-605D84CF6B8220D425EF4BE68EDBAE38,D0158-M02,Device-0158,MNO-B,PROFILE-74c4b72991442d14c90c
standard_rsp,F25612692BA9337E47202DF6674077C4,MID-C9108AF9AEF2B54A56186B55C88CBE89,D0062-M02,Device-0062,MNO-B,PROFILE-cfe428cc499db00da891
aura_rsp,C1223EAF3A58F7F846B1DF65FD406352,IAC-30C2BB1E042AE965EE4923864C1C59D2,D0062-M02,Device-0062,MNO-B,PROFILE-cfe428cc499db00da891
standard_rsp,1E61094F21D87C2E0ECFAE20D0E5C610,MID-2C15275B999C00D6BEB5A02BAFD1E91A,D0075-M01,Device-0075,MNO-A,PROFILE-05c4fc80b38fbfd9ecf6
aura_rsp,F901AB34F3A8B14007443D9F3CFAAAA3,IAC-D11B94F24F33E75BDB135A41ED50E2D6,D0075-M01,Device-0075,MNO-A,PROFILE-05c4fc80b38fbfd9ecf6
standard_rsp,D5D5FA96BFCFCE679205AAE9B8D99313,MID-895E70E3145C79DB746633FB71E4F1CB,D0029-M03,Device-0029,MNO-C,PROFILE-d1aede3f04e0b38cbfe2
aura_rsp,154DF41457A446EA1D2FE5B95BBD067D,IAC-18D259A80F83E3D0804CB57ADD359013,D0029-M03,Device-0029,MNO-C,PROFILE-d1aede3f04e0b38cbfe2
standard_rsp,4A20EA2171E211B229FB536B72780A11,MID-C467B1C026EF4BA321D5F79497E4867D,D0138-M02,Device-0138,MNO-B,PROFILE-d5b60d77f1de4b1ac832
aura_rsp,D15BBEC38D2AB6FB8D5817249F4A2084,IAC-73F885C7F0F5655C6C2B1D0C1A906365,D0138-M02,Device-0138,MNO-B,PROFILE-d5b60d77f1de4b1ac832
standard_rsp,F1C0817F29B035F00A8654B77C64AA3F,MID-A4FF4A211EECAACDAAC74EC67929066F,D0093-M04,Device-0093,MNO-D,PROFILE-56b0b9c97a954ef54b53
aura_rsp,E75523FA47DF11B261FB8C6A65067BC1,IAC-96C8964FE7ED3896371F0E451C5397DC,D0093-M04,Device-0093,MNO-D,PROFILE-56b0b9c97a954ef54b53
standard_rsp,BF4587DF04230FF3863429CB2582E1EF,MID-0035277CF9641D5D0C97F4564FA245AB,D0139-M04,Device-0139,MNO-D,PROFILE-948f150d86dddf1eeb8c
aura_rsp,A38593CC255D532CD8DBD87F9BE18A98,IAC-1F3ACFBB2E2CBF60B86EC4A24B897ABD,D0139-M04,Device-0139,MNO-D,PROFILE-948f150d86dddf1eeb8c
standard_rsp,8C8A9A2846741604C6EDB302657E1478,MID-F3BB680843555FC83DBA56C881AC2520,D0217-M01,Device-0217,MNO-A,PROFILE-1880fb813be091d6e529
aura_rsp,8025B2D7C44DCD7285251FE60DAF6536,IAC-D200392C05976DAA7A6E7DC0A15B4424,D0217-M01,Device-0217,MNO-A,PROFILE-1880fb813be091d6e529
standard_rsp,8959BB816866B08D3D23E16CC7477C58,MID-2A68CDD2107CE0409142BD3A756C1F08,D0046-M01,Device-0046,MNO-A,PROFILE-48772585cbfdbb009910
aura_rsp,5BB301BF44BE765D0A0AD51C0725F735,IAC-C81C058FB94359725D90AF5BB08D3108,D0046-M01,Device-0046,MNO-A,PROFILE-48772585cbfdbb009910
standard_rsp,779BD05F4DCF912A68CCEE8443389300,MID-73AEA0C2936375D169416A8E1AD3C989,D0158-M03,Device-0158,MNO-C,PROFILE-bcaf144148d89cdcea9a
aura_rsp,7ACE2B59C445091048D244029F64A125,IAC-F8D5034D57EE4B0C8849FCCE17CA3CA7,D0158-M03,Device-0158,MNO-C,PROFILE-bcaf144148d89cdcea9a
standard_rsp,883E35AA4C65A17EA2007E01DDB2A764,MID-475649D2168CD97FC81C2F71E288E328,D0121-M01,Device-0121,MNO-A,PROFILE-df8a6c7ff4683668eb1b
aura_rsp,5BF98BFD3AE69D97009332BD34D30C03,IAC-CB55EF64B88EC72036DBE4892F4B6EA0,D0121-M01,Device-0121,MNO-A,PROFILE-df8a6c7ff4683668eb1b
standard_rsp,F848C57DF3153DAF7750802150DB5AD3,MID-3E7CF54D64BD8B13149A49BCBBAB9F30,D0092-M03,Device-0092,MNO-C,PROFILE-22e38cf53812fe67ea71
aura_rsp,C843DBCE3A73EF20F280B96B6BF4B33B,IAC-312EE94D654BFEB7588E7964C112B7E8,D0092-M03,Device-0092,MNO-C,PROFILE-22e38cf53812fe67ea71
standard_rsp,60EEEB2E54B535132019C2481A03D33F,MID-61EF98BDE3D25DE973859C4D2EA2267D,D0181-M04,Device-0181,MNO-D,PROFILE-aaafc51902c0c000a521
aura_rsp,6FF20C092D153DE0E0246694F6AB7AEA,IAC-FA1EA5B1F7B49D249DAC4E41163F822A,D0181-M04,Device-0181,MNO-D,PROFILE-aaafc51902c0c000a521
standard_rsp,EE505B60654BF63C36E599CE9F3CD542,MID-9F1272249FFCA63458DE0D6546B097C0,D0219-M03,Device-0219,MNO-C,PROFILE-23917cc1aaa5fe31d574
aura_rsp,11BD2C642A45C33A5783ADE849D0011A,IAC-B03E0197E30457701DFB6F3BC58EFBAC,D0219-M03,Device-0219,MNO-C,PROFILE-23917cc1aaa5fe31d574
standard_rsp,B38141EFD7E752BA5D6E46BEA126E5B5,MID-67F3573054BFC706D54A581BBC6C2FFA,D0129-M01,Device-0129,MNO-A,PROFILE-753a3ef7c75853d75df2
aura_rsp,7C8C7E9B8A0393215FA0FA0F58218AC0,IAC-F8C40F1162CDA4541E67BE78D451EA24,D0129-M01,Device-0129,MNO-A,PROFILE-753a3ef7c75853d75df2
standard_rsp,05902055304F63A5E8C50E4C250EEB71,MID-DB3E136D205DA60BC9A1F7B07DC7D0BD,D0048-M01,Device-0048,MNO-A,PROFILE-e9c0d856d509e992250e
aura_rsp,69B46D75F4C05C43663792C5F35CC3EB,IAC-61D898FB47402F1581121D0A84F6743D,D0048-M01,Device-0048,MNO-A,PROFILE-e9c0d856d509e992250e
standard_rsp,43C37A8D3E58FED71FFD7C554E0DB882,MID-9A38AAC4FA4EF6FED5D3262BB877ACB4,D0084-M04,Device-0084,MNO-D,PROFILE-5d3ce45c6bb3fb3f1fca
aura_rsp,2FB9727FEF2E294D5990FECCE8B4E534,IAC-EA863187D5BDC94EEEED94F8BA96FA94,D0084-M04,Device-0084,MNO-D,PROFILE-5d3ce45c6bb3fb3f1fca
standard_rsp,B900793695F73B3C9E239A20559AAD0F,MID-09C83B70AB0B9D0898C23375A7BA9258,D0094-M01,Device-0094,MNO-A,PROFILE-a2308a4446c275dc5989
aura_rsp,56D3FDC2612D357FD122CD74F7DC7BCD,IAC-7C3082B365EDF0CD580AC9270194AB4D,D0094-M01,Device-0094,MNO-A,PROFILE-a2308a4446c275dc5989
standard_rsp,0FB2BB8C1FFAFF7EC71157B460390650,MID-B0BC00B48F1CDF190D2873B7D73D4BF3,D0066-M04,Device-0066,MNO-D,PROFILE-488cf2d239f2d9b4787b
aura_rsp,33BFBC0B39B33726AF0A72C0EA74135F,IAC-CC6E0B9803A8BA915D054EBC5E1A37B2,D0066-M04,Device-0066,MNO-D,PROFILE-488cf2d239f2d9b4787b
standard_rsp,86BBFCFE7294307804B0D5C0846CE689,MID-033831DC6D1112CA4ABC96BD29F17C06,D0061-M03,Device-0061,MNO-C,PROFILE-5940e337c017c744f905
aura_rsp,BAA8307DCD29EC2BD4D29CC8F9D6EE7B,IAC-C19053B415336C8FEDDCB6CE1FF3A3FF,D0061-M03,Device-0061,MNO-C,PROFILE-5940e337c017c744f905
standard_rsp,F83C9A77B4491592942545B8574293E1,MID-EF467C8992445F2ABE6496E81EFE3429,D0209-M03,Device-0209,MNO-C,PROFILE-d8274fff83bc058663cf
aura_rsp,C2675DB8606AEEFD31641951A996634E,IAC-93AD844A192E99F07C66DD5720ECDA5B,D0209-M03,Device-0209,MNO-C,PROFILE-d8274fff83bc058663cf
standard_rsp,62437FEF761A0D997A1003D5644CBB20,MID-01A0E61264DD89A484A2E65C7275B077,D0179-M04,Device-0179,MNO-D,PROFILE-edda5a7c3a5101fc5bb1
aura_rsp,89D57A4537A634B6FCD7E26988E63269,IAC-32DB951FFEF69D347B3595103BAFF632,D0179-M04,Device-0179,MNO-D,PROFILE-edda5a7c3a5101fc5bb1
standard_rsp,5AF1834E20D9232DFBE3A92996BE292A,MID-C0C7FCE4E575D0D880BB366849D579FE,D0220-M01,Device-0220,MNO-A,PROFILE-b56493d552574f2d1570
aura_rsp,8580D86B05A87C87973536F9F60AE875,IAC-C543BBF1A2C9D17BA9EAC69EF8B91508,D0220-M01,Device-0220,MNO-A,PROFILE-b56493d552574f2d1570
standard_rsp,89E55731A6673062D0AECEEA15A116F7,MID-8CD73210B402C7786C61F9EC23C4EF78,D0211-M04,Device-0211,MNO-D,PROFILE-745591845d1e26142998
aura_rsp,1B168D129515D44840CB92B7DC505070,IAC-162917E358602579E051397B4614F450,D0211-M04,Device-0211,MNO-D,PROFILE-745591845d1e26142998
standard_rsp,7D8F42C90FFDF620A699A163FD330664,MID-C3F0661EB30B44D7DC25A3604697A999,D0201-M02,Device-0201,MNO-B,PROFILE-2e8375eb85e80090b3e7
aura_rsp,64D7414A3B51D7437408A9E56FDA1BFD,IAC-96E32FFB0AA5A137FC22799F766D70AF,D0201-M02,Device-0201,MNO-B,PROFILE-2e8375eb85e80090b3e7
standard_rsp,3599BAEA659BE43EE8AB86B5A07F893A,MID-0992BBE80A09D8330AFF778016F23249,D0205-M03,Device-0205,MNO-C,PROFILE-1b5c269d6d455603e593
aura_rsp,F4C43B94A322C36FFAAD5514C56FA37E,IAC-5588E91CF19CB920909C82C174EA4012,D0205-M03,Device-0205,MNO-C,PROFILE-1b5c269d6d455603e593
standard_rsp,1B24EDA4DA53A735822D507784B0C797,MID-4968FF70E3CFB0F2BC149AFA74830108,D0064-M03,Device-0064,MNO-C,PROFILE-44d971823e1b163560e6
aura_rsp,C90A62D4759AE5EBF054038D8F73FA1A,IAC-FF0D9598FE96561B6E02FB9243FB7229,D0064-M03,Device-0064,MNO-C,PROFILE-44d971823e1b163560e6
standard_rsp,64DD00FC50CE59407186C580D2DBC214,MID-C7AE3C6E74A087AA572EAB129DBCE81D,D0068-M04,Device-0068,MNO-D,PROFILE-6ce232ccef8f9c6705a2
aura_rsp,A87632A36043F47921D207FD1977C0AD,IAC-2B1F8D98BC22DFB4C7FE4197899A1600,D0068-M04,Device-0068,MNO-D,PROFILE-6ce232ccef8f9c6705a2
standard_rsp,B95CCC71069DEB40BF658805074E7928,MID-84B3D6C4A108DDB44209FF2B6B0B3E0C,D0085-M01,Device-0085,MNO-A,PROFILE-1c78bc69d13d38601098
aura_rsp,67B653D435F27436D228CAE4FF53AB57,IAC-088F8527FE394B50BF1352ED377B48E8,D0085-M01,Device-0085,MNO-A,PROFILE-1c78bc69d13d38601098
standard_rsp,7FFC10F8EE8EAE102E4A2923AD137CC2,MID-D69C50FC547726232CE08508646EB0C7,D0035-M02,Device-0035,MNO-B,PROFILE-14fcb375f6f84e4dfd9e
aura_rsp,2BB28D8613F11578B085D12DDD9108EF,IAC-CE5D79B1DFE6027D714C749C6A7C868F,D0035-M02,Device-0035,MNO-B,PROFILE-14fcb375f6f84e4dfd9e
standard_rsp,682575E15BD05FE75B0201AB57A98C9E,MID-FA59197054E02DFE9142164BE95500CA,D0151-M03,Device-0151,MNO-C,PROFILE-b8f0c67c4df2d46f0a85
aura_rsp,07970ECA4AB9542D7EBCD08A59078238,IAC-08649D263AC8517C41E70E435E5659DF,D0151-M03,Device-0151,MNO-C,PROFILE-b8f0c67c4df2d46f0a85
standard_rsp,F4C32E695DD3818FE19BFF601CC7990F,MID-860C0B85801026E7961DA6E941306CE3,D0194-M02,Device-0194,MNO-B,PROFILE-64d82020a681405e3c68
aura_rsp,9C35A743A76C4395AC7264607E27D842,IAC-2C2934EA464C559309AF433DA0BA4252,D0194-M02,Device-0194,MNO-B,PROFILE-64d82020a681405e3c68
standard_rsp,42E42696E6F6264357F917951A9C94DD,MID-1247428FC4FA4C35B6EBE720E65ACF91,D0185-M03,Device-0185,MNO-C,PROFILE-53b744022dc7fa040dc7
aura_rsp,06E067F107B026F41C1910E50EC0D677,IAC-0A81C79130F7F99C7353A41416AE0440,D0185-M03,Device-0185,MNO-C,PROFILE-53b744022dc7fa040dc7
standard_rsp,08A4D9E0CD68D0D976F3F612117C3B7A,MID-34FE51CBED491861F68B764D8FD122ED,D0109-M03,Device-0109,MNO-C,PROFILE-bda34d0becf247858a92
aura_rsp,C316FD14FF10471240DC59BA6402E9B8,IAC-DA43939F0E3ACBAD63F71C84FB038D98,D0109-M03,Device-0109,MNO-C,PROFILE-bda34d0becf247858a92
standard_rsp,327E7A2874A31E3219A976EDA01D54A9,MID-8925AA18B322E37DD5F3A84C713DC462,D0242-M02,Device-0242,MNO-B,PROFILE-fd358e6d9f7231cc40c4
aura_rsp,A62F2DB564B3EDE2D3514EF9643EE050,IAC-BBFFD4883B51081AE2C97F387D2E9184,D0242-M02,Device-0242,MNO-B,PROFILE-fd358e6d9f7231cc40c4
standard_rsp,5687D0638841EE1F659A5270BFDEA07C,MID-C30D00E006E7143FD63503DD6BDAEA21,D0094-M02,Device-0094,MNO-B,PROFILE-6434ef7221ff610ccba4
aura_rsp,2B780686072750C1082C9D6A2AC3EA0C,IAC-14384E02850C366D7A6A7EE28BAD10ED,D0094-M02,Device-0094,MNO-B,PROFILE-6434ef7221ff610ccba4
standard_rsp,01B9291B0F6B13F04019B04301277F0A,MID-AFEE85DF3F26B7ECBD3695FB93E6E567,D0053-M04,Device-0053,MNO-D,PROFILE-c69ea35d4b8bf170b559
aura_rsp,54C4AA6A45FA2ED5E084D4AECEF79F2F,IAC-F744990AF891F63E8DE74E4DEA86E7FE,D0053-M04,Device-0053,MNO-D,PROFILE-c69ea35d4b8bf170b559
standard_rsp,DC3CF2C3EF9A804AC2340B85226495E2,MID-D32DD9EFE73AB3A58ED20E352B0A2BF0,D0018-M04,Device-0018,MNO-D,PROFILE-6e180d51d48907d7f25a
aura_rsp,64CB854694220A63564B065AA5BAF13C,IAC-7DD2F565FFFC869494C6E98DF766CD51,D0018-M04,Device-0018,MNO-D,PROFILE-6e180d51d48907d7f25a
standard_rsp,2F1FFDB060B9CB48C141D88A736E8565,MID-FEC751B95698A5F094593E507F959C03,D0204-M02,Device-0204,MNO-B,PROFILE-61df7c2c556f1f3bac75
aura_rsp,30623226FEA394884EDD8892807A9A20,IAC-A9BB1C8C7D130B22A5C0B8E567AFD049,D0204-M02,Device-0204,MNO-B,PROFILE-61df7c2c556f1f3bac75
standard_rsp,E85156E658B878C50648F7B66F83B708,MID-18EA1377D48EE551EB7C404190F396B4,D0195-M04,Device-0195,MNO-D,PROFILE-b41abef6a2b4abfcd5b3
aura_rsp,47ED2251347B6F13CBF771A4758C0428,IAC-18B17215118BE01029BBE01D9A2DD6DA,D0195-M04,Device-0195,MNO-D,PROFILE-b41abef6a2b4abfcd5b3
standard_rsp,F7E1964CEC3F698FBE8A3938903DA6B3,MID-3FF3B801E521D732C784CCBA9321C875,D0180-M02,Device-0180,MNO-B,PROFILE-68a3c81fcd61515b2b85
aura_rsp,25AE431FA94F1E3710849EE069105D6A,IAC-0053CC73B03C737A7752EE6F539E0F08,D0180-M02,Device-0180,MNO-B,PROFILE-68a3c81fcd61515b2b85
standard_rsp,7E3A64D6C11E96AD387908FFC347449D,MID-C7AB4B92E062EFFF3B3449BED497D20F,D0181-M03,Device-0181,MNO-C,PROFILE-39311fe35145c8e52e7b
aura_rsp,86E6C63E464FEACAB9CABCC01660A841,IAC-92AD8B6113ACE2DD7A7CEAA0496C76EF,D0181-M03,Device-0181,MNO-C,PROFILE-39311fe35145c8e52e7b
standard_rsp,47E934E69923814939C7BCD65303A4D7,MID-5C9EFDE42D8A40E7B4F2C2D851425CFA,D0046-M04,Device-0046,MNO-D,PROFILE-02d32993192a18799c5f
aura_rsp,AFBEFF6A29886D69C77A8DFABBBC695F,IAC-BD6D99E9D3C75A3A85DED454FDCDE41D,D0046-M04,Device-0046,MNO-D,PROFILE-02d32993192a18799c5f
standard_rsp,5A834B5428D5A7C6948FFBDEDB5245FA,MID-DCF9BDFBDA5BBD7E77FA2EF31E54AF0E,D0017-M04,Device-0017,MNO-D,PROFILE-1850b304544efcb4527b
aura_rsp,37DE08A554FC922D2A39DEC032FFECF9,IAC-9D1423D90C9812487A309056354B7252,D0017-M04,Device-0017,MNO-D,PROFILE-1850b304544efcb4527b
standard_rsp,014FE6BC5B3BED64205BBA70D9F01AF8,MID-0E21C6629025A6A5F70E99005E6FD853,D0079-M04,Device-0079,MNO-D,PROFILE-0c18e78e918a7e961b06
aura_rsp,4B940F2A15FDBB1E2AEACF0D141E98A3,IAC-542066B5D1E5A8001B6E77D2C9122BE3,D0079-M04,Device-0079,MNO-D,PROFILE-0c18e78e918a7e961b06
standard_rsp,EA908ACEC075DBB87D5A52930D980FD4,MID-29E4EB5AEECF55A6E7068447D587D485,D0116-M01,Device-0116,MNO-A,PROFILE-1914623cadf5c046d49f
aura_rsp,757C5B34F817154C39380405E4C0A52D,IAC-895A6106824236C331BD7B7C30B974E7,D0116-M01,Device-0116,MNO-A,PROFILE-1914623cadf5c046d49f
standard_rsp,69506443D7592AA085FFD44CB7E83C53,MID-A4288B2BCBB1FBCC7368C746E52C595D,D0237-M04,Device-0237,MNO-D,PROFILE-1ac295c6e257f60fa7f6
aura_rsp,BDD47B8D9AF7837B0ADD61B2BF8F4DC9,IAC-C841E349B044CDC9EF5DA6BC8E7C9BBE,D0237-M04,Device-0237,MNO-D,PROFILE-1ac295c6e257f60fa7f6
standard_rsp,846EFB8EFEE58D766D974D065D9E2F7E,MID-B80BB81039BCF436AD4F1A8AF4B85CF4,D0110-M03,Device-0110,MNO-C,PROFILE-09b5e59e6b852b84ab46
aura_rsp,660E6779678D5C4AD2754FDCB568DFCE,IAC-A7538CA8C58994F29F4E1EEF17BCA533,D0110-M03,Device-0110,MNO-C,PROFILE-09b5e59e6b852b84ab46
standard_rsp,8A02F7B84E36F76314EFE5C7B6CDBEB3,MID-A25B8C2CF5183F784AFCCA2583687E6F,D0014-M03,Device-0014,MNO-C,PROFILE-0ec2b9f336c69845ccd5
aura_rsp,B4139492149C5F8C8B19F92435CB3918,IAC-9F452E65BD1B6AB9BEA04C2639F0F50B,D0014-M03,Device-0014,MNO-C,PROFILE-0ec2b9f336c69845ccd5
standard_rsp,59384FA6CA6364A1DE23CF7FF2F0BEC2,MID-844189DC15E01E39084AAA09C168D27D,D0112-M02,Device-0112,MNO-B,PROFILE-f1719e043030f3494bbd
aura_rsp,784BD2256BBADAEFAEF9BFC10BE72155,IAC-CA08CB2FC5BF7C5CB2AEEC8250C255B8,D0112-M02,Device-0112,MNO-B,PROFILE-f1719e043030f3494bbd
standard_rsp,FFF75A870A59A1ACA1872EF2579B4723,MID-8177295CA566B3F59164EFA4B0EA6C28,D0149-M02,Device-0149,MNO-B,PROFILE-0b2a18d59b489f6b60be
aura_rsp,1AE8E96B31A4DA86DC1A7C49C2D2B342,IAC-50BC5738ABB453C8B39F20DE7A357FB5,D0149-M02,Device-0149,MNO-B,PROFILE-0b2a18d59b489f6b60be
standard_rsp,FF9594FFA20FBE22735EA52AA1CFC09D,MID-17F2263D5F1AF3A627811CB3E22B1062,D0189-M02,Device-0189,MNO-B,PROFILE-bfd482b7829b0e3d50c4
aura_rsp,DB023A29066D3DF83AB38BCD9C61EF68,IAC-E2DE7625ADECEE431ACEC18CFCB376C6,D0189-M02,Device-0189,MNO-B,PROFILE-bfd482b7829b0e3d50c4
standard_rsp,9A42AC324CC4EF9D5F72900EFC9D15B2,MID-E11B72AA3FF40C03CEC1568B35CD3D2F,D0036-M01,Device-0036,MNO-A,PROFILE-596d3079e2887cc0bdc3
aura_rsp,5DEFE907B552956418023BB643454443,IAC-2763FB2229EAB04AF98C73CE29A0629F,D0036-M01,Device-0036,MNO-A,PROFILE-596d3079e2887cc0bdc3
standard_rsp,B567150D5FA671AD6C1897DF182158F7,MID-86C3223CAC9F236DD9DFA003A64BEACD,D0144-M04,Device-0144,MNO-D,PROFILE-810d52cb1adc6700dfa2
aura_rsp,3400F007FF24F5193A01E70F0E94A35E,IAC-C63A7DC6711159465747517BCEBF4D7C,D0144-M04,Device-0144,MNO-D,PROFILE-810d52cb1adc6700dfa2
standard_rsp,581222ED489273EF66433554C206BD85,MID-D910329A4B72BEFBB46BF76D56810131,D0240-M03,Device-0240,MNO-C,PROFILE-f580e8ef327f6d131dc4
aura_rsp,36954DAA29F0B9ACC429ED4D7F20CEC3,IAC-B777BB3071FDEB13C17BB67CF3F9D5D2,D0240-M03,Device-0240,MNO-C,PROFILE-f580e8ef327f6d131dc4
standard_rsp,C3038F6573C0FC00A9DF7A04E3571C54,MID-0D3ED70E4B3BCA0C3D87183B766BD384,D0096-M04,Device-0096,MNO-D,PROFILE-38ee1ca101baa46e3f4a
aura_rsp,71AE4693318D57B9E278047D3727C214,IAC-5DB20E9D2F0EDEAA4C17702822215296,D0096-M04,Device-0096,MNO-D,PROFILE-38ee1ca101baa46e3f4a
standard_rsp,F24135DA7297524B16E0DEAC8DB6E3B3,MID-9F99A03B989610C05C06E0634E711857,D0155-M02,Device-0155,MNO-B,PROFILE-a14dd2d45a6bd086652e
aura_rsp,182951F3A516AB643408F29E2259B798,IAC-1E00C551EC8EA4F7693F800709DF987B,D0155-M02,Device-0155,MNO-B,PROFILE-a14dd2d45a6bd086652e
standard_rsp,9354EBFA7D6D1E7F9FAEE9241D7B6B8E,MID-90C08D677DEF8231DA62F61B71F5834C,D0205-M04,Device-0205,MNO-D,PROFILE-1f51ce6efe7598e9a663
aura_rsp,62C0C707A59E8D8D27673DEFEE1E6CE1,IAC-D076F77C49B946D1A83F253EB966144F,D0205-M04,Device-0205,MNO-D,PROFILE-1f51ce6efe7598e9a663
standard_rsp,BD2D5C95362442A3C355C5AC0EDF3DE0,MID-BCDE7053E8483B3FE1A3AD528F51D358,D0177-M01,Device-0177,MNO-A,PROFILE-edb5740ed46658b5b283
aura_rsp,4BE65BFDCA593153D54550D5D1439B99,IAC-5D0161DE76BB713DE95C0B967D18D5CC,D0177-M01,Device-0177,MNO-A,PROFILE-edb5740ed46658b5b283
standard_rsp,E02DD415A3E0848BF9669C1BF6B64E5F,MID-A5B36F5817EEF6CD79DEEBA06E87CBCB,D0012-M01,Device-0012,MNO-A,PROFILE-2c533cfba21caa3aae24
aura_rsp,5F2A03C432BFD1B6F1EF230C7E8968EC,IAC-2D81879D47EF763D077EA15943628E93,D0012-M01,Device-0012,MNO-A,PROFILE-2c533cfba21caa3aae24
standard_rsp,602F330A2082A2A575FAC0B4582C0CA2,MID-2F5A1E2E49C91DD2777C45433D6E234C,D0248-M04,Device-0248,MNO-D,PROFILE-74d9416a3c5b08abe06e
aura_rsp,CAF10D970594B5F08846CC151AA8C561,IAC-FED8E5C2C2E55311469526A19E19B5D1,D0248-M04,Device-0248,MNO-D,PROFILE-74d9416a3c5b08abe06e
standard_rsp,C90F819E0EE54025815E8B48A1C6AF0B,MID-70E97BD7522CE89C0BB0A48131B20121,D0116-M04,Device-0116,MNO-D,PROFILE-d75710cefa05da287169
aura_rsp,2247B533D016EBE41C3EE5BAB6D0B8FF,IAC-49E21010A3EB7D03B8EB95CDF2B41B81,D0116-M04,Device-0116,MNO-D,PROFILE-d75710cefa05da287169
standard_rsp,05ED6F81D975F171FD03654015FD23A4,MID-47417642D94B97765AC361FC4F8796C3,D0097-M04,Device-0097,MNO-D,PROFILE-07a41323ff3b42917bf9
aura_rsp,FF697EE6F3061A4FBDB6215233FC52B0,IAC-6873FF4CBE15DE9FF4EE958A418181D6,D0097-M04,Device-0097,MNO-D,PROFILE-07a41323ff3b42917bf9
standard_rsp,0F0E4F62A2A78E5159C1A0E17CB6B43F,MID-6CFCDEF00327548ADC7ADC4EE58F5B86,D0022-M04,Device-0022,MNO-D,PROFILE-7bf21fe551ec500e0fc2
aura_rsp,9F4F79CE5270B539A559F376D551D8D5,IAC-8FACF0DF1C0CAB26D3F5AC342D0AC958,D0022-M04,Device-0022,MNO-D,PROFILE-7bf21fe551ec500e0fc2
standard_rsp,1F7E7578E5A030AF3FC73590BE8C4244,MID-A5FD851283849047705DD3178283424E,D0067-M02,Device-0067,MNO-B,PROFILE-dfd54496b48b4d6601f5
aura_rsp,6EED2555DBE0878633A1F9DD3A2F0908,IAC-B35CCF2AE165F6B684757C856E7C857D,D0067-M02,Device-0067,MNO-B,PROFILE-dfd54496b48b4d6601f5
standard_rsp,81CF2F4FCDE0123AC9BD1A7F70D802F9,MID-ECBC0E939B1349CE785EDDA6A4AF17E6,D0157-M01,Device-0157,MNO-A,PROFILE-4d7f1395a19741033e12
aura_rsp,3CA6CE3E13A0A7B859ED851DEFC93C46,IAC-5A7E11937B16EAF9DFD22D4DAF77AC60,D0157-M01,Device-0157,MNO-A,PROFILE-4d7f1395a19741033e12
standard_rsp,B88961B7CB611540020B786CC0ED71EE,MID-C3F875F6FDD3E8DF8913C309C5736A16,D0013-M01,Device-0013,MNO-A,PROFILE-03ad4bc502cb39f864dc
aura_rsp,A2F98110FB157DFF33B48FAB4A869895,IAC-54D64018A646AF8DE32E6C71DB00652F,D0013-M01,Device-0013,MNO-A,PROFILE-03ad4bc502cb39f864dc
standard_rsp,065EB03F798ADEFD3B1509383873EEDC,MID-EB68E35469E29E90D3BDD9F429060F3E,D0033-M03,Device-0033,MNO-C,PROFILE-3506c1c4f9103bc92e98
aura_rsp,8971E755F24929B7A875A269F7A6254B,IAC-841F3938D1C35927AEF9E2B0B0990210,D0033-M03,Device-0033,MNO-C,PROFILE-3506c1c4f9103bc92e98
standard_rsp,3D4A82459D4204CE3490A276FF103090,MID-8CD7D75E60757643FBC86F4CE5295C0A,D0012-M02,Device-0012,MNO-B,PROFILE-1632651fe9242615a24e
aura_rsp,87C7D2556786BC9E3568C2B2750E67F5,IAC-C989EA609BB34CAE6125275B4BC1759F,D0012-M02,Device-0012,MNO-B,PROFILE-1632651fe9242615a24e
standard_rsp,F705F994C2EC26493A82AD5832E05B49,MID-DDCBDE40889BE2A481BB4DD72E02D569,D0137-M03,Device-0137,MNO-C,PROFILE-5904ac62c3bf1cf8602f
aura_rsp,860D38D702E7A0A558A016580C6AC507,IAC-EC0A9923054561AC96AC9E4A8080A978,D0137-M03,Device-0137,MNO-C,PROFILE-5904ac62c3bf1cf8602f
standard_rsp,7D6095DAA01A427C2371366652CCB21F,MID-ABA7B97AEF41FD39E781DDB40E638DD4,D0215-M04,Device-0215,MNO-D,PROFILE-ef7a9612cd20984a04cb
aura_rsp,F81FB3637C9789BDA8CC8E4A919B5744,IAC-A371B3D6EF3E5F37F392292B1BA8E7BE,D0215-M04,Device-0215,MNO-D,PROFILE-ef7a9612cd20984a04cb
standard_rsp,23F5E50EA3E7C318E181AECDFE133B09,MID-AD126F22B1A14089D26CA70D840B1903,D0034-M03,Device-0034,MNO-C,PROFILE-735b2a2959457fc1e4d5
aura_rsp,EC947CCBD98FA938CA42C6DA4DEEAE1F,IAC-7CA235CD16B3954AF884E1208414D427,D0034-M03,Device-0034,MNO-C,PROFILE-735b2a2959457fc1e4d5
standard_rsp,9294E3157594773091AA7F727D0D435C,MID-940BA3687F055D526F4C0AE1E7AEF5C4,D0076-M02,Device-0076,MNO-B,PROFILE-31ec9670ff39e03f9046
aura_rsp,3CA270D4B022C8D0BD572795CE1DEDBA,IAC-3DDF26BE06853B004F11C4FDD49F5D97,D0076-M02,Device-0076,MNO-B,PROFILE-31ec9670ff39e03f9046
standard_rsp,E4D1892E719601B00225E2BE04E0B079,MID-4B2B073C8EB6BE903B92F4701D100079,D0159-M01,Device-0159,MNO-A,PROFILE-ecc0102a15df90dc6177
aura_rsp,7ACEC616E2DD33BE2CEAE91DBF302B0D,IAC-8BE42DC76C3667177F606D044D44DB40,D0159-M01,Device-0159,MNO-A,PROFILE-ecc0102a15df90dc6177
standard_rsp,D56932D18338A817AF09896BEC72AF21,MID-94D545F115CDF4923C3EE5F7600851FF,D0062-M04,Device-0062,MNO-D,PROFILE-2b40eade8266f07fc6d6
aura_rsp,9CABA494EA682AEBB60A6D2D5F170944,IAC-286EACD920C9D11DD1080F91726C9B1B,D0062-M04,Device-0062,MNO-D,PROFILE-2b40eade8266f07fc6d6
standard_rsp,35B31FAF4893524F03F3E5A7C09DE886,MID-4A6FADB6848A7039A5AA7ED928AD2B42,D0250-M03,Device-0250,MNO-C,PROFILE-91bb97e870b388696c76
aura_rsp,169AE9F3B323B6490589879716C57BD9,IAC-45D08DDEAB1C123010AF5F699E3F5F39,D0250-M03,Device-0250,MNO-C,PROFILE-91bb97e870b388696c76
standard_rsp,5FD34A73E96FD96EA71E5C522D955971,MID-39AE6DDFE1146A0095305EBFBF7E7971,D0113-M03,Device-0113,MNO-C,PROFILE-bddd4e93c3d9afa9fef7
aura_rsp,8216223A3C1894D7C052E3F7E5EC802F,IAC-65E45199A93B9E155C48CACE3214128D,D0113-M03,Device-0113,MNO-C,PROFILE-bddd4e93c3d9afa9fef7
standard_rsp,B3D0AC47C4A6663DACCACDD1E165CA00,MID-6F2DBA9B7856F3F6D09B32736A687FBC,D0106-M02,Device-0106,MNO-B,PROFILE-2c271bf6b95a29b5588b
aura_rsp,9ACEFA3A6FF9FEFBE7C606878AA89EA1,IAC-CCE94F34D1C86759D84AEB18951D3028,D0106-M02,Device-0106,MNO-B,PROFILE-2c271bf6b95a29b5588b
standard_rsp,B29794FB3ABC290A5822A81BA83B5F85,MID-606CC04E426E2AA2C3F1D3F2CC3C1E55,D0169-M04,Device-0169,MNO-D,PROFILE-54ea8943420d493ca9cf
aura_rsp,DA0CE96E6CF573C50FAD648007CDB56F,IAC-B89EC7DBB6AE1E91261FA8D89A248438,D0169-M04,Device-0169,MNO-D,PROFILE-54ea8943420d493ca9cf
standard_rsp,E02B22DC0D8E12D2FA9BB7F0C0B4A164,MID-2B6EFA069843662E83DFF8E735716581,D0225-M01,Device-0225,MNO-A,PROFILE-410d7efa82627c61bc22
aura_rsp,3B8A893A6EF4A8DB3C8E460F9C40855F,IAC-F4A824ABF1C37F62A9DAC5CA9A698A88,D0225-M01,Device-0225,MNO-A,PROFILE-410d7efa82627c61bc22
standard_rsp,31B5A976EBC104C439DF8304FDBA89BF,MID-845F4F2C650AA2F6F4A42D39094B40EC,D0082-M04,Device-0082,MNO-D,PROFILE-f09667c8fced73626ba9
aura_rsp,959F3D4A2BAE9DD935E1AD1C7286BF1E,IAC-F7D995D8E3B09BC89928AE6E4329892C,D0082-M04,Device-0082,MNO-D,PROFILE-f09667c8fced73626ba9
standard_rsp,996E4C1AF9095CD7C98BECAEE915273A,MID-7D1E1ABD30D76F6572BBDBD984256EC0,D0183-M01,Device-0183,MNO-A,PROFILE-544adc0b8345544e33cd
aura_rsp,2FAAAF03C2D4DE3657B9A27E41CF51A8,IAC-869825FB0722ADE940B33E9FC3838D44,D0183-M01,Device-0183,MNO-A,PROFILE-544adc0b8345544e33cd
standard_rsp,053CBED0B56AD5F83AF33E57E673FC13,MID-95F3D77A8AA1CB915DE8F91637DDD310,D0021-M02,Device-0021,MNO-B,PROFILE-3d85f3664b8ff8f49eaa
aura_rsp,F56DFA02C6726D7C9C70D51585D754EA,IAC-1DB058D6B4F606C865C36DF130E42929,D0021-M02,Device-0021,MNO-B,PROFILE-3d85f3664b8ff8f49eaa
standard_rsp,3EC688D96F952742A44F8142216FAF8C,MID-52CD1DA66E6C2127053C03B21A903B44,D0229-M01,Device-0229,MNO-A,PROFILE-95d4be5ff2359bb91ec3
aura_rsp,5616405794B8AC21CD54C1FC04563EEB,IAC-9509B172C4533C6F750CE659AC456B73,D0229-M01,Device-0229,MNO-A,PROFILE-95d4be5ff2359bb91ec3
standard_rsp,127AAB546A66BE4E43041D8778A84F1E,MID-05820A97D69363C0A9B27F07F5D220E1,D0196-M02,Device-0196,MNO-B,PROFILE-9b5bdb5916ea131f682d
aura_rsp,C3FEFBF0C675032AB686D8B2C0E2C117,IAC-B6E053965263BDB5BE25F20E0F8C2D23,D0196-M02,Device-0196,MNO-B,PROFILE-9b5bdb5916ea131f682d
standard_rsp,6C76FFDCE3328833E860E56FD81FF86A,MID-B8050AC9106C016E5F8A5A7301BDFAFF,D0052-M04,Device-0052,MNO-D,PROFILE-e1be947464aec7b03b3e
aura_rsp,933CC16B5CA6673C01ABF66F2B1E5F26,IAC-556DB3CECF2A93706ED814BA4C28929B,D0052-M04,Device-0052,MNO-D,PROFILE-e1be947464aec7b03b3e
standard_rsp,02E24C6D5662BFC24AEF1C1221F76F70,MID-17951AC0574C77E8A56556E850042D91,D0194-M03,Device-0194,MNO-C,PROFILE-4d26128abae7a4281f10
aura_rsp,3B8CF3F3404E621D5988DEE6EC971B60,IAC-C6C7FB6765B327E463273F996235EEAB,D0194-M03,Device-0194,MNO-C,PROFILE-4d26128abae7a4281f10
standard_rsp,35C3251869BDD91CD03A3DA3E6A2D012,MID-3ACDAD4DA05A7413EB31BAD920683742,D0058-M04,Device-0058,MNO-D,PROFILE-adf267485ebfdf43752f
aura_rsp,24F64BF5BC889833F8BF40AEF189031F,IAC-D3CE307DEA09BDA2272F588E3EA739D2,D0058-M04,Device-0058,MNO-D,PROFILE-adf267485ebfdf43752f
standard_rsp,B221F945744114665679C34B4E7CD776,MID-E3D6472E0BB86475E2A0470DB307A121,D0237-M03,Device-0237,MNO-C,PROFILE-bcecbd12be8657fecc4b
aura_rsp,17A47E87E910FB3C52445757A3384848,IAC-50C63977DAF08129493ECCFD3A288AF8,D0237-M03,Device-0237,MNO-C,PROFILE-bcecbd12be8657fecc4b
standard_rsp,9FD7BE9786617A0255654BF0D043ED16,MID-4AA71031A6209CF7F2C59588B55A93FF,D0050-M03,Device-0050,MNO-C,PROFILE-07d72141ee6b75b3c27e
aura_rsp,94E3C47F36C5E4B8E2AF7E179E127E38,IAC-ADE42BB319E7C5FB386330ADF9F7BEFA,D0050-M03,Device-0050,MNO-C,PROFILE-07d72141ee6b75b3c27e
standard_rsp,E54B501FEC711097CDA7331C3A0E0C46,MID-5488CC1A56DA76517BE389AE11EF4ACF,D0131-M02,Device-0131,MNO-B,PROFILE-3c469a4b1710fbfd0a50
aura_rsp,089A561BB873789A534CBF95333036A9,IAC-487E3BB759AED981298ADE5D217E4A61,D0131-M02,Device-0131,MNO-B,PROFILE-3c469a4b1710fbfd0a50
standard_rsp,C6CFF9DC645F253F3171F966C2D6E147,MID-1231297FDA67530DC2AB29F6B5F601C6,D0031-M02,Device-0031,MNO-B,PROFILE-4b28003d2c70cb137e29
aura_rsp,CBD380A5F0D8133842BEBB84DFB37CA4,IAC-8AFF2E8B99C55A4545BC84CA49120709,D0031-M02,Device-0031,MNO-B,PROFILE-4b28003d2c70cb137e29
standard_rsp,EC78E498AFC7B0734EAC0D46839FB4F6,MID-77B9CD99AC37BBCAA4BD6E48A9944393,D0151-M04,Device-0151,MNO-D,PROFILE-eeff0856f70076179333
aura_rsp,823DF698EF5296348055CE3C5C1E5CDE,IAC-5434190F5C636DD58AFAD2EB5A0FA22A,D0151-M04,Device-0151,MNO-D,PROFILE-eeff0856f70076179333
standard_rsp,A712C19913D4E96645B59C7B8D9534CE,MID-730D7B5A69524352C2F898E33F019691,D0216-M03,Device-0216,MNO-C,PROFILE-8b5ffbca4133f1d89428
aura_rsp,5BF06C1C293E308F04B83B23B176AA6F,IAC-7783C22F44FC2332B9D6FE0AC7DDD698,D0216-M03,Device-0216,MNO-C,PROFILE-8b5ffbca4133f1d89428
standard_rsp,1705D448291551E89F4C912E060D31EA,MID-67FF754DA51A3DA5E0FFA6D846A87DA0,D0101-M03,Device-0101,MNO-C,PROFILE-f162844b9ca3d4622db2
aura_rsp,CE3F9CDEA5B3B1F52C8754BCED9BBA3B,IAC-01D510792A1A0A6E1424A94412007AE0,D0101-M03,Device-0101,MNO-C,PROFILE-f162844b9ca3d4622db2
standard_rsp,71B584D5AFD23F2AFEB9B97F318ED433,MID-89FF54D7C7B81395C14F4CAD6060DFA7,D0007-M02,Device-0007,MNO-B,PROFILE-8dfdf2fcb78c5bcdfe85
aura_rsp,38C4F73E8EB43A2CF31D2CD572FC8DD7,IAC-EB602FAD81E3893AC196A190279352E0,D0007-M02,Device-0007,MNO-B,PROFILE-8dfdf2fcb78c5bcdfe85
standard_rsp,4D395D2C0099BF2F196B788AF94C4E0F,MID-F584548E450B215E961CB4E03385A152,D0073-M04,Device-0073,MNO-D,PROFILE-ccdd5132a74d6e5110d1
aura_rsp,138120A491A90F7ACCBBB12A4153BCE5,IAC-92A11B90A929D78CF5829A7AF2C90A63,D0073-M04,Device-0073,MNO-D,PROFILE-ccdd5132a74d6e5110d1
standard_rsp,3B9A5C0EA1A911D88EC50F5B82975CDD,MID-0E66CFC381BA1DE8582BA418004AF1F1,D0004-M03,Device-0004,MNO-C,PROFILE-e66dddb2ec52b51885aa
aura_rsp,3360A6BB6361DA5739E0408D9501B5EF,IAC-B5534865E8D5366A5EBBBD394068E82E,D0004-M03,Device-0004,MNO-C,PROFILE-e66dddb2ec52b51885aa
standard_rsp,79010CAD69A587F5F03B464621F4287D,MID-C25DEE1E33B8C3AFAD55BF8BC6058DBB,D0118-M03,Device-0118,MNO-C,PROFILE-a7be1f7589178445643d
aura_rsp,5636506FB41431F16DC902BD529D6B63,IAC-EC59551C2651C5BB03435A1AB510FF4D,D0118-M03,Device-0118,MNO-C,PROFILE-a7be1f7589178445643d
standard_rsp,F109B590DA813EC724C8E9874B255E2D,MID-567F18AE153C9A2BE149B5D8ABAA817F,D0206-M01,Device-0206,MNO-A,PROFILE-4e312983aab7da8b7bda
aura_rsp,C38555C80FB15A0E61CE174A3A61BCD2,IAC-DA771AE82EC9BF844BF2DCF385CAB26F,D0206-M01,Device-0206,MNO-A,PROFILE-4e312983aab7da8b7bda
standard_rsp,37B107A3BEB00DF577ADD764CDB17942,MID-2A9438E6EB4DDBB3B1DA99DE753D9190,D0209-M02,Device-0209,MNO-B,PROFILE-b9e4a98cce822adb2916
aura_rsp,417C5B8DE5E94EFBC606411B7B57C477,IAC-B07ADD18A266E6430676CA3DBD6A4FDA,D0209-M02,Device-0209,MNO-B,PROFILE-b9e4a98cce822adb2916
standard_rsp,78232F2931E2C0B98B2259D0CDDBC058,MID-454A8AE063CB7B3B96B7868D81BF36BE,D0080-M03,Device-0080,MNO-C,PROFILE-fef9364447dd86bc5a5e
aura_rsp,18324EB15F363F70CE106CC3A7E60EE1,IAC-8AD8468F4EEDE997365569653783211D,D0080-M03,Device-0080,MNO-C,PROFILE-fef9364447dd86bc5a5e
standard_rsp,BBF8A1CEFB6E80F73373B9EC01924F05,MID-15DEA2F33FF3167499E7F50CC8C46FC2,D0210-M03,Device-0210,MNO-C,PROFILE-e15d186761efb3fbc7d1
aura_rsp,42A455F0A583FFBCB2C55E0040D2C376,IAC-A1A7797C5B4037A923F101B8F7507B81,D0210-M03,Device-0210,MNO-C,PROFILE-e15d186761efb3fbc7d1
standard_rsp,FBB344B17EEC1E1DAF273473AE5C533C,MID-A039D353178777D9CAB16D0085656529,D0093-M01,Device-0093,MNO-A,PROFILE-0b5712ddf338b40274a1
aura_rsp,780C3CA1BC8BF0EB37F12ADD74573CDB,IAC-6AF7D5B998EC507CDCD49FD53F50AF7B,D0093-M01,Device-0093,MNO-A,PROFILE-0b5712ddf338b40274a1
standard_rsp,2246C57587E40817DA1616C503E2E894,MID-279E959FB59F580D56AEC83DFD9D7C8B,D0138-M04,Device-0138,MNO-D,PROFILE-4035dc54b9b45c4fab00
aura_rsp,2F11C9F211105E4DBBC8169AF64D0D13,IAC-196E12471053BF624316D10145D5EEB8,D0138-M04,Device-0138,MNO-D,PROFILE-4035dc54b9b45c4fab00
standard_rsp,87E1657221C9F2AE2B41B9C9CF8C5CF4,MID-6EA13AC3049BE089188A5C700C424E93,D0248-M01,Device-0248,MNO-A,PROFILE-e2a9fd3fe377296e32ec
aura_rsp,C5C1BC52F4CE7930AE0AC42E038CC375,IAC-9EEF24C713B0EA262CD750DFD2E64D16,D0248-M01,Device-0248,MNO-A,PROFILE-e2a9fd3fe377296e32ec
standard_rsp,F7A62151C0CFC28975462B14734C3E60,MID-16644B3FE4EF547536356215FE58BCBE,D0165-M04,Device-0165,MNO-D,PROFILE-cbbdc0babd811cf41ddf
aura_rsp,2B998180AA10C071B68C7A834BB15C33,IAC-9F42CA6EC4F463985EC49551927BD4AC,D0165-M04,Device-0165,MNO-D,PROFILE-cbbdc0babd811cf41ddf
standard_rsp,A5FB575DB62B3A04792A53BF8944E214,MID-EB35422B7A3ADD69BEAF223D2CF0B4A5,D0137-M01,Device-0137,MNO-A,PROFILE-5567fc046d182e847280
aura_rsp,14D747A43A0323B397558E80D0448A26,IAC-A5034D63957C689D322C690ED652C9E6,D0137-M01,Device-0137,MNO-A,PROFILE-5567fc046d182e847280
standard_rsp,6656C999A8E590CF9C7DFDE797AE1C8C,MID-86FA3B388CB8FC9CB5343354811B42D4,D0180-M04,Device-0180,MNO-D,PROFILE-c4365ad57db6d39ff633
aura_rsp,8F6F81541153EAFF1C8EF5E7E2560E9C,IAC-E55EFDF7FCA6A96711FF0F916FE77C2B,D0180-M04,Device-0180,MNO-D,PROFILE-c4365ad57db6d39ff633
standard_rsp,077008B9F1B6D82E99B1FF2963695BD7,MID-543483C5C21474B1752FB335C7D1B0D9,D0033-M01,Device-0033,MNO-A,PROFILE-36e3a8a9b5720681266f
aura_rsp,AA278BD042A9F9CFD70E228223C6ADBE,IAC-F88FD98ABBA7927F16B6C51315B0103D,D0033-M01,Device-0033,MNO-A,PROFILE-36e3a8a9b5720681266f
standard_rsp,6F585346D21867B6C5599FBAB156A637,MID-E417C247E39D6B3611FAA787C3777291,D0056-M02,Device-0056,MNO-B,PROFILE-18625a70f21d4163aa33
aura_rsp,F33986360B4A99FCD5ADDCEC2BEE189E,IAC-680B428221821507D1D6B584B4D1FF5F,D0056-M02,Device-0056,MNO-B,PROFILE-18625a70f21d4163aa33
standard_rsp,5C4DB1951972CD5C69D1DDB435E96BA0,MID-D6D39854009F4BBB14D1664058A40B69,D0127-M03,Device-0127,MNO-C,PROFILE-45a91ba86239ea0dde48
aura_rsp,F4037AB77B998E445AF111C7AD3D81F2,IAC-43D81E367D1C197611FF248227F05751,D0127-M03,Device-0127,MNO-C,PROFILE-45a91ba86239ea0dde48
standard_rsp,9CC13D6A7E6CB528494FB145A8DF3FC1,MID-9A160E655AF5C6B62B15FDAC58BACE07,D0177-M03,Device-0177,MNO-C,PROFILE-c5a0cadd6956f3bbecc3
aura_rsp,DCDB5F10F079D5FEB2CEA1764FDE8080,IAC-41F7D8597E91EE724F1E4B540CCC1511,D0177-M03,Device-0177,MNO-C,PROFILE-c5a0cadd6956f3bbecc3
standard_rsp,B1A771C127BD8543D06BCEF85C918441,MID-B3F7A0177A81FB29BB322467A9188B3B,D0250-M04,Device-0250,MNO-D,PROFILE-68e9fc499a8af4f68c71
aura_rsp,00FAA91B30831F7BFCB2CA0672639B79,IAC-774CE239A169307804362C19FFAF022D,D0250-M04,Device-0250,MNO-D,PROFILE-68e9fc499a8af4f68c71
standard_rsp,86FBFDC0FC0292FBE6D66AA59BCBB5C0,MID-AF5C11005ADD1F7CC7B7A5AB9F1F8FEA,D0164-M03,Device-0164,MNO-C,PROFILE-7e09d7c34c19312606f5
aura_rsp,EC00A8FC19AB2EB559CCC44085CE9D41,IAC-C0F00B6F24D0D4A283654420C8BCA350,D0164-M03,Device-0164,MNO-C,PROFILE-7e09d7c34c19312606f5
standard_rsp,B99143CFA794D678D1BE0953EF440D24,MID-1CF23B12143D760385D752D69D8EE27F,D0152-M01,Device-0152,MNO-A,PROFILE-3bef81418f18077cb6ef
aura_rsp,33AC44864727B32B3B341C700900234B,IAC-ADFE1BE09B327471241C18177336AB02,D0152-M01,Device-0152,MNO-A,PROFILE-3bef81418f18077cb6ef
standard_rsp,B6029FCEAA0F030D0CC80E00C6E0E1CA,MID-38C690F3A4ECF00C994DC0AC67DFF150,D0136-M01,Device-0136,MNO-A,PROFILE-432dc0a9789d217269fe
aura_rsp,EABA54F0EDAFD046A2564B538F699494,IAC-0AA61E38D0726FF04A1DF4CB5FBDB731,D0136-M01,Device-0136,MNO-A,PROFILE-432dc0a9789d217269fe
standard_rsp,A43457C3331610823F78786ADF0BCB5C,MID-3EB9CA2AADC4F6ECA802E3215D0DE8EF,D0166-M04,Device-0166,MNO-D,PROFILE-df4d9e58737c25e5ea4d
aura_rsp,F11C6D03229755866A4F624ECDFCFCB6,IAC-53B5F169BB5C6484FA38BD845F449FA6,D0166-M04,Device-0166,MNO-D,PROFILE-df4d9e58737c25e5ea4d
standard_rsp,504E230B709C3349DD554227DA57FE4C,MID-949A561F15B026CB777E204190026A69,D0035-M01,Device-0035,MNO-A,PROFILE-86e7cc84c31c0f0f2bd0
aura_rsp,0BB0C604C3E15120FDC4AB72065F173D,IAC-533C56977C1EF57253220CC5484A1B88,D0035-M01,Device-0035,MNO-A,PROFILE-86e7cc84c31c0f0f2bd0
standard_rsp,CFE7684C18CA215E51258B32062ADB97,MID-161490A173F4F1DFD94A46D8E818FB1F,D0048-M03,Device-0048,MNO-C,PROFILE-223ddf7e8bdd31345382
aura_rsp,10B37DCA6F465098E440B88C55394301,IAC-CBABE9B75B11FB2741C1599991364A55,D0048-M03,Device-0048,MNO-C,PROFILE-223ddf7e8bdd31345382
standard_rsp,65385A0A916D14693E9194EA51A9F8EC,MID-B379655E770333327609FB3CB0C19EB9,D0182-M02,Device-0182,MNO-B,PROFILE-505d936d565c75408010
aura_rsp,BC99BAE006F49CFB3682EE249C2BAF02,IAC-54F676D5D27771446761C370E654E440,D0182-M02,Device-0182,MNO-B,PROFILE-505d936d565c75408010
standard_rsp,C3BA17659561B98614FB9894E9BA92FD,MID-AA37510F583879190A862D7E925A9C77,D0212-M02,Device-0212,MNO-B,PROFILE-301d9e529d505741e607
aura_rsp,5D9682C856424B234AAD62A75EC9C3A0,IAC-F17831CB8087B9BBD1498F9A6FD16BDC,D0212-M02,Device-0212,MNO-B,PROFILE-301d9e529d505741e607
standard_rsp,92057D2B7456EF9F2E98B35578066C82,MID-D93FBBBA6475229B45EF0D56BD3FAB14,D0156-M03,Device-0156,MNO-C,PROFILE-d549b52b0f46f0ecfc98
aura_rsp,7AC06B8088BFD1345DF848993B139301,IAC-36C910EED66744887C1C7DF4F08427BC,D0156-M03,Device-0156,MNO-C,PROFILE-d549b52b0f46f0ecfc98
standard_rsp,2B4041667816DC902E1C34E16FFD959C,MID-4E619731861E42B54213D29E3681EEA0,D0029-M04,Device-0029,MNO-D,PROFILE-c3ac0facb3e2cf5d6a60
aura_rsp,C570C1E8980C66DEC9E86AE051F7082F,IAC-B3A1AA01DDFD25E62DBA47E56264BFE8,D0029-M04,Device-0029,MNO-D,PROFILE-c3ac0facb3e2cf5d6a60
standard_rsp,554004FB4F88051160962F9E8A58ED2F,MID-A40735C8712CA24C271354BA220118AB,D0205-M02,Device-0205,MNO-B,PROFILE-71e000397096d62025c4
aura_rsp,1704EF5F5EAEAD840421501381D97475,IAC-74D0CD57CA85E91798204CDC8790273D,D0205-M02,Device-0205,MNO-B,PROFILE-71e000397096d62025c4
standard_rsp,B5F91C0895A6AFF0D83B6DA858B242A6,MID-900EB830A32BBEDA69B7345C1EF23AB4,D0074-M01,Device-0074,MNO-A,PROFILE-ee7d18da85bd73d622f2
aura_rsp,8FF8EDEC465EC82E470C92287C75F54B,IAC-4E10D2F68D9E20EADD004012C8E14603,D0074-M01,Device-0074,MNO-A,PROFILE-ee7d18da85bd73d622f2
standard_rsp,A0F2F68B293820FB9D1EC495815896BD,MID-627657916E74652E91D172357D1D9AA6,D0100-M02,Device-0100,MNO-B,PROFILE-e5ada90e9a276ae8c0b7
aura_rsp,A6991A2F7894C9DCB496C5D957ACD68D,IAC-FC036904C51FA39DE244C4CD30B5BBFA,D0100-M02,Device-0100,MNO-B,PROFILE-e5ada90e9a276ae8c0b7
standard_rsp,78981906CCD265D0EE67280C3AE90BC4,MID-8509F1AB32E41135140982DE0A0448A1,D0162-M03,Device-0162,MNO-C,PROFILE-a32843e3666caacca193
aura_rsp,932D65CF575C2A26D3F974D04C9ED4A1,IAC-FF7B3622E70FB636C6317FE2DD3CFDA7,D0162-M03,Device-0162,MNO-C,PROFILE-a32843e3666caacca193
standard_rsp,3603FCFD8D6999FF447CFCCDD23EBEF3,MID-4140B9483A09F960F217AD14B3A241EB,D0236-M04,Device-0236,MNO-D,PROFILE-e21dd1e42bf552214dd0
aura_rsp,5382A24075A728B5572897678ABE02BB,IAC-04D550165C926A493D141A5B0C9649EB,D0236-M04,Device-0236,MNO-D,PROFILE-e21dd1e42bf552214dd0
standard_rsp,88FEDF12418B783535F88E6696F732D0,MID-B176E79A6C442A00BD0C5D6CDBF272C4,D0050-M04,Device-0050,MNO-D,PROFILE-8f3a8d1e63de8a1809b6
aura_rsp,FC4FCF70E3AA5C409C8F84A2AE899196,IAC-C5AC5C1C5B2A20A1F5FE847BC5908B2B,D0050-M04,Device-0050,MNO-D,PROFILE-8f3a8d1e63de8a1809b6
standard_rsp,2F6204C4C0CFF69F00872E35D6CECBC5,MID-342B1DEAC923C5989BB18DC348349C2B,D0223-M01,Device-0223,MNO-A,PROFILE-305641c105ea206b9ac6
aura_rsp,168FD5AD68D5B163009791A34A7F8F6A,IAC-9ECAE08E6FF9A556AC2872B694089644,D0223-M01,Device-0223,MNO-A,PROFILE-305641c105ea206b9ac6
standard_rsp,51E0542CD202FCAE79D56FC47C57791F,MID-5088F64B557E213A3266B47CA3CB1E7E,D0133-M03,Device-0133,MNO-C,PROFILE-a01699409f40af70f037
aura_rsp,284FA604F1FC254C6B64A60D73450F2B,IAC-39EAB955D0565836A2B0B00DEF560B83,D0133-M03,Device-0133,MNO-C,PROFILE-a01699409f40af70f037
standard_rsp,3D94F47FB4AF323A93A5EDE666A4430C,MID-7C57F4DC7FC9FA1C47005AA64DF9B654,D0015-M01,Device-0015,MNO-A,PROFILE-91e0b53d704532426abc
aura_rsp,8A0BE63111C18ABE7F1B3786A6DE412A,IAC-EC377A5822FE7CD69DB98D4803D7B2D5,D0015-M01,Device-0015,MNO-A,PROFILE-91e0b53d704532426abc
standard_rsp,9CCDD9DD232D8B7DAEF74A599A254556,MID-C12BCE14D46371DFE472692FDADB2A27,D0135-M01,Device-0135,MNO-A,PROFILE-9a8658e6aa5b2edf0744
aura_rsp,F28F94CBC60D4F3AD1098A6303D66440,IAC-24BDC6E19C53E3F89A5D9DFC625168CE,D0135-M01,Device-0135,MNO-A,PROFILE-9a8658e6aa5b2edf0744
standard_rsp,E04CCE256941CA7E7AC82AFA9EA27F32,MID-95444FB0C757B23370EA62A9C4D63E1E,D0021-M04,Device-0021,MNO-D,PROFILE-fa0065dd8cc368cc2026
aura_rsp,887605A0825F99E8402BD5959F2941AB,IAC-FBEF3843ADB8FAE67ACF90CA7C1DC7B8,D0021-M04,Device-0021,MNO-D,PROFILE-fa0065dd8cc368cc2026
standard_rsp,C75CDEFB7A64CD07CCEB32D48520D04D,MID-DB13060130C8F4CFA6A50229064BB757,D0100-M04,Device-0100,MNO-D,PROFILE-79bda3e51eab17da0876
aura_rsp,A9D9843554276FC9DFE372164CB89360,IAC-88FFFEBA1FF5946190C57D26C0D20E57,D0100-M04,Device-0100,MNO-D,PROFILE-79bda3e51eab17da0876
standard_rsp,090D219DB34050C0F5717F732A75448A,MID-BC00EF877AFD3B8721724303D41D894F,D0171-M02,Device-0171,MNO-B,PROFILE-6e60347675166a34fd07
aura_rsp,568B29F953B7E2CF5AB9A1DCDB51C87C,IAC-C21CD17F2BC4D4D6369F9DE3B5884E68,D0171-M02,Device-0171,MNO-B,PROFILE-6e60347675166a34fd07
standard_rsp,92C17D5E871FC1E6263B1787BBEED1DF,MID-2A13348A922D9CBF2BD5FCABE5594983,D0176-M04,Device-0176,MNO-D,PROFILE-8d0b634834d4871ecc37
aura_rsp,7CA238AFF313E240F5C5A165CFD41616,IAC-0F863DE8C6A07BD15B1C409B239D1266,D0176-M04,Device-0176,MNO-D,PROFILE-8d0b634834d4871ecc37
standard_rsp,64FE61063F09ABE24564374831EE6E2F,MID-6122CB32B0699D166B6C929178F4302C,D0029-M01,Device-0029,MNO-A,PROFILE-56c5a6389a87df57736a
aura_rsp,D515AA4104B3B03C0B4C614AB7C38323,IAC-ADD1DBD9209FCD8D8E85C872CE39FACF,D0029-M01,Device-0029,MNO-A,PROFILE-56c5a6389a87df57736a
standard_rsp,433A1F541B844E585F4588CC4025AC05,MID-9003D1B94E0C0652A66D0FC25F15E114,D0235-M03,Device-0235,MNO-C,PROFILE-74045ad8212a1def433d
aura_rsp,5383D3FFC43A1B38969D0EF66249AB65,IAC-5B67CFB2850E313C10C5D3212044E5DE,D0235-M03,Device-0235,MNO-C,PROFILE-74045ad8212a1def433d
standard_rsp,5847D393C77C6DB18CD447BCC96E3FF5,MID-979890FFD8C122FD5F51A7ADE59453D3,D0227-M02,Device-0227,MNO-B,PROFILE-f0ae5bcd44800ee3d842
aura_rsp,A0ED519B4687274BD8012D3760C8CFD4,IAC-ACF4B6698F8A25FBA0F0523BC5FBFABC,D0227-M02,Device-0227,MNO-B,PROFILE-f0ae5bcd44800ee3d842
standard_rsp,6E893422870BF983986F11FC49FD9F3B,MID-72413530B4C781F830C74D11A48342CD,D0208-M04,Device-0208,MNO-D,PROFILE-52d40782bc8a97053a0c
aura_rsp,B53A358F7DE2C21D0218D58A6676760B,IAC-BF39294847B86B88C022520EBD55F17E,D0208-M04,Device-0208,MNO-D,PROFILE-52d40782bc8a97053a0c
standard_rsp,24DCB43A493595DF54FD24A677653C7E,MID-C4F9EF844BFAFA81F7638E5BEC697589,D0211-M01,Device-0211,MNO-A,PROFILE-8e137b9366e9576fca94
aura_rsp,965505FFBB8DCDB923B6D4900AEEBF61,IAC-32E0202F17109F104B39C966B9BCACFF,D0211-M01,Device-0211,MNO-A,PROFILE-8e137b9366e9576fca94
standard_rsp,626ABAE43529ED3CC0865345C4D05C04,MID-3B0419CA20506101C48047897492C4F4,D0238-M01,Device-0238,MNO-A,PROFILE-3d10b5187ba76c4d91c9
aura_rsp,D0531DD2A3C67921A6961793DA59F09D,IAC-AF812E7919C42F8B069C182A3028062C,D0238-M01,Device-0238,MNO-A,PROFILE-3d10b5187ba76c4d91c9
standard_rsp,8BDA3085272E23072F6B5ED1FD1731A7,MID-714F0A93353E2D26A51434C17C9DD89C,D0174-M03,Device-0174,MNO-C,PROFILE-c9fdc746d19d38e9db5a
aura_rsp,E292E0FDD78B74069E1B8069750DD175,IAC-3B73AE7648FA41D5B6BE028D99D4136C,D0174-M03,Device-0174,MNO-C,PROFILE-c9fdc746d19d38e9db5a
standard_rsp,3419B8714E0E63722139D43B057A687B,MID-15FAC4D1189EE0AA8104E94641E5D4ED,D0132-M01,Device-0132,MNO-A,PROFILE-a36b0d3090985e90b60c
aura_rsp,7299B64A3622AEACF06C837F0F3E23DF,IAC-DDAD1A66506F08B4D5D5F7C51814461A,D0132-M01,Device-0132,MNO-A,PROFILE-a36b0d3090985e90b60c
standard_rsp,5CD59ACD0631649B4FA4C822AE069343,MID-606356C9832C369EE8F168699344FF6F,D0131-M01,Device-0131,MNO-A,PROFILE-6edf3a6abe9f838b66ab
aura_rsp,726062FBC816606E9AF02F96679D3D85,IAC-4D200D8F370721BD9929E72E4A1DCE7E,D0131-M01,Device-0131,MNO-A,PROFILE-6edf3a6abe9f838b66ab
standard_rsp,EA88A2291A4EAC88CB8C92689BBD1D47,MID-A2CC178EC7B6A451E315A61C116F65CC,D0050-M02,Device-0050,MNO-B,PROFILE-f3259fd655b80095c89d
aura_rsp,7AD62376417CA1D13C69C119648668DD,IAC-E5298A7C883B5777AC6ADF4A5B4E7DDF,D0050-M02,Device-0050,MNO-B,PROFILE-f3259fd655b80095c89d
standard_rsp,8CC7AF11ACB0E060F1960B914AD152F1,MID-2B20BE72866A33F1BD2CE4239C7C8ABA,D0228-M01,Device-0228,MNO-A,PROFILE-c6f8b5d4b09b7ec84627
aura_rsp,2D7414608DF22492EE128F801684881B,IAC-D8A2293D9F8AB4131B50FEE40787D710,D0228-M01,Device-0228,MNO-A,PROFILE-c6f8b5d4b09b7ec84627
standard_rsp,1F862EA353FBB0B77923452D6815CED6,MID-3934641D5DEBEE37B8987CBF6007EE47,D0119-M04,Device-0119,MNO-D,PROFILE-c9bd926d4fff4099b65a
aura_rsp,32D82D3748BA6B05041BA1E1DE673239,IAC-1C6B3C549E649FC8222EE20D91CEA4DB,D0119-M04,Device-0119,MNO-D,PROFILE-c9bd926d4fff4099b65a
standard_rsp,0B48B499531F367474FDFE0F1B83BDF4,MID-F01E7156455FB94DFE3761C6BC10E793,D0238-M03,Device-0238,MNO-C,PROFILE-7121395de41715ce0dd2
aura_rsp,41392037FE92A2B3B206FE9EE57F356E,IAC-CB752250E7932197C6599A226F73FC9F,D0238-M03,Device-0238,MNO-C,PROFILE-7121395de41715ce0dd2
standard_rsp,2B8D8FE7E75BA10BCB4D57EF99E7468A,MID-419D726CA1AA9ECB53362DFBE8EB80E9,D0216-M02,Device-0216,MNO-B,PROFILE-2cddd9d675f33a6e6ca5
aura_rsp,9CBA42E98F09F74685E53A57A0AF2E7B,IAC-3982D90A77E3575E28EC738075FDECD4,D0216-M02,Device-0216,MNO-B,PROFILE-2cddd9d675f33a6e6ca5
standard_rsp,ABAA636BFFFA987EA947E0519CCB1318,MID-AD07A7FD2D63CBEB6505850F7F29D0DF,D0213-M03,Device-0213,MNO-C,PROFILE-fbf956b1159d8b121cc8
aura_rsp,816CEA77FA066094549612B6BC07C575,IAC-98E398FF4AA7D7EE2E3F216BD51D4FFF,D0213-M03,Device-0213,MNO-C,PROFILE-fbf956b1159d8b121cc8
standard_rsp,57D42783716ED13663D6E1E6F73A6A8F,MID-5E8D3A6DDA2AFAC017E26808AEDE53A7,D0008-M01,Device-0008,MNO-A,PROFILE-347ff8fcef0c64061e9c
aura_rsp,16691433EADC0A352B1708E04C83DAD1,IAC-CE6E876E16243212B6B35334D93D81F0,D0008-M01,Device-0008,MNO-A,PROFILE-347ff8fcef0c64061e9c
standard_rsp,105A58A3D4DF2E112ABA68187DF48A85,MID-E968F326126D07C566EE737E0FC47277,D0022-M02,Device-0022,MNO-B,PROFILE-495a8ba57f1fb6161ab3
aura_rsp,F71BE8AD8DBC6C1A83E237AA160CC5BE,IAC-6F2DB282BB55FA13B9438383FA6E4782,D0022-M02,Device-0022,MNO-B,PROFILE-495a8ba57f1fb6161ab3
standard_rsp,92EAA470A38F2A7B1CC2F00CD6E132FF,MID-5EC6CE6C6288C11EB61F9FF755ED326B,D0027-M03,Device-0027,MNO-C,PROFILE-c4974b82ffce19a4e0aa
aura_rsp,62D379436DB1D709CC79A3C621328725,IAC-48166F69E10B0D84CD793E87B68B14B8,D0027-M03,Device-0027,MNO-C,PROFILE-c4974b82ffce19a4e0aa
standard_rsp,91C5485222BABAFD781B7770DFC75112,MID-D0F118F0801A6176A002EEE30B9E6D68,D0063-M02,Device-0063,MNO-B,PROFILE-25a4f5c24abb25647a4e
aura_rsp,CF1DA8C509C960B1118C65386916E2BD,IAC-2C2CA13A02C6245D02B5CA6D0D8CBAC7,D0063-M02,Device-0063,MNO-B,PROFILE-25a4f5c24abb25647a4e
standard_rsp,03448B0CA002B4D405DDE2C1DAAFC651,MID-57EA49BC47E5C8467EED338DA1E256B2,D0125-M01,Device-0125,MNO-A,PROFILE-72ff81682d634467c297
aura_rsp,370E94C72482B2D7419F5E9A2FF19AC0,IAC-5FA6E547104D71F7C850C8AFDE0C0FE6,D0125-M01,Device-0125,MNO-A,PROFILE-72ff81682d634467c297
standard_rsp,428A86CAFA64442C276BC71AAB7A0FFA,MID-0EE0DACA15E8475EBA3656B6F71FBA55,D0115-M02,Device-0115,MNO-B,PROFILE-1e5c7edcac0cbacba949
aura_rsp,9B9B553A5ADB9029F4CBD7AA11C5828C,IAC-B45B3D3A095E3DEE1FC07F665CFAB2E0,D0115-M02,Device-0115,MNO-B,PROFILE-1e5c7edcac0cbacba949
standard_rsp,477B66405F98CCD09F3DE5512F4DF362,MID-682D1BA71B2E822F64FBD57B98396C9B,D0121-M03,Device-0121,MNO-C,PROFILE-b6da3598bb8c7bd25cc7
aura_rsp,F8C84A21D406B9087CB9DA4F9E3A1CCC,IAC-C828A929349587F5D4DFBB6AE09D4912,D0121-M03,Device-0121,MNO-C,PROFILE-b6da3598bb8c7bd25cc7
standard_rsp,9E7CADDB2E532D1C513AFAD1925DD2B2,MID-047F7852A0238C6285A739C66FDACAB8,D0111-M03,Device-0111,MNO-C,PROFILE-eb86eced80e060159fcb
aura_rsp,45724BA407A4A6F17AC19E16FAE28F09,IAC-9CF0A22C27774F89B58973864DA4508B,D0111-M03,Device-0111,MNO-C,PROFILE-eb86eced80e060159fcb
standard_rsp,E07FBBC27B15796630F129A4E8595A93,MID-14FF253F50C146FFEFE251D4AE23E59A,D0082-M01,Device-0082,MNO-A,PROFILE-289b0d4dc2b4cebe7b9e
aura_rsp,BEB3F90503377858692E1E13320A5D09,IAC-FED8AE8F92180387FCBFB654C1E2A789,D0082-M01,Device-0082,MNO-A,PROFILE-289b0d4dc2b4cebe7b9e
standard_rsp,7A8FEC2AD716A3E89F31B56C9BA0B533,MID-461ABD8E746EEACF5E115F8CC070DB6F,D0055-M03,Device-0055,MNO-C,PROFILE-00b30ad57a460f17a5c7
aura_rsp,955F73DE43FF6DCB95829E33D53D8708,IAC-B306F9D5AD7D8BB3252B2407E4C52B75,D0055-M03,Device-0055,MNO-C,PROFILE-00b30ad57a460f17a5c7
standard_rsp,1D611573D09254695548313A3A2A9B48,MID-C423417658C51DA9E5F47937F67B2B32,D0182-M04,Device-0182,MNO-D,PROFILE-7c065fc8e021594e7951
aura_rsp,736DEE5BDF5EF785F510E53F6CD12275,IAC-A2CD778592EA23FF7316521F882EB175,D0182-M04,Device-0182,MNO-D,PROFILE-7c065fc8e021594e7951
standard_rsp,3CE153744B3BF3841C29B0A6F5E517B6,MID-89908DBD22A65FA479B4FD5C1BC4D576,D0134-M04,Device-0134,MNO-D,PROFILE-b0895f033e4556da9a63
aura_rsp,D8672946C2BA22BD92CEE6F68640A4B4,IAC-441F0F984DF51A55D6AD84DAEBD10CB3,D0134-M04,Device-0134,MNO-D,PROFILE-b0895f033e4556da9a63
standard_rsp,927974F1D973A1C21112D5A7EE79C51E,MID-AB53ADDDB46184E84820895FA66B927B,D0137-M02,Device-0137,MNO-B,PROFILE-77538ca31f1d56015ee5
aura_rsp,07767D99CE600D90A41D5E69143194D4,IAC-52314E658FACF0B02A5A7D4E244B42FE,D0137-M02,Device-0137,MNO-B,PROFILE-77538ca31f1d56015ee5
standard_rsp,DE03CF804994E6062029B643D37A5802,MID-1E48E7A22A880DB705F1E3CAF257F181,D0069-M03,Device-0069,MNO-C,PROFILE-80bb2639517a140e89a4
aura_rsp,F6360EEDD2B5A9DA2261AE9A4B54E7DC,IAC-AFDF0311E2D94C368C0D62FE28B92D74,D0069-M03,Device-0069,MNO-C,PROFILE-80bb2639517a140e89a4
standard_rsp,587E43547DB184FEC768FE0FD1CA49ED,MID-B36169640CC86110E1CCED97E593F2C0,D0134-M03,Device-0134,MNO-C,PROFILE-4f85e53ab3ed396c4c98
aura_rsp,7C57D2EDB35B7593BF944733475E1FE9,IAC-99E5807909933E25DDE694E6739A0707,D0134-M03,Device-0134,MNO-C,PROFILE-4f85e53ab3ed396c4c98
standard_rsp,AA4B14411AEBE15E152DAA041BC2EA05,MID-8760E1494D9A802A47C14AC09D8AFC7A,D0127-M02,Device-0127,MNO-B,PROFILE-534aec4134e547811994
aura_rsp,3FFFC39AD44B51B3710828FB30219479,IAC-32D49E20211F992F838D050A6C9A73AB,D0127-M02,Device-0127,MNO-B,PROFILE-534aec4134e547811994
standard_rsp,ED01544776ECE8FD008BD87900B2E64E,MID-FA4E4BCB56E871F2786F985D79B64271,D0086-M04,Device-0086,MNO-D,PROFILE-6efd7fb5d0e3709042ce
aura_rsp,EC01EBCB0CA3E911081FB0799E6A56E6,IAC-A2BCA9246A0E73783B7E8299C051C9C5,D0086-M04,Device-0086,MNO-D,PROFILE-6efd7fb5d0e3709042ce
standard_rsp,B0598D3C20DF25D337A5A4C0B71844E8,MID-95755D87A10214DCC3603C2D8B06E8FE,D0157-M04,Device-0157,MNO-D,PROFILE-d50cd087a26f354dc1ed
aura_rsp,62EC1C880A09B86D806BA37CAB4FFCB8,IAC-1BC2A5B5FEBF52F424587E829D1089F6,D0157-M04,Device-0157,MNO-D,PROFILE-d50cd087a26f354dc1ed
standard_rsp,C48C285CCB693F3FB9B0E58ACDE9698E,MID-AA653AC65F258D00D49BE3A29C277B30,D0136-M04,Device-0136,MNO-D,PROFILE-b23658da53f8ab594a83
aura_rsp,A56B89863D09BF920B9EE1F9E417A041,IAC-E220EE4EA0F1FEEC8FFE444BC1A40A44,D0136-M04,Device-0136,MNO-D,PROFILE-b23658da53f8ab594a83
standard_rsp,A8C3DF592E224A57E296F0AC4992D2E0,MID-72826734227E28EECB619C209F08B88C,D0159-M03,Device-0159,MNO-C,PROFILE-c44d8e904f6ccf546618
aura_rsp,8C252A1BA6C17101D70F183ECD198292,IAC-4083B8255E56C60D60DD6E82759D5460,D0159-M03,Device-0159,MNO-C,PROFILE-c44d8e904f6ccf546618
standard_rsp,518E1EC858A96113044D71E5A53CBE6C,MID-95C5D7E91216485739457AC91FCB29A7,D0204-M03,Device-0204,MNO-C,PROFILE-de3cd462a662a19765ea
aura_rsp,A6DBF6102E95251691521A4A8BECC60F,IAC-2329CADF4773E08678DA93D7C0FA431A,D0204-M03,Device-0204,MNO-C,PROFILE-de3cd462a662a19765ea
standard_rsp,BE469E75C83303EF6BB2056C798D9BF2,MID-D372EC6285E5A7553BF26210B0794510,D0077-M03,Device-0077,MNO-C,PROFILE-d52e98b3dff52bf623d8
aura_rsp,EEE4DF5C2061E548F264E743C95929CC,IAC-5A685673215C4EDB1572729E3812D071,D0077-M03,Device-0077,MNO-C,PROFILE-d52e98b3dff52bf623d8
standard_rsp,3415D0152B639DBA14D805BB0AE07528,MID-D79E7617952B3EAD724E9FF21C8A7AB2,D0052-M03,Device-0052,MNO-C,PROFILE-9dccbaa8d4bbf804d844
aura_rsp,26CADB9BC81757F9C8BF7353021975E2,IAC-9CF5F9A508B7BBA337A5C9FEB9268DB0,D0052-M03,Device-0052,MNO-C,PROFILE-9dccbaa8d4bbf804d844
standard_rsp,581671D2834C9B21106C134BECD7A019,MID-65FB174D89E3F9E0F8A255E4EA816340,D0013-M03,Device-0013,MNO-C,PROFILE-2f310324d094465741a0
aura_rsp,37D23F929ADF027E6391097ECAF36169,IAC-C5C11B77B44585D6BF371ACC24BEB8C2,D0013-M03,Device-0013,MNO-C,PROFILE-2f310324d094465741a0
standard_rsp,FB7925F1A86F96614469DE145BF5CFD6,MID-AA3A62DC0859E8071B71C301B08E729F,D0160-M02,Device-0160,MNO-B,PROFILE-9d575133ba19503fc224
aura_rsp,47E0278D1D7CF4D81109BD1C0FAAF21E,IAC-9DC8935CBF03B0E8535E2E370B8A5017,D0160-M02,Device-0160,MNO-B,PROFILE-9d575133ba19503fc224
standard_rsp,EC11C77026505B78FFAB36F42F637C12,MID-AB91DF1E798C590812072279174ED8BF,D0173-M02,Device-0173,MNO-B,PROFILE-f281103b06b9c23c91c5
aura_rsp,D8EA49C92357A56CE564C720F30E3781,IAC-ED7E2259F028C0F30CDB9BD06550FF75,D0173-M02,Device-0173,MNO-B,PROFILE-f281103b06b9c23c91c5
standard_rsp,3C13A0E8F55D8E1F411786C1267790EB,MID-1DD7212F6564D594676A6ADC8A75DAE6,D0057-M04,Device-0057,MNO-D,PROFILE-d24afda2419f853167ce
aura_rsp,6310BF9575B5D24D688CA31AA1B28F5A,IAC-6DB3025CBE533536C79AE2ED1DAD0717,D0057-M04,Device-0057,MNO-D,PROFILE-d24afda2419f853167ce
standard_rsp,0094D26256D9742E9C6D9CA371FBAE94,MID-5A246D34D64E5FD708D22714EBCC53C5,D0065-M03,Device-0065,MNO-C,PROFILE-161f3c476a94ada6159b
aura_rsp,40F20B4255DBC1CAA54727777239D2E8,IAC-1712814D01C52D4DEF4BCF1FD1D6B934,D0065-M03,Device-0065,MNO-C,PROFILE-161f3c476a94ada6159b
standard_rsp,E80F2661FADB183AA3EF4A1C31444ECF,MID-0297D84ACB80F2B8A9F31DD14DD9AB58,D0018-M02,Device-0018,MNO-B,PROFILE-84781f05d297221cdb90
aura_rsp,1070FCE7A4BFF1F2133F79514204CFEA,IAC-31A89A0CEE9CCD86CB50A74EF9DDADC3,D0018-M02,Device-0018,MNO-B,PROFILE-84781f05d297221cdb90
standard_rsp,AC765F8FB71BE9CA2E2853CC92D22655,MID-DB6EA539E61336E6A08B9A3A94D0FCE5,D0120-M02,Device-0120,MNO-B,PROFILE-40eeae376ada23c1c67c
aura_rsp,AEE7CF004800D8105994A257AB2581E5,IAC-2DD1FDDF79CA16B8F66565864E46F52C,D0120-M02,Device-0120,MNO-B,PROFILE-40eeae376ada23c1c67c
standard_rsp,E81F59F983F85E3BFF25333ADED487DE,MID-DBCDCEE650BFCA1C28F31F269C9E820C,D0065-M01,Device-0065,MNO-A,PROFILE-d7c2dd753e49d6130511
aura_rsp,C292E19A96647FB1E02439F63BC17316,IAC-C26B58818DFC4341842D26091A950124,D0065-M01,Device-0065,MNO-A,PROFILE-d7c2dd753e49d6130511
standard_rsp,741885D1414E908F41A96D6D12404E00,MID-B4D8D1AA1B8C3DB6E76D9FDA766E6CCA,D0077-M02,Device-0077,MNO-B,PROFILE-b26cfa8a0a0203b5e66b
aura_rsp,C8E8C92053F2BD674345FF6F92DBC5EE,IAC-251983BCAF3D058BAA59840E0E67E4BF,D0077-M02,Device-0077,MNO-B,PROFILE-b26cfa8a0a0203b5e66b
standard_rsp,F808CBEA32CB20C5A4BB0587BCCF3197,MID-5D7DD256BCA712CAE098953DE2A8DB9E,D0192-M04,Device-0192,MNO-D,PROFILE-f8e55a063b18e885d51f
aura_rsp,9E54E895D14C114828F56CA91F79B306,IAC-493DA5548F1B34D57426C855B71228FB,D0192-M04,Device-0192,MNO-D,PROFILE-f8e55a063b18e885d51f
standard_rsp,969EE8867D2BA4F2E4518235895C90B2,MID-2680985D5716E18C1D43DC268928EC33,D0051-M01,Device-0051,MNO-A,PROFILE-9d1f0fc6093da1bc575d
aura_rsp,EF63FFCC0C4C077967DBA4B7845C4DF9,IAC-137AA0BE003A451B4C3A2E7E8CD2C297,D0051-M01,Device-0051,MNO-A,PROFILE-9d1f0fc6093da1bc575d
standard_rsp,62A2CCB00FD4E3681D2327191E558325,MID-6F2F97BC5872ACBA4FF18DA38D9B1580,D0168-M01,Device-0168,MNO-A,PROFILE-85e96cb53785b29eda5d
aura_rsp,92EB941CF367DC2348E586B79AE18E06,IAC-8FD1855EEBD6E49F93F5266F56D532A0,D0168-M01,Device-0168,MNO-A,PROFILE-85e96cb53785b29eda5d
standard_rsp,D66E31F3E99439BAD8D016F2DA3BC52A,MID-EAD831D8F90982752EE90FBF7678EAF7,D0163-M02,Device-0163,MNO-B,PROFILE-42de8c6e10b54692f791
aura_rsp,61A8CBC526B553E54A1D9851AF1AEB13,IAC-DB85DDB538B67A5FB52DF0746FB7FC18,D0163-M02,Device-0163,MNO-B,PROFILE-42de8c6e10b54692f791
standard_rsp,E8462DF949287370E3305F070CE3F0C8,MID-C04C72B65422BA28302B8FC40C88579F,D0002-M01,Device-0002,MNO-A,PROFILE-8fb8a2c93b1149341e05
aura_rsp,95E0A5B602263F0F68A9CFFF07F884AE,IAC-2D32A032497C96E05D1295B620222E29,D0002-M01,Device-0002,MNO-A,PROFILE-8fb8a2c93b1149341e05
standard_rsp,911ECE281E6AAFD96614CF103EBE1633,MID-7F10A109E42BEF017D26A596D029FA0B,D0087-M03,Device-0087,MNO-C,PROFILE-a05b24fbcf8319fe6cdc
aura_rsp,60D524296DA5423A7667B4863F4ADC9B,IAC-452504447393ED03BE88F6F97F75C317,D0087-M03,Device-0087,MNO-C,PROFILE-a05b24fbcf8319fe6cdc
standard_rsp,973959177915374A6B5CBFEC9618FB5A,MID-0874BFE6C07DF56D2B7EA918FA5C8986,D0165-M02,Device-0165,MNO-B,PROFILE-cc31cb659af2982c9d14
aura_rsp,0506CEF487D292228DE44EE1E801A974,IAC-116ED4A7349AA557AFC481E488178EF1,D0165-M02,Device-0165,MNO-B,PROFILE-cc31cb659af2982c9d14
standard_rsp,E2BC1AB01A33AC45918B1569CB89E7A5,MID-4977E5BDC483BD88AF985D83316FB5F1,D0163-M03,Device-0163,MNO-C,PROFILE-648f9813255a140b8ed2
aura_rsp,B0B408ECCB7B560BC1045907D7B28C94,IAC-25E0D7EAB63A281E8E7FCF0FE386BCA2,D0163-M03,Device-0163,MNO-C,PROFILE-648f9813255a140b8ed2
standard_rsp,59A68D7F1A9FE65F486AF9E629E8F95A,MID-19346B1604DE0605C4C0F8AFD063668E,D0039-M03,Device-0039,MNO-C,PROFILE-16c6d49588581273ecf5
aura_rsp,32D80FE545FF684965B86E9BBF10BEEE,IAC-4C3F867881E55DFB06093F538065C0E1,D0039-M03,Device-0039,MNO-C,PROFILE-16c6d49588581273ecf5
standard_rsp,3AC1679DC18C979BE56927E43C83C450,MID-86AE6279A3E0B3ACD87FBFB6CFD4CA46,D0146-M02,Device-0146,MNO-B,PROFILE-5766bf9f53ba8b0b59c8
aura_rsp,EEFDF177C6F65EB46BE2715622DD99D6,IAC-79A57B7FAABAF1D72F79B6A458260450,D0146-M02,Device-0146,MNO-B,PROFILE-5766bf9f53ba8b0b59c8
standard_rsp,4383067483D1C170D588037F4BFE9ABB,MID-FBA3D5118075F0AA0C660A7B601B05A3,D0186-M04,Device-0186,MNO-D,PROFILE-af9f6a1a6749f24c9152
aura_rsp,13385A2245F8FF7992018F88A5125DBB,IAC-DDD6E5AFFFA7F32870A9A6672776186F,D0186-M04,Device-0186,MNO-D,PROFILE-af9f6a1a6749f24c9152
standard_rsp,87D398E34D2352638DE9A930D41B01CD,MID-9307310FA93F88E92FD73B00548A8FCF,D0151-M02,Device-0151,MNO-B,PROFILE-bd8f07d1125360a6242e
aura_rsp,D2BF20FAB1CCA732EC29661198B7C3B3,IAC-658201B836788753E621C73A97913637,D0151-M02,Device-0151,MNO-B,PROFILE-bd8f07d1125360a6242e
standard_rsp,7FBEE05BC0E11B93DFCE23EAA35B14D8,MID-B94CBAD98E373827E6D4524F0C168CBC,D0147-M01,Device-0147,MNO-A,PROFILE-282c2d79b18add6535b2
aura_rsp,0DB4E4253167F5A4164233D7BD747162,IAC-308BD0B159AD59BEF40E6118EAFD07CA,D0147-M01,Device-0147,MNO-A,PROFILE-282c2d79b18add6535b2
standard_rsp,156F77FABE1CE2D14C983767DCB3B6A3,MID-02FD1634496579FBFD7AAEA8016CCA64,D0118-M01,Device-0118,MNO-A,PROFILE-281e8e4bce508852dbcd
aura_rsp,4E4C465823D94F5D3274C662FFF63724,IAC-43132B5AD88A9EE629964F4790D1DC89,D0118-M01,Device-0118,MNO-A,PROFILE-281e8e4bce508852dbcd
standard_rsp,2453F28EA088A552B81A97D4627699D9,MID-6BD5236414D258F14046BD09BBB47CDB,D0172-M02,Device-0172,MNO-B,PROFILE-c5058e1f0430c8238986
aura_rsp,9471A79E0DF4AF665B7297BED773EF69,IAC-5177AF0F848C290BD950538A514115F1,D0172-M02,Device-0172,MNO-B,PROFILE-c5058e1f0430c8238986
standard_rsp,543E201208A769177785EFD23BC69EAB,MID-EFD67C97595FD03CE893A371D3563D53,D0042-M01,Device-0042,MNO-A,PROFILE-d80f9dbd612ccb26deec
aura_rsp,A0AF651A8CD6D2BE88F293F6E3ADE630,IAC-6BA744DC14FD4F04A4A2727F6255154E,D0042-M01,Device-0042,MNO-A,PROFILE-d80f9dbd612ccb26deec
standard_rsp,B7FA179FC837D231ED17C983EC8B7B4E,MID-D7D03307FE77C3D37E5F8F0FF60107BF,D0216-M01,Device-0216,MNO-A,PROFILE-48bd0403be5c4470f737
aura_rsp,71A0AE10EDE0EA6896907705170F2DFB,IAC-827EFE94F109BDF3831E3C61CF1C9534,D0216-M01,Device-0216,MNO-A,PROFILE-48bd0403be5c4470f737
standard_rsp,41E15F630AD313E00F3017BD5D155D92,MID-320EB772988A5615D828726A9EBB710A,D0054-M04,Device-0054,MNO-D,PROFILE-46f7ab1bb78c7c7db2bb
aura_rsp,8324806BBF25E77D1D7A54829C33819A,IAC-C95D771DA8E23928D0BF3E1CFA56CA52,D0054-M04,Device-0054,MNO-D,PROFILE-46f7ab1bb78c7c7db2bb
standard_rsp,9BC6D2EF3D6B9B89F5A2A35D8D40E7BA,MID-525B2ED91C6EEDB086E8B05E6F68FF28,D0089-M01,Device-0089,MNO-A,PROFILE-dbfa0d24f9c66f6e754e
aura_rsp,0F89DBC5F73D60F4682F9093F50B8C3D,IAC-78E73B403FDC7CF0461502585B4064EF,D0089-M01,Device-0089,MNO-A,PROFILE-dbfa0d24f9c66f6e754e
standard_rsp,EBABA4972F4D3CB6E9BCD05E9D24BC42,MID-2D088321C954C12A6610675A86B6A088,D0232-M01,Device-0232,MNO-A,PROFILE-8dcd3eae709625cd142b
aura_rsp,A54622DEC8174B01B85F72DD2B3EEAEF,IAC-748EA013031F04C10346AD9899F84761,D0232-M01,Device-0232,MNO-A,PROFILE-8dcd3eae709625cd142b
standard_rsp,AAF00CFD37439106C7922DFDFF4BBBB3,MID-9194DC83E1A5E03E7D36B638E686DAC3,D0016-M02,Device-0016,MNO-B,PROFILE-3e3845ce80d5abce7ef0
aura_rsp,BEB03E3BE16BA4223924E39ADD6019E6,IAC-B53CAC0BA1288099A6BBDBA1FD716394,D0016-M02,Device-0016,MNO-B,PROFILE-3e3845ce80d5abce7ef0
standard_rsp,AAA275986EF32EAD29DEE3AF87845ED3,MID-7E4585992AE0531397BEF921AF16E23D,D0125-M03,Device-0125,MNO-C,PROFILE-02675db838126892bd5b
aura_rsp,73CA9E72D472B545C61776E8A71167F5,IAC-042B7B93C3AB874F65808ACA6F4FE021,D0125-M03,Device-0125,MNO-C,PROFILE-02675db838126892bd5b
standard_rsp,DA64F9914452822AC641C139F00F3C46,MID-EDEB9AF4A487CFEB9C585AC22EDB7978,D0098-M04,Device-0098,MNO-D,PROFILE-1a96121e1875e018e747
aura_rsp,5AD2155503B9375BD1832C280C84C5D1,IAC-27928A4B32FECDAF58128C3854790DC7,D0098-M04,Device-0098,MNO-D,PROFILE-1a96121e1875e018e747
standard_rsp,0F6777CF94DE98701BF00EC9164D1F3E,MID-83FE70FE110264DB1F00F5147653F38F,D0152-M02,Device-0152,MNO-B,PROFILE-4ddac4463c10d0193ac2
aura_rsp,FE37807E4839534EF0AD1530BA2B3C6B,IAC-E96B3517F1187B860A61941EE773C81E,D0152-M02,Device-0152,MNO-B,PROFILE-4ddac4463c10d0193ac2
standard_rsp,192C482C2510DB263D54639043DE9CF4,MID-7479698D756A6C985782C978F92DCF34,D0243-M04,Device-0243,MNO-D,PROFILE-1f6246c99cd36b1052e7
aura_rsp,42C3DFE404F2B4D6224A41EC25366A7F,IAC-4C2B3E7E0C68C092A319C11BA0ACC8EE,D0243-M04,Device-0243,MNO-D,PROFILE-1f6246c99cd36b1052e7
standard_rsp,3EBC261C2939A9CD84DB0F40B2D82E85,MID-2D43367DB4DE9EA2829BD8CE8369D5F4,D0019-M04,Device-0019,MNO-D,PROFILE-9922515ff7c524f5bd83
aura_rsp,827F9E822B7783901CC3ABFBA6EF5638,IAC-389FBAE07862E8DCFB00FCC76C88F310,D0019-M04,Device-0019,MNO-D,PROFILE-9922515ff7c524f5bd83
standard_rsp,75C9B2EDB304E9FFF54A80CB13A74853,MID-B5BF0C46CDF9CB177C9F2F9FDCD60F4C,D0032-M01,Device-0032,MNO-A,PROFILE-eb305acadaa21fe61727
aura_rsp,B35EB22F07D02786D1771426E354BEAB,IAC-F1E7DFB0CEA50CE138A749CB90D3B06E,D0032-M01,Device-0032,MNO-A,PROFILE-eb305acadaa21fe61727
standard_rsp,A6AA4AB37B6E46E445BDEB356205BDD1,MID-D46E0397510F3095B558DE8BE1E8B936,D0108-M02,Device-0108,MNO-B,PROFILE-1f46b9849b95ff045943
aura_rsp,7E1902F90F8CC8C263ABF59A85B169C1,IAC-7AEFAFDF259D0BF9521474628EE8B294,D0108-M02,Device-0108,MNO-B,PROFILE-1f46b9849b95ff045943
standard_rsp,534E75E0F7CB8CC1CD72F2EDE1517540,MID-12B504BFA4F4C22C5C1220D817D64B2F,D0229-M03,Device-0229,MNO-C,PROFILE-0057deb2568e957a6592
aura_rsp,C9B6336A716F30DEEF84CE39A81E1F6F,IAC-85DFC715137417FA35EE28B5732F69E4,D0229-M03,Device-0229,MNO-C,PROFILE-0057deb2568e957a6592
standard_rsp,67E5DCD3B812C88B3A1F93EA09D55483,MID-5C0BED5CF8295C9E330F6E913D64871A,D0068-M02,Device-0068,MNO-B,PROFILE-b495c462a947c5e8126d
aura_rsp,B6A41A90108765AB39FC1694483E6BFB,IAC-BFA47C25D9B51C97225851B901FC49E1,D0068-M02,Device-0068,MNO-B,PROFILE-b495c462a947c5e8126d
standard_rsp,80C5422E1EFB3B1011E5F9C604F37B77,MID-80E3704C3217DCE39FFFEF4FD35DEE2B,D0239-M02,Device-0239,MNO-B,PROFILE-566ebc392261e532fa4d
aura_rsp,FC35749803845A5CD8E0107750F25FC1,IAC-C1D7972F8CADA77C4A140E9D3CD907E2,D0239-M02,Device-0239,MNO-B,PROFILE-566ebc392261e532fa4d
standard_rsp,573AED1B0C589B78479D7C0789F4B8ED,MID-04E830F2238E49BAEFC15C808CF7BE0B,D0072-M03,Device-0072,MNO-C,PROFILE-7746b48f43e45d3c3dd8
aura_rsp,CAE438D9B2AFB958B6C8B26BBFB5FE4A,IAC-1B4578782ED45D34FF7C003C329D3D8B,D0072-M03,Device-0072,MNO-C,PROFILE-7746b48f43e45d3c3dd8
standard_rsp,E643B87ED67535286AE3B452F6048994,MID-784B5413CE16ADE96FDA1E6B3CD33F2E,D0147-M04,Device-0147,MNO-D,PROFILE-c40320b8de9fc38dc8e6
aura_rsp,C4940911E7151336727AA71406119349,IAC-DA4B5E07D9CC4B97D66B8A5682774284,D0147-M04,Device-0147,MNO-D,PROFILE-c40320b8de9fc38dc8e6
standard_rsp,20155CA7AC5BD84198B1D97A96838273,MID-357FC0876584BD07BEF1542CC49093AA,D0212-M04,Device-0212,MNO-D,PROFILE-c72bffd06c7fc5eb2f82
aura_rsp,8BD3AE9504C372B4F4AC7A0A33FD9242,IAC-632BC44EB322D323B5E2A05FD8EAF496,D0212-M04,Device-0212,MNO-D,PROFILE-c72bffd06c7fc5eb2f82
standard_rsp,4CCE67DFBB996B8D7E313AB4320CBFC2,MID-D7D0B43B2135480231F70A7FA5B357F8,D0153-M04,Device-0153,MNO-D,PROFILE-a855c45e02312bfde665
aura_rsp,1B5752A03DB9BB5A5E4BE7019F0ED8D2,IAC-A5BD689A1F17B5574A5044109BF8DAEC,D0153-M04,Device-0153,MNO-D,PROFILE-a855c45e02312bfde665
standard_rsp,1141B1E2515E6125D2D6934F3BEB10FB,MID-4102B558658E27FA74A07C09D17C27C1,D0080-M02,Device-0080,MNO-B,PROFILE-dc939ffad71e45329cf2
aura_rsp,3322CA307CCCCFBD6B9F0BB03DBB7BD1,IAC-D488FFF500AA7C66A359436237A5F37D,D0080-M02,Device-0080,MNO-B,PROFILE-dc939ffad71e45329cf2
standard_rsp,789DC6F63690BAECBCC76B18625ED9BC,MID-F5542924C09B46401ACEA5B8BCF76FE6,D0023-M04,Device-0023,MNO-D,PROFILE-96a6b5c575ef69d0bda0
aura_rsp,5C3B1E1933D4A91D45C8EA281E16D808,IAC-843552244BEB19DF2380F3117B98498A,D0023-M04,Device-0023,MNO-D,PROFILE-96a6b5c575ef69d0bda0
standard_rsp,F9696D27D16F12B77F4F539FDB4CE394,MID-68D1D79D6A2A48CB898F5BC926F7D85D,D0058-M01,Device-0058,MNO-A,PROFILE-fd9dd50c132c47e4d4f5
aura_rsp,F827DD1BF11955ADF68DBF2EFF3BEAD8,IAC-34DBB41A44C5A0512F97D0E2F731CEB1,D0058-M01,Device-0058,MNO-A,PROFILE-fd9dd50c132c47e4d4f5
standard_rsp,B25583AD636EC478D8241658ADCA85F7,MID-DDEC3427CCB25A1B783F5176CB765836,D0186-M01,Device-0186,MNO-A,PROFILE-b41623e98ac912816bf0
aura_rsp,BFE52266A1A8F06D977F1BE58C18E2EE,IAC-DD406ED3F8A4A9C810F287E8962BFB38,D0186-M01,Device-0186,MNO-A,PROFILE-b41623e98ac912816bf0
standard_rsp,663EACE7610ADD564ABF8EDFF273ECF3,MID-184F5D8F39ADAA7DFE309795A818D919,D0093-M02,Device-0093,MNO-B,PROFILE-fbf3ac61de92bb06b81e
aura_rsp,F2966E5ACD12790FE383399BF0B4E715,IAC-05874223B0E42D39107874F84D504297,D0093-M02,Device-0093,MNO-B,PROFILE-fbf3ac61de92bb06b81e
standard_rsp,1C2BF14C900B2306F1342AF94E7F0C96,MID-30C98D967AD55371569C3495B2C952AA,D0072-M02,Device-0072,MNO-B,PROFILE-7619edcf59e0dd304975
aura_rsp,88ABEA2C06001D067DA18E9C8C70EC2D,IAC-6D069868387058B8D5E2A6D34B9F55A9,D0072-M02,Device-0072,MNO-B,PROFILE-7619edcf59e0dd304975
standard_rsp,4A278DF4CAC3DE3ABD9111EEF9AD24CC,MID-9650D6DD3AD71474890DF40C690AC6B1,D0202-M02,Device-0202,MNO-B,PROFILE-04709ae87fe304447657
aura_rsp,C885942C44169F80D6F5613085A40226,IAC-8DB91B4ECB7C51E035832E8C1364E1ED,D0202-M02,Device-0202,MNO-B,PROFILE-04709ae87fe304447657
standard_rsp,B6DEBE251563D04658D7E98A0DA3F363,MID-FD834D805045D4607925C0E37705D6A0,D0007-M04,Device-0007,MNO-D,PROFILE-baf2e9cd4ca8e70c4913
aura_rsp,F296ACB89C965E5FB740A227D2E5C41C,IAC-52769D8A648FDAB35DE5C31C3C9BC5A5,D0007-M04,Device-0007,MNO-D,PROFILE-baf2e9cd4ca8e70c4913
standard_rsp,645CFBB6C7AF0E8C2271EF547F8812D1,MID-CF61545AF439587FC80EC1561D627A94,D0092-M02,Device-0092,MNO-B,PROFILE-85c7df2d21ff6d51864e
aura_rsp,B9F40B24AC1B2C8276005868310ADCD8,IAC-BE00E250612FC4A7BAF4540293034ABC,D0092-M02,Device-0092,MNO-B,PROFILE-85c7df2d21ff6d51864e
standard_rsp,B67193C1C07CBD39491FC7BB6F85B587,MID-4DF7BB25A67F37945719E7EB0FA80CE9,D0233-M03,Device-0233,MNO-C,PROFILE-f5cef8b2f399041a47cc
aura_rsp,364D6422796C7FEBD5516AF429E69227,IAC-A35CBF4A734145045624F99BB3FDADD4,D0233-M03,Device-0233,MNO-C,PROFILE-f5cef8b2f399041a47cc
standard_rsp,DFDF167A88218CC37B12CDB64A5ACAE3,MID-F7623B8989F45E68FA5F2265CEE25D85,D0161-M04,Device-0161,MNO-D,PROFILE-c3153a4d6ec3c6f6cf6e
aura_rsp,1A214156ACCBEE1196CD7B878F93D15C,IAC-2CFB675232B2DE899B82ADBA7AE3A4BF,D0161-M04,Device-0161,MNO-D,PROFILE-c3153a4d6ec3c6f6cf6e
standard_rsp,669F21A43A350A0DAE5929B22ADE7BC9,MID-BBD0509D05B92374D3B96F2D8100B0C5,D0211-M03,Device-0211,MNO-C,PROFILE-20fa2fb4c077e27b37e5
aura_rsp,742AA2000F2E19F09A131297392D49CC,IAC-EFA2F8A0032BAA9D82ABB3E1452ECEF5,D0211-M03,Device-0211,MNO-C,PROFILE-20fa2fb4c077e27b37e5
standard_rsp,D80D48DE26B06B137C381EECEDCF8663,MID-8643D5C3C8DF560EBBDF61A99AE599DB,D0222-M03,Device-0222,MNO-C,PROFILE-379886bd19cdf5b33d78
aura_rsp,2E550B1C450AB1EEBE76893AAB1669CD,IAC-955635A231112BC2A5210AFFE2C909A3,D0222-M03,Device-0222,MNO-C,PROFILE-379886bd19cdf5b33d78
standard_rsp,D57E7731CEDF09BF6D8BFB755E89FEB7,MID-5506E8CCDF9263A69DFB21945E22E875,D0245-M01,Device-0245,MNO-A,PROFILE-e32d1baf4911c7e90558
aura_rsp,9C21C71FF5C1235F5D54FF5E045B5ECB,IAC-406D1B0B1A27B8D176B69B4791D37C60,D0245-M01,Device-0245,MNO-A,PROFILE-e32d1baf4911c7e90558
standard_rsp,602B26621EFF0A387985F0D627C646AF,MID-7E4B43A2614F3A2CBED2DEE8D048E3F4,D0114-M01,Device-0114,MNO-A,PROFILE-9871375ed133b6de0e15
aura_rsp,D1BD97D0DFB1F96541B7D67060DBD30C,IAC-21A81EE40C9FA64E16BB1AA2C16DE534,D0114-M01,Device-0114,MNO-A,PROFILE-9871375ed133b6de0e15
standard_rsp,19DF1481B72E2B7E537BB6901CD04AE0,MID-74769800283CBCF4ABD2457ECC583012,D0209-M04,Device-0209,MNO-D,PROFILE-25602a059bf7280e557a
aura_rsp,85C55C36D34DA56DEABC8CA2A3AEFF1D,IAC-5F1BD40A0BA0A87F11501ABBD5FFB75F,D0209-M04,Device-0209,MNO-D,PROFILE-25602a059bf7280e557a
standard_rsp,1D659EF79BAC0177BD4086DA0867D602,MID-11A6819D373CAD24F2026EEE6CCA0348,D0075-M03,Device-0075,MNO-C,PROFILE-50b5cbcc839a19e80355
aura_rsp,47A50FB72C1AF3F166FE8448C2B3CB1E,IAC-47F7A7E7C42E621D21E06C714C12A0C2,D0075-M03,Device-0075,MNO-C,PROFILE-50b5cbcc839a19e80355
standard_rsp,D716F0B97B92D4A96ACF91A741D1AA7A,MID-3C3D9AD263461A6AC607A3C5AF822A28,D0069-M04,Device-0069,MNO-D,PROFILE-d22a72756787c510e7a3
aura_rsp,07343BFF4EE869A7EBED2B4480150934,IAC-2871B2F326A1EFD1D523149611DB1F83,D0069-M04,Device-0069,MNO-D,PROFILE-d22a72756787c510e7a3
standard_rsp,A2FF3B861E78A4B70AEEA0B305877364,MID-A548B7A0424CAA5C47B078EAEBFB7B39,D0025-M02,Device-0025,MNO-B,PROFILE-741f575effea659de73b
aura_rsp,4E31A609383DB9808FA61C5423C4348F,IAC-9DA8878C18F8061616D36DFFA9013829,D0025-M02,Device-0025,MNO-B,PROFILE-741f575effea659de73b
standard_rsp,9BC87F15615296988C5A8BC8B1E04463,MID-B5D9C50193B20B83DAB111325040B5DE,D0148-M04,Device-0148,MNO-D,PROFILE-d14959f2d36cc9520185
aura_rsp,007CD6F40E7BAB8FDDC8B9A58CE29E94,IAC-C4867414AD40F87C788BDA423190C901,D0148-M04,Device-0148,MNO-D,PROFILE-d14959f2d36cc9520185
standard_rsp,6E90C5D2259CEF0198562813DA123EFC,MID-2004F36BBCB8CB0E9C48B13AA56CE19B,D0240-M04,Device-0240,MNO-D,PROFILE-31788474b93eff9be777
aura_rsp,15F130DE6849498801B67B6C47B34528,IAC-989D62C8B709F3B7F6982095A63B98CE,D0240-M04,Device-0240,MNO-D,PROFILE-31788474b93eff9be777
standard_rsp,FD2019CD3C6EE638F0387E09F8779B4C,MID-43892B42FDFFADCD533568AE0BBBF590,D0067-M01,Device-0067,MNO-A,PROFILE-ce89823072c3e2f6db55
aura_rsp,39E27B87B465AB9D7DA8931F42541D8A,IAC-E7492E3C8C346F3121646169864431E1,D0067-M01,Device-0067,MNO-A,PROFILE-ce89823072c3e2f6db55
standard_rsp,8532AB0421526BF1BB67BAE373202702,MID-7C51C7607FB2FF88C83A629A39BC67E7,D0044-M01,Device-0044,MNO-A,PROFILE-38470d6fee9ce92ae031
aura_rsp,7B7C9FFEFF0106C2A13ED57DBF9227DD,IAC-43506368B12E1B09621187FD3976AAC6,D0044-M01,Device-0044,MNO-A,PROFILE-38470d6fee9ce92ae031
standard_rsp,0FD388820ACDA3BEC94D9E10DC6B1E34,MID-73E5326F5C6CA94918B69040859448DA,D0013-M04,Device-0013,MNO-D,PROFILE-137612f10795529f0362
aura_rsp,742E5FF4BBAC0EF6AFFDBD6B349DA675,IAC-3D57C8A2F2AE340B086A0303BD010F66,D0013-M04,Device-0013,MNO-D,PROFILE-137612f10795529f0362
standard_rsp,CD29E4CBDBEC8DA456502A1D6D939641,MID-669E6FC3D9597EE496F9B066801D2549,D0230-M04,Device-0230,MNO-D,PROFILE-af558b7ff146db947643
aura_rsp,005A3F8F86161F4BC11F9C5B5086219D,IAC-09C15CD18F0AEB3A8288F2881356A5A2,D0230-M04,Device-0230,MNO-D,PROFILE-af558b7ff146db947643
standard_rsp,6D3E6496E3C1BBA626899D87778CF84A,MID-CE436B573ECF8CB140EC8E80039B4929,D0190-M01,Device-0190,MNO-A,PROFILE-0181d53c264cd2539acf
aura_rsp,020441CFE2928F2A24CA614E3E80451B,IAC-1B9DAA082CC383DABC3D2AAE239007BD,D0190-M01,Device-0190,MNO-A,PROFILE-0181d53c264cd2539acf
standard_rsp,32819A750275535A41883426435E6E0D,MID-9CA37D5A1C8657ECBEC656CFA3069E71,D0196-M01,Device-0196,MNO-A,PROFILE-8b9e5718c7a503b3ed31
aura_rsp,72889B4FF7120CF5397013EF5D0A0E7A,IAC-D443F237DD50DE94C7DC652BAB662E1D,D0196-M01,Device-0196,MNO-A,PROFILE-8b9e5718c7a503b3ed31
standard_rsp,DB36C844E64A371CDADE65AC53572B65,MID-DC2E05071DED59F3EA01971E2EDF4F7D,D0181-M01,Device-0181,MNO-A,PROFILE-11d2096b9e48750263ee
aura_rsp,4147B0D573332D64CC84C1FE048C8B15,IAC-DBE1FFB9A4FD90B4EA03DD793D817245,D0181-M01,Device-0181,MNO-A,PROFILE-11d2096b9e48750263ee
standard_rsp,FC79B08BBA12C8ADEDC86E24E2671120,MID-78A47BE143C559E62DEBB428BB14F219,D0199-M01,Device-0199,MNO-A,PROFILE-765683476b21d4b263a4
aura_rsp,E4A710E11EE69AED66C0BD89D4197547,IAC-75CA78C23077C4B7BC3E38D60AF1DD7B,D0199-M01,Device-0199,MNO-A,PROFILE-765683476b21d4b263a4
standard_rsp,F66B0B4817D8D9B8D808B268A5CEA744,MID-EF39D4F519F3DB6DF8A69D48147E48B9,D0167-M01,Device-0167,MNO-A,PROFILE-15bfe298002698cfb5ef
aura_rsp,F64705E69A82B668572B056D855BEBB0,IAC-1092297D79CEE8439922E51991D3DD23,D0167-M01,Device-0167,MNO-A,PROFILE-15bfe298002698cfb5ef
standard_rsp,1107C809CE6C2383ADA9E7F6A9DFF744,MID-F77399D52ADC1849BD3E7EAC043210CE,D0128-M02,Device-0128,MNO-B,PROFILE-e765bc5955aac54072ec
aura_rsp,9866FA3E6BD7230851489A5ED53DC3DE,IAC-7F30AC2B2DC1C8F5C4B09F050069F24C,D0128-M02,Device-0128,MNO-B,PROFILE-e765bc5955aac54072ec
standard_rsp,E023BCE4024C9AB96D699D57C5825806,MID-EE15D46FD9FB0FB04B3150D7224263F9,D0101-M01,Device-0101,MNO-A,PROFILE-3a58d04c2a9bc445c750
aura_rsp,A96CB4BCF8FFD63F658B25E9FDD55A7E,IAC-FEAA40D898AB6E1925A9D5EC32B7A08F,D0101-M01,Device-0101,MNO-A,PROFILE-3a58d04c2a9bc445c750
standard_rsp,2894984B5A1F07A3AEF3C3B53AE4D667,MID-7F593454DF5B9789F30029C18A598567,D0078-M04,Device-0078,MNO-D,PROFILE-d5fce99b608940d8b5c7
aura_rsp,C84845D7332F414DDE52B4C5C3426222,IAC-E69C56F128E1E0F3CAFD1EAC41131B78,D0078-M04,Device-0078,MNO-D,PROFILE-d5fce99b608940d8b5c7
standard_rsp,FC56D59DAFEE69A7E3833D17A6620D19,MID-B2D66F093C0D1F748A5A4019AFC0746D,D0192-M01,Device-0192,MNO-A,PROFILE-0a2bfbd851ac36fc5cc8
aura_rsp,ED5F4261906A3CC31B2A0ECD5570C45C,IAC-06E3B519EF95C09B08F8A2744E2B33A6,D0192-M01,Device-0192,MNO-A,PROFILE-0a2bfbd851ac36fc5cc8
standard_rsp,0A76CA136782B12456851F9C49FA6C3D,MID-BE12BAA756F9B65D09D2924C85F03025,D0126-M02,Device-0126,MNO-B,PROFILE-1751b4cd1e9af2333d59
aura_rsp,FB4DF94563F23824136DC3CC8A4D675B,IAC-50F0E5E617793603DDBD653A25475B9D,D0126-M02,Device-0126,MNO-B,PROFILE-1751b4cd1e9af2333d59
standard_rsp,EBA2233A2935FA5AF5597284996D81D7,MID-1C506E586697156BBA59D8F5D33C65B2,D0135-M03,Device-0135,MNO-C,PROFILE-7dabb860c411d530f3dc
aura_rsp,01A5BB3EEFCD7A52FECD719FA5069906,IAC-7F89CE801210EEF1400BC79DDE37B78E,D0135-M03,Device-0135,MNO-C,PROFILE-7dabb860c411d530f3dc
standard_rsp,644DC45AC44EABB3744ECB3BBA44DD44,MID-924C09F36697AB754C46CDCAF25B7AAB,D0091-M03,Device-0091,MNO-C,PROFILE-3ee6c65910a7880b8819
aura_rsp,E0C6FAFBE3D51DE375511A97E1C3C86E,IAC-8053A2DE7846059D36EF6F608D1B93B6,D0091-M03,Device-0091,MNO-C,PROFILE-3ee6c65910a7880b8819
standard_rsp,BA300F49AAE069FE64EA1924A5F6D1B8,MID-4193064ACE638F958A83D6E8EF9F367A,D0143-M03,Device-0143,MNO-C,PROFILE-daa80615243b23c40010
aura_rsp,5B2E292A168E88A8F0D9CBE7034C1DF5,IAC-22A68F5A4FC5ACC936C47C3557B82E9E,D0143-M03,Device-0143,MNO-C,PROFILE-daa80615243b23c40010
standard_rsp,B78ABBA708FCF75E563F38CB09602BDA,MID-D1F80825905E98DD4440DE65BAF75870,D0053-M01,Device-0053,MNO-A,PROFILE-bb595cda3e35753f22f7
aura_rsp,36B826F3054F801EC5F5F9AFE6883ACE,IAC-56C4DDCA7EE6648A88EECB0F4DD10386,D0053-M01,Device-0053,MNO-A,PROFILE-bb595cda3e35753f22f7
standard_rsp,5907C071EADC495B336EA024A011768B,MID-ECE9C74E0B93BE26DE2AF0C6FE314F14,D0193-M03,Device-0193,MNO-C,PROFILE-21fc94ce293f11eddba8
aura_rsp,3DA0EE6F6FEB1C7CD6E5B8E9FA1B8636,IAC-6C7B8B9EBDAA3F3B0B8FF17B1EF94D3B,D0193-M03,Device-0193,MNO-C,PROFILE-21fc94ce293f11eddba8
standard_rsp,25A82BA91548D98D3A384B1452916D1F,MID-FA738562F029669CEEE8F8A2E0AA2781,D0117-M04,Device-0117,MNO-D,PROFILE-80a1addc621e45ee9b39
aura_rsp,E7B1EFE99425D68BD85A4A297FA3458B,IAC-FB7BED433024495599C39C51395FEF3C,D0117-M04,Device-0117,MNO-D,PROFILE-80a1addc621e45ee9b39
standard_rsp,29F607B0E087C29B1F852B64B67085F6,MID-D8B3BAB5283656DA70DB98011910714A,D0105-M02,Device-0105,MNO-B,PROFILE-2b85f5d82f31d39cbc2a
aura_rsp,0C8317B21A38C0CF7A0427849D1B6EC2,IAC-0907E658FBAD7AB725BAB31D18B7CFA4,D0105-M02,Device-0105,MNO-B,PROFILE-2b85f5d82f31d39cbc2a
standard_rsp,20AC4CB93B2475A96A91798AC0F39829,MID-BFBA324AE5E9E4AAD71C6EA34F7CBBB4,D0132-M03,Device-0132,MNO-C,PROFILE-de4765a41f1b3b354763
aura_rsp,EDBC57E639BA890F4A7EBAEAF80DBDA9,IAC-A85F7B6E86B859AC84E6ACB89832C900,D0132-M03,Device-0132,MNO-C,PROFILE-de4765a41f1b3b354763
standard_rsp,87A80D18DA1AC1E3E956191795EA8DA2,MID-1692BF5935EF446B57A324049B9CB070,D0099-M02,Device-0099,MNO-B,PROFILE-4c89bb0435031cee912e
aura_rsp,607E0730C89F78C955CD8F5E46F21154,IAC-0C3EEE1B6DC6DA9335F10624C8F3DA47,D0099-M02,Device-0099,MNO-B,PROFILE-4c89bb0435031cee912e
standard_rsp,A1A4D3991FB8DA87EBBB97B4E594534E,MID-5698CC1C0DC4CAFD7D1DAFBEDF9AA10E,D0226-M03,Device-0226,MNO-C,PROFILE-0b6ed9dadec57310f3dd
aura_rsp,D46A7FCEF00562A868D143DFECDCC6D6,IAC-F7814F7083D45094C62AB938F9B4833B,D0226-M03,Device-0226,MNO-C,PROFILE-0b6ed9dadec57310f3dd
standard_rsp,0B3A46F836BF72A054BF27CA92DFCE54,MID-9D10001F6E6705CFF63C6CC4A9511ADA,D0068-M01,Device-0068,MNO-A,PROFILE-045175c29295fefc9feb
aura_rsp,1537D1BDDD511B93BD500046F3991AE1,IAC-FA009455444687C5708BEB38CE65B88D,D0068-M01,Device-0068,MNO-A,PROFILE-045175c29295fefc9feb
standard_rsp,A58BD201666D2D22092E993D372B072A,MID-7D15148B09C10368886EABD8EBBA3B92,D0038-M04,Device-0038,MNO-D,PROFILE-8ac413c03cae07f1920f
aura_rsp,E58F19E5DF02CD079423C6E2AEE932BA,IAC-14A9999749B6931343E153AA0CB81A6F,D0038-M04,Device-0038,MNO-D,PROFILE-8ac413c03cae07f1920f
standard_rsp,527FE896A557893A4E4E9F3D9B1D6DC1,MID-BCE385E4285EE295AB52CAE3127A2F1F,D0062-M03,Device-0062,MNO-C,PROFILE-b13e7046e07c3726ec7b
aura_rsp,7C1A25CE468DD8C7B6796B337D68A5B8,IAC-2FCA0715795CAC3E1FAB8630B93F507F,D0062-M03,Device-0062,MNO-C,PROFILE-b13e7046e07c3726ec7b
standard_rsp,C35E4BBF97F6AFF8945EFDE6724D05CF,MID-2718ABBA0CA9A571867F075A423A84FF,D0208-M02,Device-0208,MNO-B,PROFILE-101c68569f6f688406c5
aura_rsp,6F885F77C75DA5F734F3F924676D526C,IAC-7B81F245A5CADB937538D37A186456BF,D0208-M02,Device-0208,MNO-B,PROFILE-101c68569f6f688406c5
standard_rsp,F0685A348DF345FAA6B5373D44999F96,MID-C5B53EC0DCF67CA225BA936FDDF88111,D0098-M03,Device-0098,MNO-C,PROFILE-5d645ded30188dc9afb2
aura_rsp,EF90333F3D4DCE685343FA2C27205D74,IAC-C997CAF45400C290E9E185FA66025EBB,D0098-M03,Device-0098,MNO-C,PROFILE-5d645ded30188dc9afb2
standard_rsp,68E392EC2A7D28BB6857743B8FE6C0D7,MID-0FA0D23C6D6E6B47B7074C595B0FFC59,D0224-M01,Device-0224,MNO-A,PROFILE-c4b5a49330b93b834b93
aura_rsp,6E1E72130E6BC89BB6C33AAA89502E2E,IAC-6D8AE29EA353A125C7205D10D2DAD602,D0224-M01,Device-0224,MNO-A,PROFILE-c4b5a49330b93b834b93
standard_rsp,31C5D0BDD812BCCEEF80228173328C42,MID-0DA56B5980108FAAFAEEC7023D87D96D,D0121-M02,Device-0121,MNO-B,PROFILE-75dbb00d0fa3b4cb8ca8
aura_rsp,678EB95DE1C96ACB478BA1B988481F8A,IAC-586AD52E3230E637E606EA9701BF00E2,D0121-M02,Device-0121,MNO-B,PROFILE-75dbb00d0fa3b4cb8ca8
standard_rsp,29BD26AA2476C3A037AC9B50C73F06A5,MID-9506C6EC44F93E34746A07B713202AD7,D0010-M03,Device-0010,MNO-C,PROFILE-be6edb86da181cfdc2fd
aura_rsp,A259F5E7E773AE0E1E9E878E1FFB1FF0,IAC-2D8C98BB4BF9B592F200CEED10A178B2,D0010-M03,Device-0010,MNO-C,PROFILE-be6edb86da181cfdc2fd
standard_rsp,B49A31522AE91803F211D8D0DFB1EC79,MID-662BD5D4B639BA2E8CC686DCBFEBA790,D0112-M04,Device-0112,MNO-D,PROFILE-221cce772d6c2748239c
aura_rsp,11DCFCDA8BB2890A233982D3F3CB3CF7,IAC-72D1C8910F09E60F34380A0930286DF0,D0112-M04,Device-0112,MNO-D,PROFILE-221cce772d6c2748239c
standard_rsp,05554F352D8133B9B0A027CBC175AB8D,MID-3E35372A186369EAE33907EFAFE64753,D0136-M02,Device-0136,MNO-B,PROFILE-fdec611658c99ec30725
aura_rsp,6EA45DDA2181DA329F168551EC248649,IAC-84E1BB12EE573AC075DA8EF96D61EED3,D0136-M02,Device-0136,MNO-B,PROFILE-fdec611658c99ec30725
standard_rsp,AE5854AD16EB4710A04F95A1F2A79D45,MID-7AB769FAC7E3DF5C394E78688DCB4DEA,D0054-M01,Device-0054,MNO-A,PROFILE-a476a52558dcd0352ced
aura_rsp,F7D24CCD025CF5AA231B5C234C659619,IAC-24AA51FA720CE671F4635B3E11769ECA,D0054-M01,Device-0054,MNO-A,PROFILE-a476a52558dcd0352ced
standard_rsp,AE74B21CFBA2ACC25C845D0607D4641D,MID-498F691A7A8C700FC82A6A19EAD9A6E6,D0171-M01,Device-0171,MNO-A,PROFILE-b643f9f8a8c9542cce52
aura_rsp,0BBE200AC24A211E809CB7318A73A5E1,IAC-C3EC1ACBC30E648B9DDE4C06A73435F8,D0171-M01,Device-0171,MNO-A,PROFILE-b643f9f8a8c9542cce52
standard_rsp,B01BD5A3D34968655355ADAAC4A2AC94,MID-7F63D5A5109AB5027A7F43DA846D8135,D0035-M03,Device-0035,MNO-C,PROFILE-f050608704c571af71ca
aura_rsp,B1C6EE775EF1172EDEE4B0C9E12860B1,IAC-95729F671A49C1469CAD322E5CFB3389,D0035-M03,Device-0035,MNO-C,PROFILE-f050608704c571af71ca
standard_rsp,9B0A54413A4829DDB23289CE976BDE4C,MID-F8996AAE44F6AC2712DA696E5DC7E739,D0027-M04,Device-0027,MNO-D,PROFILE-a35c7e46ea18a50ac26e
aura_rsp,1C0155B6B58C3FCAFAFF1BBF856E698E,IAC-B915861333588D7800AB45F3483475CD,D0027-M04,Device-0027,MNO-D,PROFILE-a35c7e46ea18a50ac26e
standard_rsp,D8D55B67AF408351BA7C73436850E958,MID-09361B0394A0FC6230A9478F90C4E90C,D0105-M04,Device-0105,MNO-D,PROFILE-2ab89e377ad90d8b41ec
aura_rsp,1DC805795D868F0E73D84F7670FD29F2,IAC-E5286D71950685BC7208FA2813024725,D0105-M04,Device-0105,MNO-D,PROFILE-2ab89e377ad90d8b41ec
standard_rsp,2E8650B66666B91E2A00E0689CB568C7,MID-2870C9752E0C17EAD324F0765F0262CD,D0117-M01,Device-0117,MNO-A,PROFILE-07459ab628fe1afe367e
aura_rsp,2BF34152F6A7B8A6D2752BC1A39BAF01,IAC-FCB7814BCB7740C5847AC9FA70F39350,D0117-M01,Device-0117,MNO-A,PROFILE-07459ab628fe1afe367e
standard_rsp,0BD37B05224C050D330EAF25D87190EC,MID-4BE1FDF8C0E26D2FCD7E2BEA6BCE8FE2,D0196-M03,Device-0196,MNO-C,PROFILE-b4395f290f2167ef01ac
aura_rsp,4FDC11A7B5EAB5129B90D73D988E78CA,IAC-E49F345CA83952659BF506A5BF593DA1,D0196-M03,Device-0196,MNO-C,PROFILE-b4395f290f2167ef01ac
standard_rsp,CF3E0130D5149431A2707195B45F6128,MID-939F0E3C848648A7C3A530C3E90B53C4,D0102-M02,Device-0102,MNO-B,PROFILE-96443a884d5f6a0dcb43
aura_rsp,14AD5677FD46EF03CEC803CE72A20E35,IAC-2C661AABD5F8980F6CDFCF7D4F986886,D0102-M02,Device-0102,MNO-B,PROFILE-96443a884d5f6a0dcb43
standard_rsp,8BDBE18C3879A01D6D11EB392A0AC5C5,MID-7A5E27CD602C66FAC79945E53D82A460,D0021-M01,Device-0021,MNO-A,PROFILE-b4ccb32fa86dc69c7890
aura_rsp,8032A4561FC951D43CEBABF52ED9D2F7,IAC-EE81144B3E37C41741E65A5CC57614CD,D0021-M01,Device-0021,MNO-A,PROFILE-b4ccb32fa86dc69c7890
standard_rsp,8FC86E40A1C6FD4DFCEE750330BE3598,MID-E2D9E75633C6074FA96EA9E18E59877C,D0131-M04,Device-0131,MNO-D,PROFILE-418df484120a6fca549a
aura_rsp,C56327D7EC6FA4298D05B692DACDCA97,IAC-89DF47F1F024B90AB4F9C37056878A1B,D0131-M04,Device-0131,MNO-D,PROFILE-418df484120a6fca549a
standard_rsp,E3471294352E58AD65DA22C06F1357D4,MID-829D122A73542BBFDB27DBECAEACFB93,D0217-M03,Device-0217,MNO-C,PROFILE-c9216c41e3d1271a9314
aura_rsp,A172C47CB5A273033A17494CE96FDE96,IAC-16BC51A55570287721D05B1A3C414467,D0217-M03,Device-0217,MNO-C,PROFILE-c9216c41e3d1271a9314
standard_rsp,EE8202B190CCE35C86D20DCEA645DE28,MID-3B3595FA2CB4BDC782B1EEBC6D7967C9,D0178-M01,Device-0178,MNO-A,PROFILE-a9120c151af3930b6ce3
aura_rsp,37DDB662BAD5EA4BD9CC0796BF47BC79,IAC-21CB014C3E0D89A4FD930F37947D9DF6,D0178-M01,Device-0178,MNO-A,PROFILE-a9120c151af3930b6ce3
standard_rsp,8016D25F75419EC4FC9DD291A7C305DD,MID-88E887741D638F61CF731A165EFFED63,D0151-M01,Device-0151,MNO-A,PROFILE-065c704adbe2d3cbd01e
aura_rsp,541B21DC1367EAA5C6B3EC3A7EC694F7,IAC-6D6F3F1A70C9831555A91A9C3B55DBAC,D0151-M01,Device-0151,MNO-A,PROFILE-065c704adbe2d3cbd01e
standard_rsp,8C4A6DDD141F6F4A827CB512BF2CF70F,MID-9CCEF080FC6DF245FBA2A1A00CB2D2B8,D0127-M04,Device-0127,MNO-D,PROFILE-5dcb52f3809c6b98eef4
aura_rsp,057B1A4F7CE358151D8F492256544AFF,IAC-545EF4F799FCE629406517150568F210,D0127-M04,Device-0127,MNO-D,PROFILE-5dcb52f3809c6b98eef4
standard_rsp,D2D349229BCA1483A0D2B3C145D9B25A,MID-288DAC8C5D3A7FF0F36BC608A891980E,D0227-M03,Device-0227,MNO-C,PROFILE-2186009913110fa49d82
aura_rsp,27EE2DB9574765FA7B677A579B466447,IAC-AE648D6FD7DE6705EE049806970663C4,D0227-M03,Device-0227,MNO-C,PROFILE-2186009913110fa49d82
standard_rsp,E523A335686E09183CECE2C6183308A8,MID-B2F09544ABE5B10B26E2078F7D69D956,D0157-M03,Device-0157,MNO-C,PROFILE-8afae5cc5740fc0884c9
aura_rsp,6FA5296F302E8718091C2C5EAC4C3F4E,IAC-97617F798C638D4669CB92973DFDE8E0,D0157-M03,Device-0157,MNO-C,PROFILE-8afae5cc5740fc0884c9
standard_rsp,23D1E7716133C00863A69F9B3E36822B,MID-4D8D8993187F7FB0557CCF2C73E9EAD1,D0002-M02,Device-0002,MNO-B,PROFILE-1257b740541f9ed1fda1
aura_rsp,C523BBA200606FCAEB95E1068782E3EA,IAC-1B4A3A6597B74D9DBF5E7B4E63D158F3,D0002-M02,Device-0002,MNO-B,PROFILE-1257b740541f9ed1fda1
standard_rsp,DBDDE82E5F7ABE1401575DF8C97455D1,MID-D0F9083F61B3B29BA820D2A103214D6A,D0116-M03,Device-0116,MNO-C,PROFILE-07d6412416846696a76b
aura_rsp,E6ECBE4EED0FA1EBC10AC76A4664A1EF,IAC-BE83382B013FC9FF9C9B2698C75ED445,D0116-M03,Device-0116,MNO-C,PROFILE-07d6412416846696a76b
standard_rsp,65C0F53990CAACB25490C5F12BABEDE8,MID-91C08361FDED08E1846088BD786E02EE,D0062-M01,Device-0062,MNO-A,PROFILE-d307cbd7704d7de236aa
aura_rsp,76DABD6A256DC4764CEFE6011852A9B7,IAC-323133D29DD6521FF30A07E9A98506F8,D0062-M01,Device-0062,MNO-A,PROFILE-d307cbd7704d7de236aa
standard_rsp,AD8BC3D62A4D17C54ECB929C9C6EDCC9,MID-538CFFD69F0AA77EEB40131A2E01A9E5,D0048-M02,Device-0048,MNO-B,PROFILE-46de176c5c85f9211b80
aura_rsp,50BA40F839BA89A3398473F10FA1FC2A,IAC-9119057CECD33C8A573AD4F7ED0C9F71,D0048-M02,Device-0048,MNO-B,PROFILE-46de176c5c85f9211b80
standard_rsp,A2E6BA596C617F3D0324454E518A9027,MID-E0CE369F7E2DAE62D3008A1A033E2C53,D0046-M02,Device-0046,MNO-B,PROFILE-1a12446068f653460214
aura_rsp,FE6D48A69CFD79C86FDDBD99D4D2E4FC,IAC-52373CF75991161595D4ABE8919BC1A7,D0046-M02,Device-0046,MNO-B,PROFILE-1a12446068f653460214
standard_rsp,294FBC24484958A1B8FC5F9DD05E08EC,MID-D279202FF91716B877FA201FD34B61FE,D0171-M03,Device-0171,MNO-C,PROFILE-0dc483a7108e8bc562c2
aura_rsp,E05B1610469E3C0EECE7B756D8F5CD8D,IAC-B640C92EDA11FCDED2AA4C1FAF1EDE2F,D0171-M03,Device-0171,MNO-C,PROFILE-0dc483a7108e8bc562c2
standard_rsp,CBC202C2E0782678942DC6AF67A33418,MID-EE7E21C84593D68CBF57C0CFE80937B3,D0144-M02,Device-0144,MNO-B,PROFILE-23f47f722aacb10e87d9
aura_rsp,D5D17D11C2B3C89C11F9BD5719592FFD,IAC-8B473652E3C308F72DE79BBBE898AF96,D0144-M02,Device-0144,MNO-B,PROFILE-23f47f722aacb10e87d9
standard_rsp,0D41F75E3E7F9424991412CB58645E83,MID-8972F79E799A4074B76E33660B29C9B9,D0042-M03,Device-0042,MNO-C,PROFILE-338554ea5d1c3f9686c8
aura_rsp,18FEE827B093B400FE5FD6B18C88DC21,IAC-549A31B6689597CBDE862D9F65658D7D,D0042-M03,Device-0042,MNO-C,PROFILE-338554ea5d1c3f9686c8
standard_rsp,A58AB5A3F56A9997961A0D0AD080501E,MID-4C84BB7DA0855EB1355ACD48AA28C66B,D0175-M04,Device-0175,MNO-D,PROFILE-bd4836a8d778562bf270
aura_rsp,6CD83175882E6E9ED3CCCB98ADA256F6,IAC-75E78873480A677C9A6B4BDE173F4F35,D0175-M04,Device-0175,MNO-D,PROFILE-bd4836a8d778562bf270
standard_rsp,6E1C9D6DD5F5C2D8E88B606260B65FA0,MID-A47D5BC89E637B550601F8B14C164279,D0009-M04,Device-0009,MNO-D,PROFILE-9ff1b5f4e507eeec6179
aura_rsp,766E4EB2117A6738B08FACFA98ED70F3,IAC-574DFFD0CF1B633595F579993F510EEB,D0009-M04,Device-0009,MNO-D,PROFILE-9ff1b5f4e507eeec6179
standard_rsp,CC22E53F8C79FCAEF554F07242EBEFF2,MID-1A64D81F05798A81453045D045D0E75E,D0220-M04,Device-0220,MNO-D,PROFILE-c2a67a1c9b1e0183f5bf
aura_rsp,D5F21B795E4AEB8BBDB3CAE61DC4F2F6,IAC-03049E863E3398E750DE0247E6F048DD,D0220-M04,Device-0220,MNO-D,PROFILE-c2a67a1c9b1e0183f5bf
standard_rsp,A0E6A8599AE607D60E8447D0FEFDA8B2,MID-8E59E2D5679614D78ADB3F8CA5308F37,D0214-M03,Device-0214,MNO-C,PROFILE-656d4432526b419e6c40
aura_rsp,B89B66E141EDA54CBE2737E37FFBFEB3,IAC-6E920454A50A0B685D4B6BA8852D79E5,D0214-M03,Device-0214,MNO-C,PROFILE-656d4432526b419e6c40
standard_rsp,2621577735C8C5B7E49A320808FDAD27,MID-BD8D8AD09C9A5423B50AA7E32760C869,D0177-M04,Device-0177,MNO-D,PROFILE-5993f743f6dec5a0da27
aura_rsp,CECE0113CF8E5C6B2B2555626F917ED2,IAC-912450233DB6527056F4B88347C36154,D0177-M04,Device-0177,MNO-D,PROFILE-5993f743f6dec5a0da27
standard_rsp,74A9D8A0971ACF531ED78FA4C395D174,MID-2CAACC59CB37C63DABA22C7596886335,D0027-M02,Device-0027,MNO-B,PROFILE-765fc62f5c6caf628f88
aura_rsp,ACC13AE54746985CCDED4016150F7BF2,IAC-82029EDC97D77415EF137F471B912108,D0027-M02,Device-0027,MNO-B,PROFILE-765fc62f5c6caf628f88
standard_rsp,2B03830BF9901C5EA17EDEFC8632B379,MID-168DEBD2B9E6A8DB8A340D80CD258BD1,D0025-M03,Device-0025,MNO-C,PROFILE-861de8d7ec9e9bb24dc5
aura_rsp,BBD45CFBD87D9B20E7FCCC5F507677DE,IAC-EDA1D37F095E7B08C9E78FF350E10275,D0025-M03,Device-0025,MNO-C,PROFILE-861de8d7ec9e9bb24dc5
standard_rsp,9972971227974118849C596CE1A97469,MID-6DEBE53ED9FD7D5F94C8265E7D7E4329,D0070-M02,Device-0070,MNO-B,PROFILE-13bc3e491728ddcd8af9
aura_rsp,9F91BD1CCB70790715C8E8666D11A2FA,IAC-F5DAAC099BC560E96DCC6C83A1BBF4A7,D0070-M02,Device-0070,MNO-B,PROFILE-13bc3e491728ddcd8af9
standard_rsp,74503D1C08C97BDE6E246D45C0596C0A,MID-158FB4D660A848FCAAF6F3236A536BD1,D0056-M04,Device-0056,MNO-D,PROFILE-9da318745f9056342569
aura_rsp,8B9429FF018EE6DB3290FFFB3AA4FB17,IAC-DD2F0D1AEE181657349A768E6DB63B69,D0056-M04,Device-0056,MNO-D,PROFILE-9da318745f9056342569
standard_rsp,13B81D12EB546CA7F4C7E9561C4C3FDD,MID-EDE36D1806713EA436A2AA9F19BB9993,D0128-M01,Device-0128,MNO-A,PROFILE-65ba1079475452be164e
aura_rsp,60705C4F286FA31240A91435DADB89C3,IAC-14A472E31BDDF164008553768DFC0031,D0128-M01,Device-0128,MNO-A,PROFILE-65ba1079475452be164e
standard_rsp,4074F220C2988D29E50065CDE25AFB37,MID-82AC21750A732C49C21EF2580935294B,D0210-M01,Device-0210,MNO-A,PROFILE-1ad8d1ed64f8831d0f1e
aura_rsp,A4817B5F8BC48490B7EDACCFAFA6F97F,IAC-0DDDB02E83AC548D1024DD2D9A88A477,D0210-M01,Device-0210,MNO-A,PROFILE-1ad8d1ed64f8831d0f1e
standard_rsp,1B69C58C1B00248C318310737F7753C1,MID-2A5F4E35026AD104ACF37DF2105346C0,D0034-M01,Device-0034,MNO-A,PROFILE-a04e2cd10ad54c8c2787
aura_rsp,BC7E3F83F1827F4DB00BE36A692CBF4A,IAC-AF10BF9E4D8ABD1114C59EF00D75D91B,D0034-M01,Device-0034,MNO-A,PROFILE-a04e2cd10ad54c8c2787
standard_rsp,3EAD7C4FCB00D0EE5E5A77C5759F6055,MID-D05AAA30C6BA9692077A51E7C732EDF5,D0058-M03,Device-0058,MNO-C,PROFILE-d466acff79a33eb72896
aura_rsp,2E68B189E5281EDB6230020257D46404,IAC-DE1EF80ECDC783902FAA78C8823A1C9E,D0058-M03,Device-0058,MNO-C,PROFILE-d466acff79a33eb72896
standard_rsp,70EC7009A1C4C6EDC65D59173D6FDDEB,MID-32BFA9C7AB3F7ECC3E9FCE0B89C23554,D0019-M03,Device-0019,MNO-C,PROFILE-4150642ca94e20084e99
aura_rsp,19F02F07A8359E005E11F9EE5552DFCF,IAC-12C8B7E0D776AD946233973707C1B2D5,D0019-M03,Device-0019,MNO-C,PROFILE-4150642ca94e20084e99
standard_rsp,229EAE5C2C188A11B96E1BCB174B28EB,MID-555B74828C93A8124836764BA8372384,D0106-M03,Device-0106,MNO-C,PROFILE-5da869bb2edac7239361
aura_rsp,A6E41A0B73AF86B106211AB2070A5858,IAC-D6E2B9A78F148B10B37461E04BFA447F,D0106-M03,Device-0106,MNO-C,PROFILE-5da869bb2edac7239361
standard_rsp,34A061D8E9D665E63AB061F8A2A6B161,MID-CB3CBB309D1373BF31D270592EDE5E17,D0214-M01,Device-0214,MNO-A,PROFILE-c882d385d7e47b017e5c
aura_rsp,D4B6A7E0B5093CDABE79743F9554EB8D,IAC-5D1B504C2A8F99D5C868B3549527FD9F,D0214-M01,Device-0214,MNO-A,PROFILE-c882d385d7e47b017e5c
standard_rsp,A3E3F7551CE628C7CF70D923514718C3,MID-55176EA5D503D3E64BC78D9F93C4867E,D0061-M04,Device-0061,MNO-D,PROFILE-845a66654109dc7cb4f9
aura_rsp,C909BDCCE910CC2DCD5F0AE578D8C06A,IAC-2EFAC43D9C848A0AC2B67D8C25B24593,D0061-M04,Device-0061,MNO-D,PROFILE-845a66654109dc7cb4f9
standard_rsp,8AEC52D59AACA4F3679C683794817641,MID-03033E6B2C68B4513416E73405F08C8A,D0054-M03,Device-0054,MNO-C,PROFILE-c59557d5036e67daba0f
aura_rsp,29D4E13E0F03F66912CECA09C987B1F3,IAC-FC11881AE39AD47F6E31FBB9BBED9580,D0054-M03,Device-0054,MNO-C,PROFILE-c59557d5036e67daba0f
standard_rsp,F1A650197F2CA6F548CB6C314F5B0912,MID-498657E8B7CE14183FACE97F326A0D02,D0188-M01,Device-0188,MNO-A,PROFILE-20738c1927727adb9bc2
aura_rsp,D96CBA280AB8BBCD5892905D02094681,IAC-87C9658816C2625123180D174AF02062,D0188-M01,Device-0188,MNO-A,PROFILE-20738c1927727adb9bc2
standard_rsp,5C1D4865C8B5CD94D88C55B77FD5D309,MID-CFFDD8CB99D16D1C2363D5C22F0413CC,D0089-M03,Device-0089,MNO-C,PROFILE-322947b000d298ed5eaa
aura_rsp,17FCD802FAE68CFC19535A8CC4A45BC5,IAC-5B708D9DD457EF225BD845453D92A9D4,D0089-M03,Device-0089,MNO-C,PROFILE-322947b000d298ed5eaa
standard_rsp,E1482F4DEA4D9D680C150A8DAEB44BED,MID-12DEB62988CE9676D0F8219C2209A6ED,D0127-M01,Device-0127,MNO-A,PROFILE-aa9699dc16ffa4a8f8bc
aura_rsp,44874B10E2D423B9D5C6338AEE62B3E0,IAC-CF65D4001C6E064F01C16F1546E5A372,D0127-M01,Device-0127,MNO-A,PROFILE-aa9699dc16ffa4a8f8bc
standard_rsp,DE951BA4993D8B3FDFC3BF388377E065,MID-19911AD187030B06E3DC69AE21CECBD3,D0222-M02,Device-0222,MNO-B,PROFILE-03649765d7c0b3b15d1d
aura_rsp,F15B039A8EE68F932124302AABCC4469,IAC-1B5DA0C2CE25D42A552091B143E54072,D0222-M02,Device-0222,MNO-B,PROFILE-03649765d7c0b3b15d1d
standard_rsp,3FC2F46C68D6389027531991877D7CDA,MID-566F38D3E9E5F5FE4C6BDF620DCC22DD,D0228-M04,Device-0228,MNO-D,PROFILE-fc809f0b062f377038b1
aura_rsp,FFEEF2C794A2431053A60DDD29AAF56A,IAC-C94CA708056D8E1480F8CCCCA1CB5570,D0228-M04,Device-0228,MNO-D,PROFILE-fc809f0b062f377038b1
standard_rsp,040BDDE8A68D13E604167613DF1E567D,MID-4AFFC524CAEF2ADB3700BD73FA6049D6,D0030-M02,Device-0030,MNO-B,PROFILE-07a89d21772d062c3fae
aura_rsp,E176F830DB94AC214374B22870B24FF3,IAC-01D1028B6C9DDA7B5743B23566FDF013,D0030-M02,Device-0030,MNO-B,PROFILE-07a89d21772d062c3fae
standard_rsp,34B784206B94BF4059E458030EC54EE9,MID-0FC2C7B39E5ACB360E759081856D5D3B,D0075-M02,Device-0075,MNO-B,PROFILE-ff117ee4336365cd2c51
aura_rsp,7C51DD74CCA55E5AA75FB880C33BDA59,IAC-21DCE88239BD910C4BA3743FF944422C,D0075-M02,Device-0075,MNO-B,PROFILE-ff117ee4336365cd2c51
standard_rsp,34E82221B8EFAF26E9298D9C514D0EA7,MID-29DFC01192E372A4272C41D5AE06DFA3,D0145-M04,Device-0145,MNO-D,PROFILE-3016b0d86a5100ea0c9b
aura_rsp,93D88C4FF3861896777900CAE7452F73,IAC-A6821FC8279356932689154EACC897BC,D0145-M04,Device-0145,MNO-D,PROFILE-3016b0d86a5100ea0c9b
standard_rsp,98B71150DE812D6A734CDD5DE81486D4,MID-6D0E579A1BF76FE5902F983D5EA17EFF,D0249-M03,Device-0249,MNO-C,PROFILE-a9e0c419b0c5b829b272
aura_rsp,8C22AB63EE6311D8BFF16A9D43316440,IAC-755649D2246948C96943A26AC3EA3106,D0249-M03,Device-0249,MNO-C,PROFILE-a9e0c419b0c5b829b272
standard_rsp,1FAF5770C50D2D9131BC2BBDABE379F0,MID-0426F12BFBC7A4F5916386628628C0B8,D0088-M03,Device-0088,MNO-C,PROFILE-54cb9112eb3736279c9f
aura_rsp,0B56302C29FF8C0BEDD8ED2EB07AB86C,IAC-6FB7312D5A87E650F90163ADBB68B289,D0088-M03,Device-0088,MNO-C,PROFILE-54cb9112eb3736279c9f
standard_rsp,5ECB1D157946FDD9DA61F32EAF9EA955,MID-616F5A81FAA37A005F735CDD83658719,D0191-M02,Device-0191,MNO-B,PROFILE-7ae40508e3bcc6452174
aura_rsp,2BC0A520E9935519386A4A730AA411C3,IAC-27F625C0A8BFE0451F3060B0C7DCC8ED,D0191-M02,Device-0191,MNO-B,PROFILE-7ae40508e3bcc6452174
standard_rsp,C6A76054D674910E4874140F099D2CC1,MID-D457C0821853A8C6EB35E5EA9EFBED88,D0208-M01,Device-0208,MNO-A,PROFILE-e54b5b2c6e36176c6e15
aura_rsp,78EA0B71CE2CB481822B429B3886015E,IAC-C22E6EBC290A9F4A8813C733B01B6AF6,D0208-M01,Device-0208,MNO-A,PROFILE-e54b5b2c6e36176c6e15
standard_rsp,D8E8757AB27A39BA3F638D0A7177D5F7,MID-AD63EB7CEBFEDAF145F4FD86A96DF744,D0243-M02,Device-0243,MNO-B,PROFILE-473a47f04ffd94b4d966
aura_rsp,1A84DCE3F796EB0AA2E418325695DF7B,IAC-611CE9AA6EB5FA567126ECCC3152C456,D0243-M02,Device-0243,MNO-B,PROFILE-473a47f04ffd94b4d966
standard_rsp,7F0FE9DE4C47E3482EEE60CD3F0E54B7,MID-7C2533500932809729195E9DB2A4C0BD,D0058-M02,Device-0058,MNO-B,PROFILE-146f090901a0a4579f1c
aura_rsp,A0CCD104DB6A2CF48890AECF58AEFB84,IAC-D79165402842D2CA1504D511F201E221,D0058-M02,Device-0058,MNO-B,PROFILE-146f090901a0a4579f1c
standard_rsp,348EF05E02E511C36D291D1A7510AF8A,MID-C37D96CF7D53BB22EB2794A79DADEB7A,D0198-M01,Device-0198,MNO-A,PROFILE-d3c224758b7d9b66f94f
aura_rsp,1908907652D079F60745DCB9B318DE19,IAC-5AEF9758910941466462E4DF49EC81BC,D0198-M01,Device-0198,MNO-A,PROFILE-d3c224758b7d9b66f94f
standard_rsp,B367BB6D629098418B943B188AE9EDE4,MID-2319FF9CC9AB4D85DB1820CD84227706,D0168-M03,Device-0168,MNO-C,PROFILE-e49ca38d5a6665a47260
aura_rsp,346ED5B072E3B6E1B9E1613EB51FCCA6,IAC-022D7A7B316422ECDB7E84AF12780BFD,D0168-M03,Device-0168,MNO-C,PROFILE-e49ca38d5a6665a47260
standard_rsp,5F4B2EDF4B3BFDE23082CC9CD61B6C2E,MID-574CCA52B1C5579CDDAF9740D183E915,D0001-M03,Device-0001,MNO-C,PROFILE-211371b8d68975f21ec5
aura_rsp,C9523D4B0ADB39E6AA319B2252B8ABDC,IAC-AC43F363BFAFC998F4D168131A734A4F,D0001-M03,Device-0001,MNO-C,PROFILE-211371b8d68975f21ec5
standard_rsp,EDD8DABEEDD9E8EEDCFD6609A5DA88A5,MID-760D78AF00B2638FB4873F90F8BBA441,D0218-M04,Device-0218,MNO-D,PROFILE-a6e694cbcb5592606770
aura_rsp,239775FE836D01E33EDC4204CF987C5B,IAC-D7A12DA2E6A1A8C1060D9B1925EC350B,D0218-M04,Device-0218,MNO-D,PROFILE-a6e694cbcb5592606770
standard_rsp,56FD652A3D9D2AA9E18CD4F654DCA2D8,MID-B78F47B072D5BB06CEBEF886E2A2E7A3,D0030-M04,Device-0030,MNO-D,PROFILE-dba9faa5b8e6e22cf8ab
aura_rsp,1A45927A7C20EE11922FCBBF33B62267,IAC-C53E2CA142D023ACCD4AC04B5B8EA1B8,D0030-M04,Device-0030,MNO-D,PROFILE-dba9faa5b8e6e22cf8ab
standard_rsp,BB0A4D766E6AB3343204798FF2339A08,MID-E1F2588F6EE87C148338BD2DB1E061BA,D0125-M04,Device-0125,MNO-D,PROFILE-600b70648ae16346febf
aura_rsp,59D957B4B05A0F372F696B53B3488FBC,IAC-095E84FB913365DEDEA97439893DDD3F,D0125-M04,Device-0125,MNO-D,PROFILE-600b70648ae16346febf
standard_rsp,681256F58E931FEA77531DCF4F60A4FB,MID-5FBD5B20073004ADF6E068563921898E,D0163-M01,Device-0163,MNO-A,PROFILE-193d070c0b2437ac5c25
aura_rsp,5B7D7FEE5D196B10CD056120A0074B7F,IAC-62E36873DCE588EA14A733777D3BEA11,D0163-M01,Device-0163,MNO-A,PROFILE-193d070c0b2437ac5c25
standard_rsp,E02E2BD1DC780A81787D8049C94770AC,MID-F440220BF068F7E7BF65B52384357048,D0225-M02,Device-0225,MNO-B,PROFILE-8736e131d22e92ef881c
aura_rsp,C24980740F86B26E86FD995305313011,IAC-6FBE249C2F3DB907A9FCD2C77D1E6042,D0225-M02,Device-0225,MNO-B,PROFILE-8736e131d22e92ef881c
standard_rsp,2C2C87C34B89373AAC7E8A61C2FAD734,MID-FBA9B222B82005B9BBB3BEFC5B21350A,D0199-M04,Device-0199,MNO-D,PROFILE-214b994af4835eb7c0f3
aura_rsp,7F48CB0F3DB1D8C76EDFECF157934050,IAC-679D757E45BD69E8572A13211B505669,D0199-M04,Device-0199,MNO-D,PROFILE-214b994af4835eb7c0f3
standard_rsp,698AB54603D40FF4309C064CC6B126C0,MID-2AE66DEBAEBFD1B092393E3D6F025EA5,D0028-M04,Device-0028,MNO-D,PROFILE-8097a8292152c58c7219
aura_rsp,F4D61BF52EB2C6829C31B63337D6231A,IAC-740742A16D4E8C01F7E8EF64008161DB,D0028-M04,Device-0028,MNO-D,PROFILE-8097a8292152c58c7219
standard_rsp,241D53C5226808161FC407D216B27836,MID-F3587864D180F0A0CFE25E9648A653E7,D0202-M04,Device-0202,MNO-D,PROFILE-4c14f76aea2359ae9545
aura_rsp,8F5225F7640A85C3BD03F060CB9F8AED,IAC-8F9414911183C5D2BAABF7B4BFCD6533,D0202-M04,Device-0202,MNO-D,PROFILE-4c14f76aea2359ae9545
standard_rsp,435FE14D822676F46D84F7EFAA48CF24,MID-3EC163D2E8CF136C39B5AD5139CC13C1,D0020-M03,Device-0020,MNO-C,PROFILE-4675c6a71b03fbf29f53
aura_rsp,D48555188B0E665707F2B7BFCA00DCB9,IAC-A313B86444F52497C050CD2EADA7C884,D0020-M03,Device-0020,MNO-C,PROFILE-4675c6a71b03fbf29f53
standard_rsp,66C9D2A286C63C4FCE7AB8EC72FE03E6,MID-B324A9FB2DB8352430878AF6F98DE5D7,D0012-M04,Device-0012,MNO-D,PROFILE-39f6b296c7decded0965
aura_rsp,477494543FA007DC098F6FB84C5D32D1,IAC-8C222F418C558DF6A124480EF1311228,D0012-M04,Device-0012,MNO-D,PROFILE-39f6b296c7decded0965
standard_rsp,58D034428B38DE5187CE05BCED4E81DB,MID-32E962DEB0DFB04753DDB961AF8F1AD6,D0166-M03,Device-0166,MNO-C,PROFILE-9ae56924b9f1f4a1642a
aura_rsp,5D231A69FA7AA06D14F13BD231880D4F,IAC-C073E501E540E5F636A66353029B5F64,D0166-M03,Device-0166,MNO-C,PROFILE-9ae56924b9f1f4a1642a
standard_rsp,7899FEA9200F0308FE903D572A5C71F2,MID-7E91C6DE93ABED3F529775086FFBF496,D0040-M04,Device-0040,MNO-D,PROFILE-dcad9590bcc604cb1742
aura_rsp,F52FAB8713A0662E7D3E47F8B9AD2806,IAC-276C58198B0B66AD26CCB00060A37252,D0040-M04,Device-0040,MNO-D,PROFILE-dcad9590bcc604cb1742
standard_rsp,4FB8111270C8565CAC237C519C7872EC,MID-EA6F8A822826CB784527EF54AAB4ED63,D0010-M02,Device-0010,MNO-B,PROFILE-d7cacb3f8a31b223d606
aura_rsp,062F7E5AF539BB3213EC53FD65DFAA00,IAC-D1A518577840E3E7E84FFCB4714B9571,D0010-M02,Device-0010,MNO-B,PROFILE-d7cacb3f8a31b223d606
standard_rsp,CE3BA48B53A3D50034B3136B6ECC9D66,MID-757216D08486E049011BC931BF2546F8,D0243-M01,Device-0243,MNO-A,PROFILE-7af5ccfa06d129572ee8
aura_rsp,BE08A98A10B4236186A033B9BB72F520,IAC-96C68105FCF647CC962735EBAEECC2FD,D0243-M01,Device-0243,MNO-A,PROFILE-7af5ccfa06d129572ee8
standard_rsp,1B78A01F98D0655E9B45EE29FC615216,MID-E82760490E952A8EFD3501FBB3DE115A,D0250-M02,Device-0250,MNO-B,PROFILE-e2242cf6c20c71872756
aura_rsp,C3E3815FAB73C6C6A5F9F54607DFD46B,IAC-E366D1227D0A8E323691BCE07272F71D,D0250-M02,Device-0250,MNO-B,PROFILE-e2242cf6c20c71872756
standard_rsp,ECF610B6B0A915B5B79126AC23D43D45,MID-6085A0C16DC0F60D40219CE91BA91923,D0200-M04,Device-0200,MNO-D,PROFILE-07919cc62a0ed9cb2539
aura_rsp,B6547F8183A06ABB4D7CC2CA02B7061F,IAC-4020585E7ABC7184307511EE864D3F33,D0200-M04,Device-0200,MNO-D,PROFILE-07919cc62a0ed9cb2539
standard_rsp,A3B852F371EEB1F3713D179E2B0B525D,MID-CBD21C076E2D20D803FB29B35448E83F,D0107-M01,Device-0107,MNO-A,PROFILE-e096027159fdd2da381d
aura_rsp,D8218FE41FB5FC13CDDCDFA53E9ADA75,IAC-C69DFC31C69ECC243DD8FFB3C68FF5FB,D0107-M01,Device-0107,MNO-A,PROFILE-e096027159fdd2da381d
standard_rsp,2E2492F2EB4D7876AD9BA371015B916C,MID-A896E6093FC55ED9FBF05B27307C3066,D0224-M02,Device-0224,MNO-B,PROFILE-b167770e28fb26fddca5
aura_rsp,6BE4081E01034B5DAC69E822AE5F436B,IAC-913E7620A8B7B8F407FD58B595F9EA00,D0224-M02,Device-0224,MNO-B,PROFILE-b167770e28fb26fddca5
standard_rsp,D34362256FF9DFBB589F56E3F69BB1FA,MID-AB7A35DE20AFC7E150304C3861E98712,D0249-M02,Device-0249,MNO-B,PROFILE-68beb687365ef33c8dbc
aura_rsp,7241FA61F6B51C386757E18419A7E685,IAC-A596CB99F6801BE79C5BB493ED1A8CD5,D0249-M02,Device-0249,MNO-B,PROFILE-68beb687365ef33c8dbc
standard_rsp,FB1C5D77F5CBA882F43033C5CA39D386,MID-1BA59E042EB4165287BC890CB43A8EB0,D0083-M02,Device-0083,MNO-B,PROFILE-5327edfaf88c9d816697
aura_rsp,6ABE60F9E24C44C9DC432E895E310A5F,IAC-320D53E205927026843B9484FF851890,D0083-M02,Device-0083,MNO-B,PROFILE-5327edfaf88c9d816697
standard_rsp,1FB13CBAEE3B8D3A25E08BE22B5DB5C5,MID-949240930DD0DE4129F5A6CCD0631C56,D0037-M01,Device-0037,MNO-A,PROFILE-3737d521cf3ff2bba1a0
aura_rsp,1927FD6DF436D2D68C384DDB0B29A299,IAC-30D27A6E8451DED05759F41A8CFAA7B4,D0037-M01,Device-0037,MNO-A,PROFILE-3737d521cf3ff2bba1a0
standard_rsp,4AFCE4DBC7D57B8271D7F7C18910781B,MID-56E1622A05AD131AD3C1673108C86257,D0128-M03,Device-0128,MNO-C,PROFILE-56809dc5290c621bbd29
aura_rsp,30BC06AB8A068D609559FEA0C87E2965,IAC-E5801FD2A02EE2CB0A53708AC1F5B6A6,D0128-M03,Device-0128,MNO-C,PROFILE-56809dc5290c621bbd29
standard_rsp,28D90E2F846A8D2E9BF8C0BB331A3FF3,MID-09CA1889C2E76DF175B88046AE2CA553,D0114-M03,Device-0114,MNO-C,PROFILE-3e9ec1c6fa08446693a3
aura_rsp,0F848D0A047FBE8406B51D7E1FFC3E73,IAC-9AEED2A1C14CC2CF7009E3E52D54F16F,D0114-M03,Device-0114,MNO-C,PROFILE-3e9ec1c6fa08446693a3
standard_rsp,37CDBFA2DD53BB36518E981A454F75A0,MID-D90376511CF407F6CC4806E14B6245AC,D0207-M03,Device-0207,MNO-C,PROFILE-b70ddf0839888d6f4022
aura_rsp,4B5DB45BF5D2FDA37B07A00A8622FEFB,IAC-87A2701D23E18E8306C1C308DA1EB5B4,D0207-M03,Device-0207,MNO-C,PROFILE-b70ddf0839888d6f4022
standard_rsp,D8A06E320FC50F2BCF6C45C49BD94CC3,MID-3FA5E5FA0B4A5073871379C6EEEA1409,D0088-M02,Device-0088,MNO-B,PROFILE-f7184fad3b5ccfe3d768
aura_rsp,097293360FD6DDBC6773794F4BF02E43,IAC-46F0D91D732251A4D812A59E7C028FCA,D0088-M02,Device-0088,MNO-B,PROFILE-f7184fad3b5ccfe3d768
standard_rsp,45167334171876CE99C95AE890635243,MID-73EB5350930F5E06DA96C089793CD9B9,D0045-M03,Device-0045,MNO-C,PROFILE-78a159f6c4c0fe68b9ac
aura_rsp,1841BCD66259B179BC073C7A16C95736,IAC-80DFA91C6ABBFA9C38A12B62A0FE5E07,D0045-M03,Device-0045,MNO-C,PROFILE-78a159f6c4c0fe68b9ac
standard_rsp,168CC77BA7D19D1D61DBB7F8A1B7D182,MID-5041929D0345FA96047A32636F88655D,D0115-M04,Device-0115,MNO-D,PROFILE-27f9f1840ead90960143
aura_rsp,42C1E194D21675D82FF798A7BE6F4721,IAC-638523E82EC3188B2F33B1BAD197CA37,D0115-M04,Device-0115,MNO-D,PROFILE-27f9f1840ead90960143
standard_rsp,CF1D263918D54A54CF400A62D3301BDC,MID-FCD947DA857FB288A097680BD529F9FE,D0016-M04,Device-0016,MNO-D,PROFILE-41c7ff7a8de47e683b0c
aura_rsp,A217A274C00A1D3946D0459B3AFEECF6,IAC-225DDDF430FC15D62E1A0ABF4E4C0BCD,D0016-M04,Device-0016,MNO-D,PROFILE-41c7ff7a8de47e683b0c
standard_rsp,628822B137F44E4E73A8E4DF28EA4BD5,MID-B93FC17F84B582911A0ED2EF7AB23CDB,D0113-M02,Device-0113,MNO-B,PROFILE-57c6083228c7403f2bba
aura_rsp,E854CD628AFEB19CD82D80C49954E0D4,IAC-BF28AF47DC2FB6D38B7D6E5E84CE8732,D0113-M02,Device-0113,MNO-B,PROFILE-57c6083228c7403f2bba
standard_rsp,BE56D4E0C3616BF98F8441892B6D003F,MID-917B5B3166F37FA6AC35EFDDB4C3BD91,D0153-M03,Device-0153,MNO-C,PROFILE-c128adbb98567ca5d26d
aura_rsp,BB4C25A32E669F06AEA6059985CF3800,IAC-698E5CB5F9D0704A144DBED5EE15FA98,D0153-M03,Device-0153,MNO-C,PROFILE-c128adbb98567ca5d26d
standard_rsp,7F0657FE66BF02CEEE033D3E1EF5BA90,MID-C14BF745503B4A1BCD925BBC8E833210,D0206-M04,Device-0206,MNO-D,PROFILE-8ccd8493cf7390b554c2
aura_rsp,03A3AD84ED852F505435B2BCD2BD35E0,IAC-8C20E4D5A6F6400BAAE8ABED95A26287,D0206-M04,Device-0206,MNO-D,PROFILE-8ccd8493cf7390b554c2
standard_rsp,D695D3F44F477CA2E53A5D2A2DAE49C4,MID-26123478FF53831A72FE031C08DF2B1A,D0101-M02,Device-0101,MNO-B,PROFILE-b4fabdc5ffdcf16ce03c
aura_rsp,F4BA72D6E22A9D043AEBA85C724BDE23,IAC-8C8CC8024D45A5F0A2532DE886F4F77B,D0101-M02,Device-0101,MNO-B,PROFILE-b4fabdc5ffdcf16ce03c
standard_rsp,CDD0D0837D1426BFAECD90A2C63547C1,MID-83EAEDBBAC7DB38702C126B4A19E2526,D0168-M04,Device-0168,MNO-D,PROFILE-e03140f4fa10bce6343f
aura_rsp,FDCCE06A78E2BB4A6BEE66FE2222F1FE,IAC-3D4C54912D9E7DF0D9802C1763586E62,D0168-M04,Device-0168,MNO-D,PROFILE-e03140f4fa10bce6343f
standard_rsp,CAB81358EC1E302BEFAFBD6FC643593D,MID-C93AC9CDB37EA9B497C8F003123DFC86,D0226-M01,Device-0226,MNO-A,PROFILE-36ddeed08a1d7b868868
aura_rsp,B4A86CCD0F40B0E296F026B4EFD064A8,IAC-F339FC670CF1C2EBEBC430F706AF9A2E,D0226-M01,Device-0226,MNO-A,PROFILE-36ddeed08a1d7b868868
standard_rsp,388CC7468CB1553F1ABB20D5E917BC86,MID-2E82F76D59923B7563DE22FE89B0E39A,D0095-M03,Device-0095,MNO-C,PROFILE-14f1aa30bc9b362e4995
aura_rsp,6AA83F01F851D4FA4C8FDADDA091CC48,IAC-BA0775158765DC87583F9788C3920DA2,D0095-M03,Device-0095,MNO-C,PROFILE-14f1aa30bc9b362e4995
standard_rsp,95AB740EE95A2FD0B73D78623D0D3A9A,MID-B4D92E545715A02BA18A56FCBB940634,D0084-M03,Device-0084,MNO-C,PROFILE-9aa17763cb5889486361
aura_rsp,AB6E989E240F97F2387E30982159C1C0,IAC-2AE9D8C6800030E0D4A2A81DD64FB251,D0084-M03,Device-0084,MNO-C,PROFILE-9aa17763cb5889486361
standard_rsp,3616A19F6BAF39F5A951C6B4ACC221D0,MID-49E0CA7B4F6F92A8792C5FFB7A31BB47,D0006-M02,Device-0006,MNO-B,PROFILE-16ed75f4393119cbde01
aura_rsp,4D4721011BA4FCAB0268D22DC28022FB,IAC-ACD88B2E1446CA47DDB10BDEA9EB7CBC,D0006-M02,Device-0006,MNO-B,PROFILE-16ed75f4393119cbde01
standard_rsp,2A5CACF3306D6E55A01AF38B6693D2FC,MID-87CB9BC1AB0F72E8667AF79F8A030081,D0054-M02,Device-0054,MNO-B,PROFILE-122a5bdb28e93f85d47b
aura_rsp,848E75B72862DDDD0ADE9AA0838B690B,IAC-3515DA0051707752411B1F7CD513E3F7,D0054-M02,Device-0054,MNO-B,PROFILE-122a5bdb28e93f85d47b
standard_rsp,875AEBE6B98C5C07029E7499D15ADFAE,MID-B7569878CC6C75F94BD3F827E7970C4F,D0142-M03,Device-0142,MNO-C,PROFILE-ae1fe46cfba81e4b407e
aura_rsp,BCDC2AF9DE9A884952BE11BE0A5329FE,IAC-BD3EEA789E8E05AC37C0AFBA84A85AAF,D0142-M03,Device-0142,MNO-C,PROFILE-ae1fe46cfba81e4b407e
standard_rsp,E3ACB93E41E31760B8536546C31C8F87,MID-387A85C301BAF155C2FF7BCA832EB3AA,D0160-M04,Device-0160,MNO-D,PROFILE-97af98b54d775c8cab81
aura_rsp,55590E54CBEC0050050CAA791DC04809,IAC-583197F91F1BC9353F4981494CD00885,D0160-M04,Device-0160,MNO-D,PROFILE-97af98b54d775c8cab81
standard_rsp,73B3A2C11FFEAC9F4AD1C59ACB73BA42,MID-FF834286309303C8ACE7F63325FA5392,D0219-M04,Device-0219,MNO-D,PROFILE-0aaff4ce918446370309
aura_rsp,F22CC9DCF276A21E67A25BA19652FCAF,IAC-7C4E8BCDFB6F69C6EEE0BC71AF9A988B,D0219-M04,Device-0219,MNO-D,PROFILE-0aaff4ce918446370309
standard_rsp,6F7921ADE6766A4C3991F30AAB588B53,MID-D7C149388AF14B62279341DAB0E64F86,D0218-M03,Device-0218,MNO-C,PROFILE-691ce6764f2e26b9059b
aura_rsp,E04FCC579BB20C8522E9CFDC9BFB3632,IAC-B3CD57FD73556A41CC4A3E9F38819258,D0218-M03,Device-0218,MNO-C,PROFILE-691ce6764f2e26b9059b
standard_rsp,48AEBD62583FA7FE26019F13A4AD76F9,MID-AA2A5FD75E00F9A79BFFE2819011C684,D0041-M01,Device-0041,MNO-A,PROFILE-57b7fe864481941e13a2
aura_rsp,F5E563276A8E863B693115F35074F999,IAC-A4C12C4DDFB8B7DB7939AC11D566889F,D0041-M01,Device-0041,MNO-A,PROFILE-57b7fe864481941e13a2
standard_rsp,DF096C1867BDB45C521DA60DB11D192B,MID-6FE80CCFD24BA78C6D7348EDEB457340,D0122-M04,Device-0122,MNO-D,PROFILE-53f649dfd357239cbc20
aura_rsp,6243F3FC6E1F124F5813CCB40329F405,IAC-9DF4080A467DD1F2C3338131FF976447,D0122-M04,Device-0122,MNO-D,PROFILE-53f649dfd357239cbc20
standard_rsp,659F8931C6895186643BEEAA479A972E,MID-87D7CE285B0F71692C5C4106280BBD54,D0108-M04,Device-0108,MNO-D,PROFILE-b13ede3892f35424fffa
aura_rsp,ACA78AEDDE7778141E82A9CC3CA26C31,IAC-7496528F1906017328CEAC2106C0EF75,D0108-M04,Device-0108,MNO-D,PROFILE-b13ede3892f35424fffa
standard_rsp,5FBD3C47D25BA4137A5BE2D878EF56A9,MID-9A469D253035BD2D2B9119CCA3417D60,D0246-M02,Device-0246,MNO-B,PROFILE-a8411f351af0e34d1adb
aura_rsp,659921F22C78EAB414066DC7662B556A,IAC-C59F202234B019536D94D95C26562889,D0246-M02,Device-0246,MNO-B,PROFILE-a8411f351af0e34d1adb
standard_rsp,BEEFE3BC3E903CA9F81D62841BFD348E,MID-3F6A9BBC39BC7141B0C487DCABDCC6FA,D0144-M03,Device-0144,MNO-C,PROFILE-d20d0ab073b9196448c1
aura_rsp,5E670ADD5B01AECE6023ACC9CCAED0B7,IAC-F07AE68B83F94E8ACB7EB3555AB41183,D0144-M03,Device-0144,MNO-C,PROFILE-d20d0ab073b9196448c1
standard_rsp,704B87269B07869B122A791E3B74DEBF,MID-B8BCBC840BF9B57D5A65D8FA69CB15A7,D0087-M01,Device-0087,MNO-A,PROFILE-8d14dbc940f74595e84e
aura_rsp,27EAF3D4D64A135F59583C4AFC4F1577,IAC-A82A86CD074C51608E52E13B020878A0,D0087-M01,Device-0087,MNO-A,PROFILE-8d14dbc940f74595e84e
standard_rsp,F5176A4DF6117F4DB76E1872CE397999,MID-9C5323B3875435CB98AF81EF0A6FE263,D0196-M04,Device-0196,MNO-D,PROFILE-c480232b79c8b8ee62dc
aura_rsp,A164EFA2D0D7256EDF441DEC2AE9C4E3,IAC-E399503A1148CC5AB8DD1A156B91C864,D0196-M04,Device-0196,MNO-D,PROFILE-c480232b79c8b8ee62dc
standard_rsp,CC38FA5336A8402E76A66E77CE388255,MID-4E66A3D65239FBF27CE68208C9A3A9FA,D0014-M02,Device-0014,MNO-B,PROFILE-04dbc14e211004b05cee
aura_rsp,3CAA05A2239576A81F868EE95199CCCC,IAC-C2AC055DBD42CC3D1EBA9D9546C4ABF6,D0014-M02,Device-0014,MNO-B,PROFILE-04dbc14e211004b05cee
standard_rsp,86A57A9F323A178327DAEE85ABE6FEC4,MID-DAF2E248EEF0E1AC688AC425A7015A94,D0066-M02,Device-0066,MNO-B,PROFILE-4cfc9a27de44f0c22909
aura_rsp,D7EEDA529CB379F749239253AAF1C605,IAC-BB47DC9283FCBC08DE1523FC5B6CCFEE,D0066-M02,Device-0066,MNO-B,PROFILE-4cfc9a27de44f0c22909
standard_rsp,28459D10AA83BA03E9C52E57094A36AA,MID-A60D466B1D4F1636244BF2245F4F99C3,D0140-M02,Device-0140,MNO-B,PROFILE-feb7b27effd1fee77c08
aura_rsp,78FD4892FC0C541AB974B66F2B3B1D7B,IAC-6A3EC8A0AD1955EF80EC758FDF739868,D0140-M02,Device-0140,MNO-B,PROFILE-feb7b27effd1fee77c08
standard_rsp,C52398D196833554256A32FDAE23592D,MID-B59FF4DF7000C15713AA06E04B990D84,D0086-M01,Device-0086,MNO-A,PROFILE-c6032d4848e7841c4649
aura_rsp,8EEC37021E3C2AD8D1DDE926390C6EED,IAC-5BE8B8BB9C858B729C5C55C99F4D090F,D0086-M01,Device-0086,MNO-A,PROFILE-c6032d4848e7841c4649
standard_rsp,7E50FDD2ECCE70591CA71D2577BD6484,MID-990145458819AEE4BB36045A7B78A0C3,D0226-M02,Device-0226,MNO-B,PROFILE-ad011ef8dbf7afb37e93
aura_rsp,0137CF2E0FDC89458DB9336EC5B4629C,IAC-CDFE32616E1E076097E7CE255706371E,D0226-M02,Device-0226,MNO-B,PROFILE-ad011ef8dbf7afb37e93
standard_rsp,F7CC348623D6F44D3CB6580CC28435F7,MID-D57B4AA79E8FD2645D4CB7C7C3B5AB61,D0052-M01,Device-0052,MNO-A,PROFILE-2243bed57ffda91b6e04
aura_rsp,E6E30D9997E14688413D934D66D9E525,IAC-D520AA2DDB90725C3D07B9CA1B963A07,D0052-M01,Device-0052,MNO-A,PROFILE-2243bed57ffda91b6e04
standard_rsp,727A48FF6467829DC1FB476586C05362,MID-12828DDEF34542FA3C7B508EDAF89AD6,D0172-M04,Device-0172,MNO-D,PROFILE-bb69a6e4c4e9eacfe8fa
aura_rsp,3FF386F95E9C40A2A1AA70F4BE79DCB7,IAC-1AAF18C4989E4E50F53239CB3560A700,D0172-M04,Device-0172,MNO-D,PROFILE-bb69a6e4c4e9eacfe8fa
standard_rsp,40D2CD8C7D8DF53F3B6C6A119EF86917,MID-DBF4FD9C6175B913A63B5ABED3FCE7CE,D0129-M02,Device-0129,MNO-B,PROFILE-12a741cb310488a45083
aura_rsp,C01D1927AEE57A4F10D473FB02248CE4,IAC-CD59247EFCE24D61A556015D8D30F18F,D0129-M02,Device-0129,MNO-B,PROFILE-12a741cb310488a45083
standard_rsp,53ACE2C5C41746B9FD1BC5B93C87AA07,MID-0DA5DCB0E574119184B5C2C38792B01D,D0114-M02,Device-0114,MNO-B,PROFILE-e723d4468ac9c7186406
aura_rsp,5D3E75CBA8728EF889593EC62DE9A1EA,IAC-29AEDA0B07B69F0E6985494A20EA6ECA,D0114-M02,Device-0114,MNO-B,PROFILE-e723d4468ac9c7186406
standard_rsp,E14724E6CC65EEBA5CC8027363B15FA8,MID-84278877BBF80A4D21F578F20CBA4D1D,D0198-M04,Device-0198,MNO-D,PROFILE-ff843d15e5abc51f15e9
aura_rsp,FE4B67EFF8F5F60819AB498A295687D4,IAC-4C992E84A30DF8E12AE1E6E61A70CDC8,D0198-M04,Device-0198,MNO-D,PROFILE-ff843d15e5abc51f15e9
standard_rsp,120F45C467B7A705CBA006B1B6154917,MID-77022BD9787AD845410DC4BA08A4E377,D0111-M04,Device-0111,MNO-D,PROFILE-2f4aa246bf8411822c53
aura_rsp,034982FDC621D9E84CBF493EA0C5DE21,IAC-595E61F7EA04A2B09BC75A4A54511520,D0111-M04,Device-0111,MNO-D,PROFILE-2f4aa246bf8411822c53
standard_rsp,07832AB1C4DF3EE047E298227E012F36,MID-6B12B013A8C43EE32AD77DFE3F47EDFD,D0242-M04,Device-0242,MNO-D,PROFILE-0b6b0e8c6b9a5137269e
aura_rsp,D1C9E976E12401A3CCDB5DC0EEDE41B5,IAC-A680553735355EC85783DA2CB696FA07,D0242-M04,Device-0242,MNO-D,PROFILE-0b6b0e8c6b9a5137269e
standard_rsp,02E33863501C76234C318B687E725476,MID-0258DEC1F976C3268533BC94EBD128FC,D0209-M01,Device-0209,MNO-A,PROFILE-dd1710bf6262c216a27a
aura_rsp,BF33CE8117915F2674641036F76E2C71,IAC-321B1B4CF0C8B2064A823E8418F431BE,D0209-M01,Device-0209,MNO-A,PROFILE-dd1710bf6262c216a27a
standard_rsp,D09C4053D76AC953C1853CFD132D3D97,MID-B8A27A72DED1338E4E70424559076BF6,D0104-M02,Device-0104,MNO-B,PROFILE-c8c68fe991904253996d
aura_rsp,EA023E2FFF67386CBBCE27F62D1217BD,IAC-EFB45417E568B8F00E8300BCF21B139E,D0104-M02,Device-0104,MNO-B,PROFILE-c8c68fe991904253996d
standard_rsp,408F5642715420DA567A6359DBF41550,MID-46E3848EBA91374015FF93C5FFF1FBD1,D0241-M02,Device-0241,MNO-B,PROFILE-0baee2378c7e38a2755d
aura_rsp,0B8392D657B56587018D2B062C692374,IAC-76DA5D5A137484892B693DFA31766E0D,D0241-M02,Device-0241,MNO-B,PROFILE-0baee2378c7e38a2755d
standard_rsp,A025B146DFB932DE0E62D87032AF03E5,MID-AB8C2F10E2547B89AED3E1A3A0857D6C,D0059-M01,Device-0059,MNO-A,PROFILE-fddfce0dd034180b57bd
aura_rsp,5B759AE676307B77C1E3CC2EB38AF778,IAC-C7F6CDAF030D7A90887392C65FED30E1,D0059-M01,Device-0059,MNO-A,PROFILE-fddfce0dd034180b57bd
standard_rsp,A95DCF535DF827F17AD6E8C52923DFEA,MID-7049F54D0C245861109C67EBD68781A5,D0152-M04,Device-0152,MNO-D,PROFILE-2cd114416e826d76718d
aura_rsp,C5C44C760A7E80B67BB161E35FF46ADF,IAC-688860054BF619558C29FCF25686F533,D0152-M04,Device-0152,MNO-D,PROFILE-2cd114416e826d76718d
standard_rsp,7F2A98EB7A0C81AACEDB226DBF7ABF17,MID-42227DCA59D8AF90E3FD078E7E472DDE,D0185-M04,Device-0185,MNO-D,PROFILE-e14f7f7f4af3890be149
aura_rsp,800ED196548EBD220B97E33DEDAF475B,IAC-4ED7EADB7544CF6F0CEC6C652B5CEE44,D0185-M04,Device-0185,MNO-D,PROFILE-e14f7f7f4af3890be149
standard_rsp,4AB071503ACE031D58DAC1AE61429B10,MID-4C5B1861DDCC7F756886FD988468CE06,D0234-M03,Device-0234,MNO-C,PROFILE-668bbcac7c6d3de3504d
aura_rsp,9F01FE6EDE55AB4CFA1A0A481CAC5A73,IAC-BC8892A0AD271538B980E28D64A4667C,D0234-M03,Device-0234,MNO-C,PROFILE-668bbcac7c6d3de3504d
standard_rsp,BAB68EC61E18020D68E7AD6BC82D7875,MID-295CCEE83819CE28EB2EC1F6C69FE223,D0244-M01,Device-0244,MNO-A,PROFILE-46c3a96558d06f28739d
aura_rsp,6CD807117BE5BAB67BB97867FE48A741,IAC-0ABC2E9F74E7087B3C39E76ACCAF7855,D0244-M01,Device-0244,MNO-A,PROFILE-46c3a96558d06f28739d
standard_rsp,A5F70E3054DFF0BD93F874F36A01B8AE,MID-776E7EE84C9C448CF7681EE0343BF4FB,D0096-M01,Device-0096,MNO-A,PROFILE-01c3690132ce3daee1f0
aura_rsp,F2CF99FA810DC464239E033C453E264A,IAC-B9B47D1D662AB35B82F6B989CF3A8CCF,D0096-M01,Device-0096,MNO-A,PROFILE-01c3690132ce3daee1f0
standard_rsp,F9136BF2837D09FFAEF25A0C8141703A,MID-99339F82BE254D63B671AEE0C7E25FFD,D0060-M04,Device-0060,MNO-D,PROFILE-f5944d3b87a5818ce67e
aura_rsp,5FB87AD9841599C4177E853192A8C6E5,IAC-2787E011B0679F1A9AE9EFBA786A904B,D0060-M04,Device-0060,MNO-D,PROFILE-f5944d3b87a5818ce67e
standard_rsp,7C41D0505106B3601D60A0409DC72D66,MID-F7526C8999F5D6A7521AEF1D25FD96C6,D0197-M04,Device-0197,MNO-D,PROFILE-e6bb105e7df0468c5f2c
aura_rsp,619D5714FD41E00440D13352CC63BCFB,IAC-6858AF527DEF58D90D0870E7930BCEB0,D0197-M04,Device-0197,MNO-D,PROFILE-e6bb105e7df0468c5f2c
standard_rsp,47F9FB76DDC598428DAC568CFEFF15ED,MID-5824CAAE0A9CF799A04A9CFE042AF9B0,D0077-M01,Device-0077,MNO-A,PROFILE-0dd19301131b3078df6c
aura_rsp,9077F508C11CA2EFAE485FEA2AE6998F,IAC-B95839CD0F87633C2B683C7EE8A72A16,D0077-M01,Device-0077,MNO-A,PROFILE-0dd19301131b3078df6c
standard_rsp,EDCF24EF057227E5800E1DCEA00FEA1D,MID-48391ACFF9A22CFA7FD8E58A798A8BA3,D0147-M03,Device-0147,MNO-C,PROFILE-d5268c84bd9998d7cf5e
aura_rsp,E5C2DB2BCDAD1ED3A80092A2E73D4A9B,IAC-A109CB4435AA40298D49EBE1349D177C,D0147-M03,Device-0147,MNO-C,PROFILE-d5268c84bd9998d7cf5e
standard_rsp,18925565CB76C3586F5BB896ACE8C4D0,MID-C3E18CD310D8F11E20C9118CE4F46233,D0228-M03,Device-0228,MNO-C,PROFILE-5a847d498a78dc2770aa
aura_rsp,7FC5AE69612C29ADA9FCA7436D280978,IAC-EDD2D9A34A2FDFF1E8A764A52954AD6C,D0228-M03,Device-0228,MNO-C,PROFILE-5a847d498a78dc2770aa
standard_rsp,6C7D2317C4BE04C3CA890D4165C93B4D,MID-840E9EA9B0C9627299D151B4626BA925,D0026-M02,Device-0026,MNO-B,PROFILE-25fd3e2ac65003133bb4
aura_rsp,4D8CFA7DAB7B45D3B7A18082C66A18FB,IAC-C55F2EC9D1D8C74F68B991E020B4484D,D0026-M02,Device-0026,MNO-B,PROFILE-25fd3e2ac65003133bb4
standard_rsp,BC9A8D45F325A23E8907A51A7C53EECC,MID-A86BFFB6823D8AE8F374651D94FA35EA,D0145-M02,Device-0145,MNO-B,PROFILE-f900dcf61bf1dfd88c9b
aura_rsp,FB3D2B5A693BF6E80AA13DE3535E8B0F,IAC-989C9344218BCF339617C045DC579568,D0145-M02,Device-0145,MNO-B,PROFILE-f900dcf61bf1dfd88c9b
standard_rsp,314EBDC20A57070C61004C6E9497E41F,MID-DC56E6C04FADE6985BCA3BA90C022B11,D0180-M03,Device-0180,MNO-C,PROFILE-e478f38cb6f44e37717a
aura_rsp,B2BEEDE38D26BF100351B956AF2653E0,IAC-3D6EDB83FE15F6E82B2E54288D67B685,D0180-M03,Device-0180,MNO-C,PROFILE-e478f38cb6f44e37717a
standard_rsp,8E9DAFE0A622BACB65E42F2D762DD82A,MID-6A8B6D5627146CDFB518D828A8365C1F,D0226-M04,Device-0226,MNO-D,PROFILE-67af6333a4dcd14047c5
aura_rsp,97620CADE7CF4D07EF2A329F1329606D,IAC-1A6BCBB1C835AEDC0ACFB1F8377F4B3B,D0226-M04,Device-0226,MNO-D,PROFILE-67af6333a4dcd14047c5
standard_rsp,0680C0E752EC80F44ED730F1134C8D1E,MID-5F31BBAF9F5486FB680AD841011CCE0C,D0075-M04,Device-0075,MNO-D,PROFILE-ab3c6a1978e261edd548
aura_rsp,732C6AC619749EBD9A48C6E034E05BAF,IAC-F2D9C9D910CC85B82716BEED625F8513,D0075-M04,Device-0075,MNO-D,PROFILE-ab3c6a1978e261edd548
standard_rsp,5C4B323B75DA89109018CB3DA73208C1,MID-A98AB6F5F1962169214F60C82853D41C,D0158-M01,Device-0158,MNO-A,PROFILE-eb161bbc1444523f475b
aura_rsp,553835F5D1F191170171A4E4E4EB0967,IAC-62D15E3D07DACBCF792815E94C980885,D0158-M01,Device-0158,MNO-A,PROFILE-eb161bbc1444523f475b
standard_rsp,FBBFEE959462A39C0FF75199F789E9CC,MID-ABF54B5C7E72D3855EFEEB1BB33C871C,D0178-M04,Device-0178,MNO-D,PROFILE-fbd9b16c3aaca1aea6a7
aura_rsp,68CC76FCC26792DEAD41FFA82C47AE2A,IAC-2ABE22368C8AAD0AA647CB1E8A2FD747,D0178-M04,Device-0178,MNO-D,PROFILE-fbd9b16c3aaca1aea6a7
standard_rsp,5A774619DF4262A5AB53FCFD547065C8,MID-9A387EB227BE2C2FCFB0EFA72BF87314,D0146-M01,Device-0146,MNO-A,PROFILE-c601a1de52c609daf566
aura_rsp,30C6FC62265F9F7AD4A1EFBB0AB5626E,IAC-B76479ABE965F6753519504AFAD4846B,D0146-M01,Device-0146,MNO-A,PROFILE-c601a1de52c609daf566
standard_rsp,C9E06DB09BCC2E174CC15C90DB41C1AB,MID-E0941B19351446689D212F6355571EF6,D0071-M01,Device-0071,MNO-A,PROFILE-c1f3983778e9b7224cc1
aura_rsp,96C54F327D71D6D8BAB8CCBE67095583,IAC-44B98CC899165270D78944B3FEECA25E,D0071-M01,Device-0071,MNO-A,PROFILE-c1f3983778e9b7224cc1
standard_rsp,C69CE118930D7CD1E4DB7F15FD9D16D2,MID-37311E4AF9E790783FEDC26FFD3CE285,D0122-M03,Device-0122,MNO-C,PROFILE-77638517f9f3e21637c4
aura_rsp,1821A1C28C098BAFA67BEE8A100482A1,IAC-EC1E7193108D93D6EB3F8125A5F84209,D0122-M03,Device-0122,MNO-C,PROFILE-77638517f9f3e21637c4
standard_rsp,3EDB3EF699196F0613AB1E7546AB5684,MID-5A297CEF522DF9B9A8E69324279DEC76,D0133-M02,Device-0133,MNO-B,PROFILE-5f5545e767edfa3d4b22
aura_rsp,6BC677D7CE69E4A1A67C465C99F9C166,IAC-FDB7DD33F43313A0290C043B6CBAD46A,D0133-M02,Device-0133,MNO-B,PROFILE-5f5545e767edfa3d4b22
standard_rsp,6E4F82897323DC6CB45FE5CCBBBC4761,MID-30FED1E3E41E386FFCAB32BF4E72ECB8,D0229-M02,Device-0229,MNO-B,PROFILE-b226d88e03c27eba0a25
aura_rsp,A0C0934A4DBAFDB06C9A7616CE16E391,IAC-468D6E6EDBF7672C3E57CE62CF2B495D,D0229-M02,Device-0229,MNO-B,PROFILE-b226d88e03c27eba0a25
standard_rsp,1B9A8023720838FC337C7D5134F8B66B,MID-9CAC82CB11DA2D71706ED368A8B9F1BD,D0239-M04,Device-0239,MNO-D,PROFILE-4e174c46c889074563e8
aura_rsp,538191F7782988F513BC7E46F46985F7,IAC-33B4B85C6CA92A6336648AB53DF783EA,D0239-M04,Device-0239,MNO-D,PROFILE-4e174c46c889074563e8
standard_rsp,F261574D36B2141100B6993E12015A15,MID-1241B071A545EA22C36C2670A395975B,D0082-M03,Device-0082,MNO-C,PROFILE-55d49d3e2e58abb220b2
aura_rsp,8AEBBEC1383DE4B11371CB01E80EA3F0,IAC-04A91D4FC52E87C6D0A6628F739743ED,D0082-M03,Device-0082,MNO-C,PROFILE-55d49d3e2e58abb220b2
standard_rsp,08E0EFAF201F121CA5FD56823C22ECB5,MID-8E6A9E007B10D3E6B70B86BF610D1FDC,D0211-M02,Device-0211,MNO-B,PROFILE-264a00683b64629d08a7
aura_rsp,EA95760572464D911999370BF2C16A77,IAC-AF37A8FA4AC8BDB18FF8B0D5A051C9CC,D0211-M02,Device-0211,MNO-B,PROFILE-264a00683b64629d08a7
standard_rsp,292A32C695550FA6A4D3C8FB77279123,MID-50CDD90BE78953C958C162C6EB899BF3,D0039-M04,Device-0039,MNO-D,PROFILE-e9f1287b8f7630ba7ad3
aura_rsp,259E637484004BC79398D5770DB1C7B4,IAC-19B0CC2BB88A4389762BA8216D354F19,D0039-M04,Device-0039,MNO-D,PROFILE-e9f1287b8f7630ba7ad3
standard_rsp,0016636E14858168BC1A8EFEA09000E8,MID-FF756D4B06E54D356064FECEC02DEA3A,D0069-M02,Device-0069,MNO-B,PROFILE-6deae58425ed6cf86b57
aura_rsp,850F1C6CC7E801357D0EFAF738CD6AA7,IAC-CBDB9245D6996AD38CDBD4FE722547C9,D0069-M02,Device-0069,MNO-B,PROFILE-6deae58425ed6cf86b57
standard_rsp,E4D9EBFE31F0B811BD6E8D9F589232ED,MID-72FCDCAFD762516B6A71213308D49464,D0043-M04,Device-0043,MNO-D,PROFILE-15d0e190a07d82e06ff3
aura_rsp,20885426780992FC7DAD1C91B071FFB2,IAC-3BF2FFF3530F4437A81D2DE25C653C7B,D0043-M04,Device-0043,MNO-D,PROFILE-15d0e190a07d82e06ff3
standard_rsp,6D22FE46FADF8000B677CC61CF6F394C,MID-E3D58C87B94AD64C65662012D48EFF42,D0037-M03,Device-0037,MNO-C,PROFILE-fb156f4ca1f9c5344c57
aura_rsp,33CC9B384818EE232F44F4CF3763B115,IAC-0BCE49C08F9D607DD1D126B576A2B975,D0037-M03,Device-0037,MNO-C,PROFILE-fb156f4ca1f9c5344c57
standard_rsp,E6886D426580DBA2CD78CF8B21195725,MID-30C625C8FAC46198DEE9A4CE077AC2BB,D0051-M02,Device-0051,MNO-B,PROFILE-d5eff93f69a25facf467
aura_rsp,814C3AA23DDE69A170B9B623A0932B04,IAC-B51E3665190D7EE0720ECE64CECE2212,D0051-M02,Device-0051,MNO-B,PROFILE-d5eff93f69a25facf467
standard_rsp,6EF5937A7E0F5286F92B94D22F770383,MID-5A3B959D3EE7EA4FBC10AAD3425F9716,D0005-M03,Device-0005,MNO-C,PROFILE-9449b834aca80c11a2db
aura_rsp,90B99846FEB804CBB559B5D37D10D333,IAC-22D80AB26BBE6B0DCB62BA691C97655A,D0005-M03,Device-0005,MNO-C,PROFILE-9449b834aca80c11a2db
standard_rsp,769B2D9F8ADFD991B9BA764CA99ADBD3,MID-1339B6E742729E25AFC6B31E770C572C,D0215-M02,Device-0215,MNO-B,PROFILE-c0dc8ed4a0abf2c5cfc4
aura_rsp,84F0A20580ECC06558AC89A06DA9BC7E,IAC-ADB1479AFFE8FF300214BE3C98547F50,D0215-M02,Device-0215,MNO-B,PROFILE-c0dc8ed4a0abf2c5cfc4
standard_rsp,DB0045D1577A99773A558A0339CF958E,MID-8FC3EFC77382175FF851609A2BE2DB15,D0200-M03,Device-0200,MNO-C,PROFILE-31f9239e81327edc3510
aura_rsp,B8E5828D8748037BA7E5FDC09C3B42F0,IAC-EF55D6BE705F024E014F274129CD3B3D,D0200-M03,Device-0200,MNO-C,PROFILE-31f9239e81327edc3510
standard_rsp,A16E5591ED732943A9CF077E91E6438B,MID-C4A41FAE09C727CD9CE873018066AD25,D0133-M04,Device-0133,MNO-D,PROFILE-d27cf2809773ca71d632
aura_rsp,663A9DC63FBF3073E531BDBAD1C28066,IAC-A5EEF08335DF58C040480439CA79F20B,D0133-M04,Device-0133,MNO-D,PROFILE-d27cf2809773ca71d632
standard_rsp,FF61300A966F9A1D92DE882368EB9B10,MID-49FD04ACAF89800DEAB364AB2B61129D,D0091-M04,Device-0091,MNO-D,PROFILE-f40bd59677e181addf4e
aura_rsp,BEBCCCF2950798BC89109C90A3E32BD7,IAC-80271360EC386BABD5910813394B03C9,D0091-M04,Device-0091,MNO-D,PROFILE-f40bd59677e181addf4e
standard_rsp,41A6F182186B5EB26F97925D9D988EF8,MID-EFD1026E963575F9C35FA406758E9567,D0212-M03,Device-0212,MNO-C,PROFILE-b5ad55907826c8ccfb09
aura_rsp,AF535864C8A23F2CCCBD3D71708E7E75,IAC-DF11C151A054BA01964D02AE87426B68,D0212-M03,Device-0212,MNO-C,PROFILE-b5ad55907826c8ccfb09
standard_rsp,0BC27DBEBA042FE7E362CCF4C8887831,MID-376DB95C3C40CC889132E753F347A2BF,D0130-M02,Device-0130,MNO-B,PROFILE-6c5487ff3102347ba048
aura_rsp,6D1859CA82C8B0C7DD27B299346B609E,IAC-926EB0E23CD47FEF2A3652A26049B2A6,D0130-M02,Device-0130,MNO-B,PROFILE-6c5487ff3102347ba048
standard_rsp,9BB3AF3E5BF48FAECCE1026814BAD7EB,MID-7C89766850A1008A792011949EAC4831,D0034-M04,Device-0034,MNO-D,PROFILE-e157c4781743bdd3e1fc
aura_rsp,E795FFA5728DBF4EB6936A6C9F1472F1,IAC-ABFFF6118E645439E8EF4312B2785B84,D0034-M04,Device-0034,MNO-D,PROFILE-e157c4781743bdd3e1fc
standard_rsp,DB11EB9EC310AB031F42F46F4AED9F6A,MID-F9FF3BD5D2A8208E6E9F47E9F9C76119,D0104-M04,Device-0104,MNO-D,PROFILE-82a66ee807c548747395
aura_rsp,0FC6F9E586862710907CA2DEF5BF4601,IAC-CCBEC8C8CDB876977654292177F921B1,D0104-M04,Device-0104,MNO-D,PROFILE-82a66ee807c548747395
standard_rsp,FBE26BAECEE6A6DF5782D03C9436B714,MID-F03B3CDBA54A9A4198693EA10B6770BC,D0031-M01,Device-0031,MNO-A,PROFILE-875037c8534ba569483c
aura_rsp,254DB306A67F0786626C02A71072B4C3,IAC-9EED09DBFDD5685A21B8B564D79ED461,D0031-M01,Device-0031,MNO-A,PROFILE-875037c8534ba569483c
standard_rsp,03AA4EA9A6AF5F75A1872ACB983C404A,MID-263141C456A8CB5F28144C1FABBB187F,D0111-M02,Device-0111,MNO-B,PROFILE-5633030c7a0f25d94e03
aura_rsp,31787CAC945E7DDD51666D02B1F8A105,IAC-2DAA160E76A924B4CCA339B95B1C4C51,D0111-M02,Device-0111,MNO-B,PROFILE-5633030c7a0f25d94e03
standard_rsp,7648FEABD915FAED65B78971014FCD42,MID-7B4851DB1BCF177D5784D2F9D83A6ABB,D0194-M04,Device-0194,MNO-D,PROFILE-32a63ae8efd8560d030e
aura_rsp,1081B7D575F899FEF266E3C11EF2B00B,IAC-FB4383E17D286E4F51528259E4BD0107,D0194-M04,Device-0194,MNO-D,PROFILE-32a63ae8efd8560d030e
standard_rsp,0E8C4F915E891E8F9264598B5A0250E4,MID-44D51B3579CFE63628AC65FEF2417804,D0170-M01,Device-0170,MNO-A,PROFILE-adf0458d9fa8cedd0758
aura_rsp,760D305D3EC4DC4D28D322066E43F690,IAC-8ABC1747DAC6D96509872BA8D0D2A5AC,D0170-M01,Device-0170,MNO-A,PROFILE-adf0458d9fa8cedd0758
standard_rsp,9C7ECFA613429436D7A7CCBEA4FEE4F7,MID-0869BFA44FFD59AB97E509540F649A89,D0206-M03,Device-0206,MNO-C,PROFILE-ce70c6cb11ad89b3bd65
aura_rsp,682BC20AD6790680687299A55365A18C,IAC-5EE460EA0168724AE383BDE58A679240,D0206-M03,Device-0206,MNO-C,PROFILE-ce70c6cb11ad89b3bd65
standard_rsp,29E1BCA51C2413EEC4E1CA7900D310E2,MID-5D55503C0692E9CAED8673779E9E31BC,D0061-M02,Device-0061,MNO-B,PROFILE-a8cd6cc134dbe98caf1f
aura_rsp,1BECD6E17B65911623791DA4BBF22E57,IAC-023351B3F0F60C5366726E55E0A95643,D0061-M02,Device-0061,MNO-B,PROFILE-a8cd6cc134dbe98caf1f
standard_rsp,86C7864DE2FF6E343929033E97BD50C9,MID-A268DEAC2B3D90F335121A2604092A24,D0091-M01,Device-0091,MNO-A,PROFILE-3f6b204399753565b484
aura_rsp,BF03E49F2C2A8613E04311CFFEFA1687,IAC-99041B15A13CFB032B4735B8D3AD3332,D0091-M01,Device-0091,MNO-A,PROFILE-3f6b204399753565b484
standard_rsp,F17409DB5D968B53FAD9D6AA9F170F86,MID-291C38C55D532DCDA0765D9A4B8E7A7E,D0213-M01,Device-0213,MNO-A,PROFILE-27815d9fc3c0c09c7bfb
aura_rsp,4B88D7662B3669E1B8D1B4A10C4E461C,IAC-E5473A6DF0002588FC8D91CD7E72C0B4,D0213-M01,Device-0213,MNO-A,PROFILE-27815d9fc3c0c09c7bfb
standard_rsp,1FE1468087241211B78AB833ABCF1129,MID-C5BB76246B4EB306F5BD9A7EF1221C42,D0197-M01,Device-0197,MNO-A,PROFILE-dffdc221f5d6c31558b2
aura_rsp,966771BBF83A8051EF323CD0AF2FFCC7,IAC-9E50FDF3CDE7B352F275AA9332456BC7,D0197-M01,Device-0197,MNO-A,PROFILE-dffdc221f5d6c31558b2
standard_rsp,45DF81C0929626959E8E758CA135132F,MID-0B168C3AA98037EC028C4EB3798EAB26,D0108-M03,Device-0108,MNO-C,PROFILE-a7894e80e9a9549fdfb4
aura_rsp,190225A4214FCF7144180FED4AB9CFEC,IAC-AEAC426F8C87EA0D28651AE3091CA69F,D0108-M03,Device-0108,MNO-C,PROFILE-a7894e80e9a9549fdfb4
standard_rsp,E52EAC1ABF2372C7B284039781F662CF,MID-4F65F2830B1562260E1C4F2CBBBFCFC6,D0047-M03,Device-0047,MNO-C,PROFILE-595766a10147287d4d75
aura_rsp,B71BAA0A96CECEC0111F0D1A7FFF4C55,IAC-F3E380E015F7E3BA1A9455B95310EB0A,D0047-M03,Device-0047,MNO-C,PROFILE-595766a10147287d4d75
standard_rsp,EB550965A81E245D9718EA070873313E,MID-339ABED17062D3803E2071A3C6E33B77,D0057-M02,Device-0057,MNO-B,PROFILE-eac733105d25b2dc8814
aura_rsp,40074CF07E491A9B82396F959FC4473A,IAC-CB96EB11CC8E26C715AF88DA26D3B79C,D0057-M02,Device-0057,MNO-B,PROFILE-eac733105d25b2dc8814
standard_rsp,F185659917A44307B1395D73D689A06C,MID-5BA93D20978E5367A3C81AA1D850CDCC,D0142-M04,Device-0142,MNO-D,PROFILE-68a93f6682c27bb2c554
aura_rsp,5B592D4729AB30D9BDA9041E0853243F,IAC-8A91734338387AD170B54A266C1C0B71,D0142-M04,Device-0142,MNO-D,PROFILE-68a93f6682c27bb2c554
standard_rsp,7EB46E803EE53327FDB87A6494719493,MID-156E5AA52A367682EB14EB9A9A71C50F,D0044-M04,Device-0044,MNO-D,PROFILE-417624e0c87018d6391b
aura_rsp,319E70A4AB028E11B321D4F06CE61C7D,IAC-8323F65A3C23E503057B7D5ADEC0E5E5,D0044-M04,Device-0044,MNO-D,PROFILE-417624e0c87018d6391b
standard_rsp,716CA63115FD6C8BF410824906D2F90A,MID-CF652B3D3AEFF33BE6A114323A90FC7B,D0038-M02,Device-0038,MNO-B,PROFILE-8fe9dd5fc01dd74a5f3a
aura_rsp,279C57E74ACBC24A715BB9E30467ED3C,IAC-B0BD55A731DED920CD9CDD1C50BFD468,D0038-M02,Device-0038,MNO-B,PROFILE-8fe9dd5fc01dd74a5f3a
standard_rsp,09F65DEDE784504DBC08AFFE54A7F191,MID-BDB94B95F2CB3A4D4FAF283E8AC6E298,D0141-M02,Device-0141,MNO-B,PROFILE-5931953961405882532d
aura_rsp,C5BD01471458DD0F6875C2FA0C38BF7B,IAC-8E73EBC2FC6E71F0BB50724F646D43FF,D0141-M02,Device-0141,MNO-B,PROFILE-5931953961405882532d
standard_rsp,F9C0BE4DAB3118D9FCFF2A17505C6ECA,MID-266C63A70C25CBD7D943FA77D82ED20D,D0193-M02,Device-0193,MNO-B,PROFILE-6512c6154b3db043c664
aura_rsp,D2B4AE7C47C70A8EAB1B434394BD67D8,IAC-8135258AE47A22BA7AB2125E729909DE,D0193-M02,Device-0193,MNO-B,PROFILE-6512c6154b3db043c664
standard_rsp,E3CB6AFC25D9872BE85EACDDD0708B8E,MID-3351F31F71A271CC9BEEA3C950D3491E,D0040-M03,Device-0040,MNO-C,PROFILE-b771cfeeb701f5a361f2
aura_rsp,04B3883F6A5E9AFC7624A7886765370F,IAC-83C7F4BDC8A92B03E3A0071CC2403DA4,D0040-M03,Device-0040,MNO-C,PROFILE-b771cfeeb701f5a361f2
standard_rsp,B969DF3362BE52EC3166299169D24BC9,MID-4BDD096F66F409E169C23B59F638B2D9,D0051-M03,Device-0051,MNO-C,PROFILE-eb31a00a40e37f12b31f
aura_rsp,5FD75739411CD0046A0E77E53F52DAC0,IAC-C8427400407DD9B5C334C0753F4EFE1B,D0051-M03,Device-0051,MNO-C,PROFILE-eb31a00a40e37f12b31f
standard_rsp,8A4A916B3B2CCE9209D121DC35BE1FFA,MID-F8B569BD8B2F51843A07A24A99B1F792,D0023-M02,Device-0023,MNO-B,PROFILE-d43c36f60a086adc8876
aura_rsp,44102DDBDDA37EF5F3F1665DD3729D39,IAC-78A0C83CB47472C97511F61C930BE718,D0023-M02,Device-0023,MNO-B,PROFILE-d43c36f60a086adc8876
standard_rsp,9855559CD2DE4B3509712BF2B4F0E132,MID-3EC987BA07DFA0EC774A4391C1677787,D0162-M02,Device-0162,MNO-B,PROFILE-a89d8494c4c1a28ad5cc
aura_rsp,57F4957ED735BBC8FB24FB26AE68006B,IAC-3565F7CC780C4CA464A0ED2309386095,D0162-M02,Device-0162,MNO-B,PROFILE-a89d8494c4c1a28ad5cc
standard_rsp,946BD8018969BC36E2D818983ABB6FD8,MID-F4E182ECF542F3A430FBB828434B26E6,D0214-M02,Device-0214,MNO-B,PROFILE-810580eb84f597c5cb44
aura_rsp,20641C49A205389E099F7A384AF2B109,IAC-36E469E1FF8A82C0A2CD421E550E2279,D0214-M02,Device-0214,MNO-B,PROFILE-810580eb84f597c5cb44
standard_rsp,751E9BDA70705C715CBF0CE47F0304ED,MID-0D2297BE3AEDF6C38AF5953ED901F5DC,D0170-M02,Device-0170,MNO-B,PROFILE-6b7fcde029ec23d54926
aura_rsp,41A90D4DCDDE660356B8D4F887E882E8,IAC-4435C6DF56B0FF71749DAAF6735C6494,D0170-M02,Device-0170,MNO-B,PROFILE-6b7fcde029ec23d54926
standard_rsp,A96A0FF07E0B1F58396B23892F81359F,MID-89651A745986B2DDDA8C0CE4CAF00986,D0153-M02,Device-0153,MNO-B,PROFILE-bd5cb259f7bb948a2cee
aura_rsp,D09688C7300B09393C2F916B615CDB95,IAC-C39FFC25499CF46619937CD414C04DF7,D0153-M02,Device-0153,MNO-B,PROFILE-bd5cb259f7bb948a2cee
standard_rsp,D5EAA5D27DA0A050C4F7D95D18CF3604,MID-387EC3DCAC9E406BECCAAC3DC380FD4B,D0198-M02,Device-0198,MNO-B,PROFILE-f805455f527cfe9c36eb
aura_rsp,4785C8AA10472856157E193C9696B0DC,IAC-95A54778C8D65389587F56A638A25BE8,D0198-M02,Device-0198,MNO-B,PROFILE-f805455f527cfe9c36eb
standard_rsp,4CEB11BFBC0842B9FF6359F84FF9284D,MID-B3EF22E2D1719D55535B3A6732F835AD,D0168-M02,Device-0168,MNO-B,PROFILE-8b88adc30b000c85f5b4
aura_rsp,E1502D322EDC8F62765372462EE6F3E1,IAC-6114B8E923BF954B94714B1ADB6435B5,D0168-M02,Device-0168,MNO-B,PROFILE-8b88adc30b000c85f5b4
standard_rsp,2A38D4DD22F3862213AB866E203FAC1E,MID-1DB3C9D627E905C00D24E1E6E6B95695,D0021-M03,Device-0021,MNO-C,PROFILE-0c1bd132225059449620
aura_rsp,6616C9628200539479F4C57E7ED813D2,IAC-C356EE2AED82702C00B4809D35F09E53,D0021-M03,Device-0021,MNO-C,PROFILE-0c1bd132225059449620
standard_rsp,B0219F59E85B85160FDA1D0B5DA87576,MID-BACDC2CD1D47972DC6E9E847AEE363D5,D0041-M04,Device-0041,MNO-D,PROFILE-a200611f9b3222289eb7
aura_rsp,C21F0624AFDA8B2B38182CB6FD664204,IAC-D606766C50DCC97A15873CEDC1E122C7,D0041-M04,Device-0041,MNO-D,PROFILE-a200611f9b3222289eb7
standard_rsp,A893DC1FEBDFFF3DD24D2AAA3383D661,MID-0EA8EF7DEE7D43081F4C44696F9C8D87,D0250-M01,Device-0250,MNO-A,PROFILE-91297abcb02ac5fb3cff
aura_rsp,EA05E9369B1F99C04BA1E3CD05E28EE9,IAC-64D7EDB10578CDD44E1F2EF12B41E6C5,D0250-M01,Device-0250,MNO-A,PROFILE-91297abcb02ac5fb3cff
standard_rsp,289A46565873F2D7AA6815EBF5040380,MID-3ED06822BFB4B049AC588E10F06C1957,D0188-M04,Device-0188,MNO-D,PROFILE-83b40afb5eee8da88a05
aura_rsp,B55DB74093EDFB2867015E42825D457C,IAC-BDA047A26A18D4A4B6ECF299336DA583,D0188-M04,Device-0188,MNO-D,PROFILE-83b40afb5eee8da88a05
standard_rsp,FD7E1582B060F3C4B1982AA564F97780,MID-1F20DFA8CAB1C515459F889D374F3366,D0162-M01,Device-0162,MNO-A,PROFILE-b12185b1812b3d3e976a
aura_rsp,C1CE0A1D2449166C9D71CA3984A5A05F,IAC-42E67587CE4C273E07461F81DDFD6DCF,D0162-M01,Device-0162,MNO-A,PROFILE-b12185b1812b3d3e976a
standard_rsp,F4452EE71E5382AB26E78A7E33E22869,MID-59F571A2879F8197212A4E5B1D4756A7,D0099-M04,Device-0099,MNO-D,PROFILE-71689e9bd64782796a25
aura_rsp,06E18AE575816AB001680EE264321946,IAC-0B907B8FB42109A8FF99EAED43D21A6F,D0099-M04,Device-0099,MNO-D,PROFILE-71689e9bd64782796a25
standard_rsp,7B24F2D88BCA6611404BA80CBDE52DB1,MID-C0DDF11BED7B4B9418E74CCB568C7CF0,D0201-M01,Device-0201,MNO-A,PROFILE-f20217a81ac2b77ffb9a
aura_rsp,76391D4FFDA61B66D3EB9E8240678FB6,IAC-637A1FCCB4D36DE6381E7F9D88AB6C7B,D0201-M01,Device-0201,MNO-A,PROFILE-f20217a81ac2b77ffb9a
standard_rsp,6210105AA2F180719CF30B4EEF27CFF1,MID-5AB070689ABBF88A3FB7367E470BC964,D0231-M01,Device-0231,MNO-A,PROFILE-4e066013457da450abb7
aura_rsp,999BB7E88E9C12FF7A3A47298CC30DB1,IAC-6D56BE33CBE2E7C96EA3D56D4F9413BC,D0231-M01,Device-0231,MNO-A,PROFILE-4e066013457da450abb7
standard_rsp,40DA8A1A17DA582A48BFBE07675736EE,MID-4B86449FA9186703161C77643B192188,D0072-M01,Device-0072,MNO-A,PROFILE-5311e216f22f65069b58
aura_rsp,D37AE088759A1A1914055919FB51F38E,IAC-AF3BC497690301870477D07301B78876,D0072-M01,Device-0072,MNO-A,PROFILE-5311e216f22f65069b58
standard_rsp,B64ED1F94481CA006F842B391CC2C89F,MID-80221C6C7F34F32D485DC02D5BE15742,D0164-M02,Device-0164,MNO-B,PROFILE-b7d0989e31f561528323
aura_rsp,D55AC8603F140FF7D8AA752665FAFB63,IAC-8D24746DDCE4AFEF7E44969D582B9712,D0164-M02,Device-0164,MNO-B,PROFILE-b7d0989e31f561528323
standard_rsp,B37193D3DB45341436E023F5155C8828,MID-46E6F45472C7F18A46B83D12D5A731AC,D0231-M04,Device-0231,MNO-D,PROFILE-04415b09239478bd1be0
aura_rsp,5EBB7E6BF73E09ABDBDCC54D28416288,IAC-44FFF1BD693473470929E25236B75111,D0231-M04,Device-0231,MNO-D,PROFILE-04415b09239478bd1be0
standard_rsp,83EC2EAC801AB7E426FDA566CE6D3B84,MID-02FA16307A26FDEA6CCB94A4A0A34871,D0215-M03,Device-0215,MNO-C,PROFILE-107b723b68e91b168417
aura_rsp,72A891BBA5755C749D2AF5AC6C07361E,IAC-E175AD909D1509BD470C79BE60702ABE,D0215-M03,Device-0215,MNO-C,PROFILE-107b723b68e91b168417
standard_rsp,2DDAD19753B0D8B2E19C101E6B04FEC9,MID-539FAE2188391B95411C0C3AC5815034,D0037-M04,Device-0037,MNO-D,PROFILE-f67c97542f1819b4c3c7
aura_rsp,4E3202FFB5BBB9E21BE5316DEFF7728E,IAC-B5BFAF8CBB748CE8D6790ADAE78D87C8,D0037-M04,Device-0037,MNO-D,PROFILE-f67c97542f1819b4c3c7
standard_rsp,CE529B47D7DB018BA5F17480E765CA52,MID-CA18640CEA06F3BDD9F11B49DA5854CA,D0009-M01,Device-0009,MNO-A,PROFILE-1c75479ecb00ecfab8ce
aura_rsp,76C28609C876C2C385C8177D02823EE4,IAC-C5604C80363AF60EC3DFC5871766B703,D0009-M01,Device-0009,MNO-A,PROFILE-1c75479ecb00ecfab8ce
standard_rsp,0535F37175BABF22EBB9F245D2AE2EB0,MID-AEF76D5D409E025B8C7AB251BF2F83F9,D0119-M03,Device-0119,MNO-C,PROFILE-c737df6be381f69a7703
aura_rsp,D8B8F70EAE1F579B4EB9F3EDD2C4847F,IAC-08906805C63CED2C6A72B6C2F071DC49,D0119-M03,Device-0119,MNO-C,PROFILE-c737df6be381f69a7703
standard_rsp,5ABAE8607CC006A311E37D19E840FAE1,MID-4B16AE5A56CD7872150BEED5DA386CC3,D0145-M03,Device-0145,MNO-C,PROFILE-6956ecef74a63f37c670
aura_rsp,59CF6A1B7877C296228ED501C7EFD8D8,IAC-98A6CD62F85681E2545674FCBFD77D37,D0145-M03,Device-0145,MNO-C,PROFILE-6956ecef74a63f37c670
standard_rsp,0E264D4F5A25345CA4A25331DEC36E6D,MID-8137B3D1A55C748C13780648A5515E76,D0017-M01,Device-0017,MNO-A,PROFILE-73a17723be81d692a2cd
aura_rsp,0CE358D739AFA8488DFCA264F1F82F91,IAC-95127E2722461166E6EBEB5280BCE573,D0017-M01,Device-0017,MNO-A,PROFILE-73a17723be81d692a2cd
standard_rsp,E255DE16C443D1B90D7DD9CC4598490E,MID-9DEB8DBB807808291C4B48AC71271D3D,D0156-M04,Device-0156,MNO-D,PROFILE-29201c385904d6aa27bb
aura_rsp,BD005B166A2B21124433D99E19DACDED,IAC-DE3CECB48B48012A58E822C593AE5533,D0156-M04,Device-0156,MNO-D,PROFILE-29201c385904d6aa27bb
standard_rsp,6B870B2FCF4EE2D20A54AB4C814F336F,MID-4F82DAF88AE48B1D5D20F622C04FA0BF,D0001-M04,Device-0001,MNO-D,PROFILE-f524a52bbc71b6050fc6
aura_rsp,88069ACAF784E0A3B953FAEE591846A2,IAC-5ADC52F20B411887C68977B636465022,D0001-M04,Device-0001,MNO-D,PROFILE-f524a52bbc71b6050fc6
standard_rsp,5176DCD530B044853C62BC1694C99E9D,MID-63570D2EF5175CE28209B9AA1E752506,D0158-M04,Device-0158,MNO-D,PROFILE-bddc8458fb92f9249e1f
aura_rsp,42AA761CDC8B39B3D748CFF99A429B5C,IAC-D9BAFA84DE84B1451A59BEB4512F2269,D0158-M04,Device-0158,MNO-D,PROFILE-bddc8458fb92f9249e1f
standard_rsp,504E18461F5D5EEEB5CDCD7D215CA776,MID-4E669E12A81F9728DB0CF0B1BDC6DF3A,D0166-M01,Device-0166,MNO-A,PROFILE-fa8cc982f0a6e790c13b
aura_rsp,B7ED0E27E24350E6F96221DB9D3B57C9,IAC-1C32A1DF1F5783BBED370B2CCE9BDFFE,D0166-M01,Device-0166,MNO-A,PROFILE-fa8cc982f0a6e790c13b
standard_rsp,FFD794CAD440676640F2CD38EE21632B,MID-4F23AC4B358D3C3FFC92DD7DB3A07778,D0137-M04,Device-0137,MNO-D,PROFILE-d915e6f572e7369d32a4
aura_rsp,C096B743C7234FE0C38F920E157D5231,IAC-349CD10480412E95F43F840AA49A640C,D0137-M04,Device-0137,MNO-D,PROFILE-d915e6f572e7369d32a4
standard_rsp,4920EB22DD0311EB8FBB0CD35A6774C0,MID-57250B85181321FE3B3E7FDBD3D7AA29,D0045-M02,Device-0045,MNO-B,PROFILE-51d36ca9c6b3cee36d93
aura_rsp,6D3ED86AFB875E08DC4EB7FD145F8BF8,IAC-54AB117056D5C2B6092AA9F7EF84577E,D0045-M02,Device-0045,MNO-B,PROFILE-51d36ca9c6b3cee36d93
standard_rsp,37DC2E50301A33F78E2E1C7FE8BA7BFC,MID-4C429639106DF1DAE3DBCE25233C6B0E,D0070-M01,Device-0070,MNO-A,PROFILE-702df25dcf61b3b14cd4
aura_rsp,F7A9FA883E0220BB16F8E1B527273277,IAC-99B95029B57FC6DA632B8BF34F083E04,D0070-M01,Device-0070,MNO-A,PROFILE-702df25dcf61b3b14cd4
standard_rsp,935E20578FBBE3726C18C2D9451B74DA,MID-338EC9E9AEFD620B5A41836A5569DD13,D0026-M01,Device-0026,MNO-A,PROFILE-f385fb675e0b41a9617d
aura_rsp,66202FA275B527286C1DF78B2071DB8D,IAC-B01C7761EB8ABD8638D20B3D00179D62,D0026-M01,Device-0026,MNO-A,PROFILE-f385fb675e0b41a9617d
standard_rsp,00D1BFF3C2C7890F9E4CB97D4A570D83,MID-E2483EC3CEFA1AAA3DED60A4E0074136,D0061-M01,Device-0061,MNO-A,PROFILE-d5466cf12ef67c45f6b8
aura_rsp,A890803C834E84555774FB4591056901,IAC-4E030D48E8A7764543E91DA28AF3F3EA,D0061-M01,Device-0061,MNO-A,PROFILE-d5466cf12ef67c45f6b8
standard_rsp,89E9C638BA11D21B5D7F43092D440E3D,MID-A97F560850C373FC16437B280A239734,D0167-M04,Device-0167,MNO-D,PROFILE-9ca68a366c8c07fa8007
aura_rsp,014B463123A88CB6B815E091413ECA95,IAC-E32CA19C2052CBC62708B6D96B67E312,D0167-M04,Device-0167,MNO-D,PROFILE-9ca68a366c8c07fa8007
standard_rsp,AF468718F87627F28ABE9DEA3FBA89EF,MID-DCC8B805FFD2CE1AE981397765CAE726,D0010-M01,Device-0010,MNO-A,PROFILE-c40309fcc1d4a60efc38
aura_rsp,F9CA997E231F800E248EA22556BFBE08,IAC-8F705ABA94535C44E40FE7FE38F5A12F,D0010-M01,Device-0010,MNO-A,PROFILE-c40309fcc1d4a60efc38
standard_rsp,66B86484FDACA45D9E29F165F8590683,MID-B69E01C2696BEEFCC5F41FB83FC0C336,D0043-M02,Device-0043,MNO-B,PROFILE-fc9607526216f66d15c4
aura_rsp,9DE32DB3221093B6A62D81916E7FB6C9,IAC-CE123F1F55A68BE0C257E77F3FD1C9B2,D0043-M02,Device-0043,MNO-B,PROFILE-fc9607526216f66d15c4
standard_rsp,22DB7A36AB69F98F1F53F12D5153EA5F,MID-D9660B44D740D814ADD78D138BCFD28E,D0073-M01,Device-0073,MNO-A,PROFILE-89094f4a0aa3673cf3fc
aura_rsp,E1D077E0CE0044F4C9099DE6632014D5,IAC-81D2959DE48F2CD58E2202B178FF42E3,D0073-M01,Device-0073,MNO-A,PROFILE-89094f4a0aa3673cf3fc
standard_rsp,21E8EAE8E19B3A8E520FEC87E6FC24A7,MID-B7F26B8793B947C6D0E223395D71129D,D0241-M04,Device-0241,MNO-D,PROFILE-6463abeb0b81e5ca6406
aura_rsp,BCEAF2F8EAAA8CC694B01C5941D91E8E,IAC-58226CF46B55DC8068351E0CD81064E3,D0241-M04,Device-0241,MNO-D,PROFILE-6463abeb0b81e5ca6406
standard_rsp,6B66EE35052DCA3B393CB26C130350CA,MID-980C3A656897CB42AB6BCDC192D62C6D,D0242-M03,Device-0242,MNO-C,PROFILE-e83c181f67fe111624a7
aura_rsp,63CC0E2CF42C5EE092BC3BC4D0826C85,IAC-AC00536A560359A3254CE9CA29DEEE5B,D0242-M03,Device-0242,MNO-C,PROFILE-e83c181f67fe111624a7
standard_rsp,7A628510F76089A999E6D4A6481BF2E0,MID-D5526050CE8C13DABF10BD2570B0F6AF,D0155-M03,Device-0155,MNO-C,PROFILE-b3e341c13222bb893b01
aura_rsp,D5298B1EA20A049D3BB8D66D9B191528,IAC-0F290CFBB7A9291E7CB2D6C4C001F683,D0155-M03,Device-0155,MNO-C,PROFILE-b3e341c13222bb893b01
standard_rsp,7AA3F8ED45DA4B5DFF820C78C4093F8D,MID-E7099B54175AEE876BE7D1E15392A95A,D0234-M02,Device-0234,MNO-B,PROFILE-1f6bff2540a41a9d6a8a
aura_rsp,CBFCBE50DF3D828401F77D30D872B4DD,IAC-39A335E21F4609CBFB4699ADC7EC299F,D0234-M02,Device-0234,MNO-B,PROFILE-1f6bff2540a41a9d6a8a
standard_rsp,6DDAB6B26AFD3DCF60311346730C315F,MID-090E4431271004827B7404A574D0EF87,D0129-M04,Device-0129,MNO-D,PROFILE-3ac1a7cef680e6b9fdcf
aura_rsp,CC186B5994B56914427CA224FA21721C,IAC-6C1C9D4964C10D6F8D3BD8614EE8D6FE,D0129-M04,Device-0129,MNO-D,PROFILE-3ac1a7cef680e6b9fdcf
standard_rsp,FDF5D3604AD60D374EAB2711A0E8C6A9,MID-6FB192661776933F375F0C07A0831D9E,D0004-M01,Device-0004,MNO-A,PROFILE-43a00b5561e20ee4e977
aura_rsp,2FBE1DB5A11C6665CB1F60CA431AB6E7,IAC-4DB1548CC82BFC4FC7D9C4D51BF9E4CC,D0004-M01,Device-0004,MNO-A,PROFILE-43a00b5561e20ee4e977
standard_rsp,BE601842FF1F3C88E49125A18DE130F4,MID-AB0B2F7FECE9BEDBD9FB95890ADC6190,D0087-M04,Device-0087,MNO-D,PROFILE-e778d54629a2b1792be2
aura_rsp,1CF471D21C1F0D9C665589188C6A20C6,IAC-D59706516A651BE30CA2A2A70C3B2ED1,D0087-M04,Device-0087,MNO-D,PROFILE-e778d54629a2b1792be2
standard_rsp,588557CC5A1A69155E21500B551BED57,MID-95D209430855DC12D14A679AB24C5D6A,D0189-M04,Device-0189,MNO-D,PROFILE-69d539dbd2209f315d78
aura_rsp,83F148CF5F5EF7017E4CFB66516F6883,IAC-53E843AD3964F2B462E406758317539D,D0189-M04,Device-0189,MNO-D,PROFILE-69d539dbd2209f315d78
standard_rsp,93E5762A05A40763A1DA34503E57F764,MID-FF9C51D9F40F49105EEEAFC17CA2828F,D0088-M04,Device-0088,MNO-D,PROFILE-75c3d23e4deeff836886
aura_rsp,524C79943532F01EF81CAC610F11C5BE,IAC-2CC1CD271D1DD69F029BFAB0108C08F6,D0088-M04,Device-0088,MNO-D,PROFILE-75c3d23e4deeff836886
standard_rsp,C4B1A278093968F5AFA4B407EBD83EAC,MID-4E12EA41CDCF4F183B6B373BDD2FE655,D0044-M02,Device-0044,MNO-B,PROFILE-f1035c746cf29282d3f8
aura_rsp,6DB554546C6A642880107012718F63A9,IAC-4C02ED5D4FA43146AAE41F4FE6E29EBC,D0044-M02,Device-0044,MNO-B,PROFILE-f1035c746cf29282d3f8
standard_rsp,37A112758D68DD88F72A7B53F5F2B4B8,MID-2DF7B654140D73CCBA5B51B00E622A10,D0067-M04,Device-0067,MNO-D,PROFILE-bb6abfa9f3289f51fb0d
aura_rsp,F2C29C47163C2F71A39EB52354455FD8,IAC-125D121E6F953957DC4F3BF3F20FC875,D0067-M04,Device-0067,MNO-D,PROFILE-bb6abfa9f3289f51fb0d
standard_rsp,018358E933B486CDCCE27136C88B5644,MID-E91A629982627B5B54B2BAA5FF9AAA2B,D0102-M03,Device-0102,MNO-C,PROFILE-d3ba06d6b7cbc7c08fac
aura_rsp,A73171AFFE0F4F116C73F3334D15E052,IAC-C652111538798F7672C1F96F59BFA5E3,D0102-M03,Device-0102,MNO-C,PROFILE-d3ba06d6b7cbc7c08fac
standard_rsp,702F67261C4AB2F8C7166CE215D4FB79,MID-A6CB5701C2B4CCB61C38E7FEBE7DB464,D0225-M03,Device-0225,MNO-C,PROFILE-a74415da58d7ecaa5719
aura_rsp,CD4AB0C892C516B23FCBA065788C3AFD,IAC-080F332D136BB800AD4388F6D895AD1C,D0225-M03,Device-0225,MNO-C,PROFILE-a74415da58d7ecaa5719
standard_rsp,99B26B03260C9F4E4CC6BC27FB40A9CD,MID-5757AD599D068AEB44FC4BACBCA07116,D0063-M01,Device-0063,MNO-A,PROFILE-9260fd6f44ea3ce4d8b2
aura_rsp,5F8D276D3EDA8818D43D61DF7C8DB854,IAC-8E92458A314CE35199A3A35A486E62F3,D0063-M01,Device-0063,MNO-A,PROFILE-9260fd6f44ea3ce4d8b2
standard_rsp,41A57EEB8E403058CA26EA13F6C6ED37,MID-BA6092A1E84CA0C3750541A64B8AEB03,D0016-M03,Device-0016,MNO-C,PROFILE-d6de061a31a8a567f9cb
aura_rsp,620BB340785DBD61D721F1F3EAD8AB9E,IAC-EF5A0C4D216B2474910C62B189DEA3D1,D0016-M03,Device-0016,MNO-C,PROFILE-d6de061a31a8a567f9cb
standard_rsp,974F9DBCFDDE1FF02EFD15CD3598FB4B,MID-57804CBC1D8068770183FE449EC1B186,D0229-M04,Device-0229,MNO-D,PROFILE-df73f4b09b16314960e2
aura_rsp,80CDA953D599992644BB8CF40FD7B3B8,IAC-0B212B114E14EA947C209951DA450F09,D0229-M04,Device-0229,MNO-D,PROFILE-df73f4b09b16314960e2
standard_rsp,7BD0164CBBEFB62FB51C3DA8FA16C1A6,MID-8AF6CC434D5CDBCF4A1E9B4BAFA0ABDF,D0192-M03,Device-0192,MNO-C,PROFILE-a3389fefc61b7762d675
aura_rsp,46EAC52004DA1835E6AA95DD6BAE69DD,IAC-95DA1BD446898A5CF2E9CF97E5544EEF,D0192-M03,Device-0192,MNO-C,PROFILE-a3389fefc61b7762d675
standard_rsp,722F2E4CCDE6AB86F442C220F76C9516,MID-130A32D1890CC721D89C7F73266FB6DC,D0066-M03,Device-0066,MNO-C,PROFILE-2aaa6b0b0de7014f6cf2
aura_rsp,5141478E6335F680AF9BCFB041F2EE1A,IAC-CA4B1158AF65D94EDA18BEB678CB9D5A,D0066-M03,Device-0066,MNO-C,PROFILE-2aaa6b0b0de7014f6cf2
standard_rsp,9A92EE39060595E062720F9681BE8496,MID-3225D6B840B97F447F535905F8343F31,D0161-M01,Device-0161,MNO-A,PROFILE-7277cb1c6c6cb167f325
aura_rsp,61B130D2521559564351C27BBF8D0897,IAC-0EB62D4376937B59D5A51107895432A7,D0161-M01,Device-0161,MNO-A,PROFILE-7277cb1c6c6cb167f325
standard_rsp,F097BA366D0AA687C528E6713CCE20A1,MID-33542F4EFA1FC8B003336C41E64213AE,D0086-M02,Device-0086,MNO-B,PROFILE-f3d2436b8d2cf787acb0
aura_rsp,7C5F676B65B619263310FDF4754E635D,IAC-8BB32FE1CF8014D3C725D3DBF795CB98,D0086-M02,Device-0086,MNO-B,PROFILE-f3d2436b8d2cf787acb0
standard_rsp,66DC463DDA98983D49945B3E9EAAD001,MID-5F08CE280604B43C8BA3B53986EFF2E2,D0064-M04,Device-0064,MNO-D,PROFILE-f80436679f36eef5ce31
aura_rsp,A2408D83929A0E60AB24551F89B030B7,IAC-1A04A380F598A645F7C9FC03B68DB300,D0064-M04,Device-0064,MNO-D,PROFILE-f80436679f36eef5ce31
standard_rsp,14DD9F2A5DA27712D17FAB3EDF0A01C6,MID-1FEDC2D267DC86A38A0D96A2D659CF28,D0123-M01,Device-0123,MNO-A,PROFILE-6ebf15e52bea110453fd
aura_rsp,598B4F0C020D755CE868415973E41C6E,IAC-6283E0B4C32F4529B9657BA094A39207,D0123-M01,Device-0123,MNO-A,PROFILE-6ebf15e52bea110453fd
standard_rsp,8FA868FF138FFA3983671A0C6063514D,MID-2DA548CFED8A805D6671A9E836B76A67,D0070-M04,Device-0070,MNO-D,PROFILE-1deaa6edd40bfb7a95ca
aura_rsp,EDEE8D78324E9F6439F339765427FEA1,IAC-40E3FB09E403E5600D5941B26CDAD286,D0070-M04,Device-0070,MNO-D,PROFILE-1deaa6edd40bfb7a95ca
standard_rsp,A0978D90FBD503B28CFC9DA82ECA0A48,MID-74CC999EEEB6548972726E5F28C0E328,D0079-M01,Device-0079,MNO-A,PROFILE-bb5a42e09a3f0ccafa61
aura_rsp,74FF6FA2A3DD144BF5B2BAE3A7F3A651,IAC-AB1DD11A785A38B6B1C85B3512E62229,D0079-M01,Device-0079,MNO-A,PROFILE-bb5a42e09a3f0ccafa61
standard_rsp,AB23BC28F7DAAFE23B3B8AF6BD988F80,MID-11A60F6C3B12FD558D837A625F3B0500,D0079-M02,Device-0079,MNO-B,PROFILE-0c42facac7bb71646a3c
aura_rsp,10B6C83045F2D499EABDA0E6A53CCE0E,IAC-4D6C8F4B4043BA4CFFA75F100CF6DD2F,D0079-M02,Device-0079,MNO-B,PROFILE-0c42facac7bb71646a3c
standard_rsp,65CFD44CADCBE16A7129EFDC5DAFF890,MID-935A219A489724D5AA0FC750BCACEED8,D0007-M03,Device-0007,MNO-C,PROFILE-bc7880725ab963103fd2
aura_rsp,AEF0F6925606A82E0DB57952C74E1F20,IAC-1CBF3A7AD5776FD7AE314B95BEDE3C1B,D0007-M03,Device-0007,MNO-C,PROFILE-bc7880725ab963103fd2
standard_rsp,8F989D8DF2A82A3BD532F09CBE143F79,MID-C4B4CEBE9E30B541D23038D0A197F40A,D0178-M02,Device-0178,MNO-B,PROFILE-9618aa20361e28014a95
aura_rsp,1769F02B5049EC47F365CC61904C1A79,IAC-2A370800DFCF5D439E87E50F865E4E2E,D0178-M02,Device-0178,MNO-B,PROFILE-9618aa20361e28014a95
standard_rsp,65B22934188DECAF135BDCA0BB54E321,MID-A3CE6A4AE123566970865902A178A4A0,D0176-M02,Device-0176,MNO-B,PROFILE-392014a75583e74e5162
aura_rsp,FF7084E5AB74EC1C64A7C3992144B8AB,IAC-D4D9028205ADFDD394A5BDCB1BD1674D,D0176-M02,Device-0176,MNO-B,PROFILE-392014a75583e74e5162
standard_rsp,8FCE437C831318E807251DF87F90E074,MID-5E9F08F0A2FDDBA8466F2519E50EF4DF,D0155-M01,Device-0155,MNO-A,PROFILE-ae228865d0446dfad5a7
aura_rsp,B926CBAF6D54A386FA103FC7CC671CF8,IAC-775A88BFBC94D8E194E7C2198BC243B5,D0155-M01,Device-0155,MNO-A,PROFILE-ae228865d0446dfad5a7
standard_rsp,5D8F1A6073079A5AED71265A1DA4A536,MID-16A5A1B27F53BAA72029DEF9AE0FA65F,D0152-M03,Device-0152,MNO-C,PROFILE-648adcdf6322817dee5d
aura_rsp,DAF377A023E5614FA1D6C0394CDF4642,IAC-08015412106E30A9F44BAA30667A91C8,D0152-M03,Device-0152,MNO-C,PROFILE-648adcdf6322817dee5d
standard_rsp,01CD7ECD42CEE938DD37BE2EB0E602DE,MID-5AFAA0ADB2A3AFFC25B5B52709F3CB8E,D0059-M04,Device-0059,MNO-D,PROFILE-4fb6efa7dc3064c3075f
aura_rsp,39F88B0BA5B06DD54ACABA283C4A65B4,IAC-2F903C1C424F4D7E2DAD18AF7E01B16F,D0059-M04,Device-0059,MNO-D,PROFILE-4fb6efa7dc3064c3075f
standard_rsp,23807B2C1DD2E6A930AA7635FB2F59CC,MID-9FCF529A05D28B185495377B23DF4981,D0014-M01,Device-0014,MNO-A,PROFILE-80fdf819d63567b4f141
aura_rsp,4293BF78C08EDEBF836F95EC98F6A1CC,IAC-2C11963CCD6CEBFCCB536E59B1A98BD2,D0014-M01,Device-0014,MNO-A,PROFILE-80fdf819d63567b4f141
standard_rsp,AA535B3F29F9DA6FA5CFE2AD2B1D2CD5,MID-44201345CA10F94AE4B25B872F96163F,D0085-M04,Device-0085,MNO-D,PROFILE-41d6329b2e130a64ef58
aura_rsp,58904D78FA5E8588399C1275C93BCC9B,IAC-5B42277E89F250E2262D801B1DADF2ED,D0085-M04,Device-0085,MNO-D,PROFILE-41d6329b2e130a64ef58
standard_rsp,36955AB0E2DBDA7F29D6833D93B27017,MID-B097F0E2F8DB4D4425EDC32795B46610,D0118-M02,Device-0118,MNO-B,PROFILE-cb4e26ee9925d15d07dc
aura_rsp,35A30961AC3D4F81D7C0C3054E81F549,IAC-C98172E3274BC33B1DA2FFAFFF0F47A3,D0118-M02,Device-0118,MNO-B,PROFILE-cb4e26ee9925d15d07dc
standard_rsp,CF45570C0A1754452A3334C2B37DAE0D,MID-B5DCFC5B6D05704C7EF8870BAA567B4E,D0098-M02,Device-0098,MNO-B,PROFILE-0f0647e739ad4ed9839c
aura_rsp,0D0527763D3537F027F3282436606001,IAC-8E695BC0B79FC4C550CE14E8BBDD7CDF,D0098-M02,Device-0098,MNO-B,PROFILE-0f0647e739ad4ed9839c
standard_rsp,1B96537932E947ED11B1FABC2465B8A9,MID-BFF475F7EB3A1C512BA64D3B08E169FA,D0246-M04,Device-0246,MNO-D,PROFILE-70464178f1b22c9cd8bc
aura_rsp,56AC9706CBBD0BC5371B7C13F9D95449,IAC-A9CB56F67F5A726F6DAAC5B1EB8A1984,D0246-M04,Device-0246,MNO-D,PROFILE-70464178f1b22c9cd8bc
standard_rsp,10A90BD3072EE2E3FEBC3C6AD732C338,MID-9B7D9AD035C58144A216C5A349AB6AAF,D0235-M01,Device-0235,MNO-A,PROFILE-717a57461970a18b32e2
aura_rsp,F3467D56DD03985A477D152A5EE90855,IAC-76852523A154AB7C83D9FC2BE3476864,D0235-M01,Device-0235,MNO-A,PROFILE-717a57461970a18b32e2
standard_rsp,FEEE076604C9EBBB40C0E3CC9E84046F,MID-BE2AB9F6FEEB02BFFC9F8FAF3847EC25,D0109-M01,Device-0109,MNO-A,PROFILE-c7c2168ffbfe9aa833a1
aura_rsp,9A8A4E71B0F92250E5AAE4AAAAD8C63B,IAC-0E9DCA02CDBAFA4AD3743FE32FB55C0F,D0109-M01,Device-0109,MNO-A,PROFILE-c7c2168ffbfe9aa833a1
standard_rsp,AAA5E87D6C5EF8CBD67F74523A70F0A0,MID-2F2950BF19566A21458D6B11FBE3E9EF,D0165-M03,Device-0165,MNO-C,PROFILE-98190032c3cf61866146
aura_rsp,3BCA53A98E0650122AA68633F92D178F,IAC-54F47B5F2CE4A13E6CF9BEA141FA98E9,D0165-M03,Device-0165,MNO-C,PROFILE-98190032c3cf61866146
standard_rsp,E26EDCF74CF2C30496FB4B52D17D6DB5,MID-B1D6ED2A40FEFD5D159007338383E113,D0184-M01,Device-0184,MNO-A,PROFILE-974e4147eb9650dac948
aura_rsp,8851B7A275B1DC5DDC1B0827A1238F37,IAC-5A385027BD7CF61FA7175CF888CDC84A,D0184-M01,Device-0184,MNO-A,PROFILE-974e4147eb9650dac948
standard_rsp,E2B9A83B47D2D75E16F2937AE6BC269B,MID-F2BB67D85019CB620D120D7745527062,D0223-M03,Device-0223,MNO-C,PROFILE-441a27093d663c8273e5
aura_rsp,7A02AA067AE96260BE65DF149D678C3B,IAC-15DD644CC4BDC5117D48758CCBBB6B76,D0223-M03,Device-0223,MNO-C,PROFILE-441a27093d663c8273e5
standard_rsp,15E210C6ADFDD38911445D7F89458448,MID-39B3D78DD90A9CBA420FF970C8CEBFF2,D0015-M02,Device-0015,MNO-B,PROFILE-de5abc61b242fb10e678
aura_rsp,9C3C2DE28C0BDDB84A2B89EE921940C7,IAC-477B08388CC70CFC3FE26FC2CC3CBB2C,D0015-M02,Device-0015,MNO-B,PROFILE-de5abc61b242fb10e678
standard_rsp,70312562717A5B81541EC14506730BAE,MID-3192039A01A447A8FD85899B2015546E,D0045-M01,Device-0045,MNO-A,PROFILE-17041e976ff137e39ab1
aura_rsp,7E204110471A1D41CAFA16E8E50E9007,IAC-671262C956CF1B6C052F1193F3940967,D0045-M01,Device-0045,MNO-A,PROFILE-17041e976ff137e39ab1
standard_rsp,60EF7325A2E432954DC733CFDA72C6A7,MID-374D33BAFFC3335F8E67DF562C2F0F6D,D0242-M01,Device-0242,MNO-A,PROFILE-32399139dca8bb2aa255
aura_rsp,D964A95BB7FF7A9C22A49A63F2982D1E,IAC-A9928F2E62ABBA63EAAB6F527EDAD113,D0242-M01,Device-0242,MNO-A,PROFILE-32399139dca8bb2aa255
standard_rsp,2BE90B0990C9C2799E7B497F69EC4FC1,MID-8F7EA93FB4639BE3DFECD7504FD5F85C,D0249-M01,Device-0249,MNO-A,PROFILE-8ca3bd253ffbd758d370
aura_rsp,ED592D2744BAA5250984B2D61039A6C4,IAC-384CEBD0C5387FF7CDC0F51A2FDA10D2,D0249-M01,Device-0249,MNO-A,PROFILE-8ca3bd253ffbd758d370
standard_rsp,7698050F78A41A357F70A14548715674,MID-5D42378EA91C7DA92F7D4489E16833E0,D0156-M01,Device-0156,MNO-A,PROFILE-68e7e0f32e56e644c59c
aura_rsp,1DEA74669C2827562580B2614A37D1AF,IAC-CF39F23F853BB0EBB3253B968CDF891F,D0156-M01,Device-0156,MNO-A,PROFILE-68e7e0f32e56e644c59c
standard_rsp,EFA12159DE0CB952B0651465DB235EDD,MID-A313C39848B3F1E3DAE11AC7C56AF47D,D0063-M04,Device-0063,MNO-D,PROFILE-3099ac403097597fa872
aura_rsp,8B2496D2B5DF785650E4D061BB587225,IAC-B9F57D95FF6E01B79F781C245A55F729,D0063-M04,Device-0063,MNO-D,PROFILE-3099ac403097597fa872
standard_rsp,F96E047352E19237C9EDD4684C25CA4E,MID-B898A9F3101EE887650F5E4292ACE7CF,D0187-M04,Device-0187,MNO-D,PROFILE-cacc4502b1b1326cb91b
aura_rsp,A5CF9C6AE3F4F120B8C70D87DB021F0E,IAC-72BFB67204690ECBEAC736BCB1051333,D0187-M04,Device-0187,MNO-D,PROFILE-cacc4502b1b1326cb91b
standard_rsp,571E5F6D2CE09E5E7FC4A9A543675626,MID-1DB3090744250FAEB4EF86FAD1EFAC52,D0020-M01,Device-0020,MNO-A,PROFILE-cb3193489e29c15fd2f6
aura_rsp,F11FD1242AEE9714478786AF61F9B5F3,IAC-B74737F513639D0B9BC7F39CBB9848DA,D0020-M01,Device-0020,MNO-A,PROFILE-cb3193489e29c15fd2f6
standard_rsp,4103A76F294196E95995EEF92DFC56CB,MID-5303EDAAB2BD386AB77FD09D167B1679,D0149-M04,Device-0149,MNO-D,PROFILE-a3bee2b4c3585e372155
aura_rsp,C2645A183680754D64D34FC0EBB2B28A,IAC-FF149337CF2191EC9EF1F34552AC4B74,D0149-M04,Device-0149,MNO-D,PROFILE-a3bee2b4c3585e372155
standard_rsp,C34E96C5C0402D71271D40E3F8F5307D,MID-FF046422832E94393A33E5D78060FFB9,D0130-M01,Device-0130,MNO-A,PROFILE-4d99c9c1507ab22272ec
aura_rsp,2E722A42EBE872FCF8F86715C7BA192F,IAC-486C11CBEDC8901A708291557227EEA2,D0130-M01,Device-0130,MNO-A,PROFILE-4d99c9c1507ab22272ec
standard_rsp,0FE1F44D3E4C4F5A7FBB9D84C6E6515A,MID-916D5007AD378C389E2CDDEF4A99F22E,D0103-M03,Device-0103,MNO-C,PROFILE-5b96790e342b062d0f1d
aura_rsp,495D8567CA2E752BC77712D6F5C94643,IAC-F6FD4001FF2DCEA1CCB4537FA1171E00,D0103-M03,Device-0103,MNO-C,PROFILE-5b96790e342b062d0f1d
standard_rsp,C19F8274E94AFB87625A3A73293E3E8E,MID-279BC782D7FA35772D4B0DF8793BEF4F,D0146-M04,Device-0146,MNO-D,PROFILE-801ed2b59802d778c258
aura_rsp,7D13CEF7B4F084608299817D49B391FA,IAC-2D0F084EB1AD70376735B86A04EB3B0D,D0146-M04,Device-0146,MNO-D,PROFILE-801ed2b59802d778c258
standard_rsp,9514AA85885396CDC85C2A1BA036C44C,MID-7825A75CF45765E2AE750555D6E25F30,D0030-M01,Device-0030,MNO-A,PROFILE-9f50fa8e4fc16909ead0
aura_rsp,47C58B374714404892D2374DC8A35FFE,IAC-51068A38700688BE92BDAA7DE56AEF3E,D0030-M01,Device-0030,MNO-A,PROFILE-9f50fa8e4fc16909ead0
standard_rsp,DCEF041772025C1AC3A037B4743B6688,MID-AF5BB77199E2A435095A37FEBDDBA1E0,D0232-M02,Device-0232,MNO-B,PROFILE-55d1b5b95badea7ce785
aura_rsp,E6282286F2F416D846045F4952C6FA57,IAC-41A01358A40DA389307D5B9621B6712A,D0232-M02,Device-0232,MNO-B,PROFILE-55d1b5b95badea7ce785
standard_rsp,D4F1DFB59CD5A7EF65FA4E7E10469C86,MID-4A27123B2B8715A59465B9C793D31B23,D0232-M03,Device-0232,MNO-C,PROFILE-43af1cab39479cc94a9f
aura_rsp,DD138E3FE46A659E0ABF462362CFE3C6,IAC-202B0F8216CF58995A277F02365882C4,D0232-M03,Device-0232,MNO-C,PROFILE-43af1cab39479cc94a9f
standard_rsp,D04354DF6CF2A3502A23E2F666920B95,MID-3240D3C99716A27553CC603F5F6736DF,D0182-M03,Device-0182,MNO-C,PROFILE-cb71a89c9d459c6e32f6
aura_rsp,F00D92DA94FAED1117A15903CBE4879D,IAC-40153F6152CEC57C6C4A726A104EC042,D0182-M03,Device-0182,MNO-C,PROFILE-cb71a89c9d459c6e32f6
standard_rsp,937785FEADC5F8089CFB3E7261D1CF32,MID-5C85A499190FA486F40725A52E7336EA,D0040-M02,Device-0040,MNO-B,PROFILE-72bfe2fc7f138882da5c
aura_rsp,1BD71FAD47A898DB8DD51C027C80501B,IAC-EBC1E7E627522A38815B4C403E2126CF,D0040-M02,Device-0040,MNO-B,PROFILE-72bfe2fc7f138882da5c
standard_rsp,47E5BA0CF3B61CC4AF64796E235C0C0F,MID-DB12DC36430633D2A051FD5B0104B4FD,D0078-M02,Device-0078,MNO-B,PROFILE-72e875fbe019a7a5a7b7
aura_rsp,ACC95E09FB762D2ECA69FE03228FE411,IAC-1F0C04F566D1DD68072AC2653D2B83E8,D0078-M02,Device-0078,MNO-B,PROFILE-72e875fbe019a7a5a7b7
standard_rsp,7A378FC7231A6C39D64CA337A3C71324,MID-3A5E9E1156C308567ECEB23DF3003427,D0060-M02,Device-0060,MNO-B,PROFILE-7b05baf8aad30dcfea64
aura_rsp,CF3AF01D46535333AEC7F4A434588491,IAC-510AFEAD80D3284A805C5D14FF83CFEC,D0060-M02,Device-0060,MNO-B,PROFILE-7b05baf8aad30dcfea64
standard_rsp,E15E709FA0AE3A6164369B0985E44924,MID-A3071282469E6B08ADD0423D619E5894,D0104-M01,Device-0104,MNO-A,PROFILE-888880212812a8a4e0f4
aura_rsp,497CCC26E2B422FA42A48F8B6338C5E6,IAC-A82D36FBF5A4A7673141A43FFD44381E,D0104-M01,Device-0104,MNO-A,PROFILE-888880212812a8a4e0f4
standard_rsp,C6DCAC0004C1A6991E632FAE83813048,MID-595670B84022AB22A7EB1D2CCC23D606,D0112-M03,Device-0112,MNO-C,PROFILE-333c37c6979f948edc76
aura_rsp,EE9FEF1CA0DB125EA44516EC28E778E5,IAC-C4EA7C0A38A5EAA08346A2F8751FEFD3,D0112-M03,Device-0112,MNO-C,PROFILE-333c37c6979f948edc76
standard_rsp,0B980402D0596BEF530640CD978B8DDF,MID-A548D5FFBA385B7A7CEA93DEDE7ECCA8,D0200-M02,Device-0200,MNO-B,PROFILE-8f55e85463747125aaf5
aura_rsp,62F96E0E730C6DCCFAB0F6DA908B1C0A,IAC-31A3F0259ABB0697502CA44D3BCBB579,D0200-M02,Device-0200,MNO-B,PROFILE-8f55e85463747125aaf5
standard_rsp,890E16399EA41A5A3688C57D7DB4F05B,MID-E5498FEF80FC036DEFEFE8076229A974,D0179-M01,Device-0179,MNO-A,PROFILE-505895f59cdb3dd1bd89
aura_rsp,83E75F4536C95FE7A476F5ED4F6C7B07,IAC-DF821BEFADD41C3254C938AFE5B2338B,D0179-M01,Device-0179,MNO-A,PROFILE-505895f59cdb3dd1bd89
standard_rsp,6619BDA026810EE9003FA34823C90C7B,MID-76848AB9BCC1FC2EF8D307DDBBAB3EF5,D0072-M04,Device-0072,MNO-D,PROFILE-5418ce968f1e8a25540d
aura_rsp,3BC76B753C383186C7A89AE83435A7FC,IAC-3AEE02B9D153230468682244118F5D6E,D0072-M04,Device-0072,MNO-D,PROFILE-5418ce968f1e8a25540d
standard_rsp,C4827B676BFE745447C38D2AA95435FF,MID-094CB995DCE9BB1E7D9C4CF10756D962,D0083-M04,Device-0083,MNO-D,PROFILE-58f3f83a7fd24d93f8ad
aura_rsp,AF9A50CD78301685313A0264EEC59379,IAC-30B6D4E46E33B8FC2567A47738073CA1,D0083-M04,Device-0083,MNO-D,PROFILE-58f3f83a7fd24d93f8ad
standard_rsp,8E6C8E74136BA4C2E3CDBB6D44811139,MID-427438716A8B0123B53054DBCD2A1F7F,D0213-M04,Device-0213,MNO-D,PROFILE-3f43cce63748d648e46c
aura_rsp,46A906F1CAD6FBB5710CF7064755B402,IAC-5301461643A5F2C94DBCB947AD32DB26,D0213-M04,Device-0213,MNO-D,PROFILE-3f43cce63748d648e46c
standard_rsp,32B1DED959B53199815CE5DAA204C78D,MID-6AF71A01CE0A021D9B278595524B4E1B,D0017-M02,Device-0017,MNO-B,PROFILE-0e9a9706982521db039b
aura_rsp,89AC1C80403C51DE7A162ADA1ED9C5E6,IAC-A0DCB4471F79116BA62BEE855608682B,D0017-M02,Device-0017,MNO-B,PROFILE-0e9a9706982521db039b
standard_rsp,AF7211C3F0B281A027F9C18DA145DD8B,MID-FD9E53CB610C7A93C2C778B64498BF43,D0081-M04,Device-0081,MNO-D,PROFILE-19f67866ef1c89537507
aura_rsp,CAAC62164809BC0EBCF227679484F796,IAC-0C2BDC8AC2737CD9F6C18F3A0332EF14,D0081-M04,Device-0081,MNO-D,PROFILE-19f67866ef1c89537507
standard_rsp,C5CB9768951EB4FE2FFDFFD87A594F46,MID-DF906FA19B9A6FB43A5836283A91193B,D0173-M04,Device-0173,MNO-D,PROFILE-f4be110904fe93b2bf39
aura_rsp,8CEADD1EADC338CF6E0E02CE7FC4921A,IAC-8F53C248EBD1B8906198E722CE9A4CAF,D0173-M04,Device-0173,MNO-D,PROFILE-f4be110904fe93b2bf39
standard_rsp,00F90040F7EEBA14B6193F83A64C3150,MID-417C240111306255F37013F876225799,D0150-M04,Device-0150,MNO-D,PROFILE-acef674f1290f9b28c8d
aura_rsp,117C5CA6C320FBCC35A28833D79461CE,IAC-067B877FC5B39CBAF124DC2659132F12,D0150-M04,Device-0150,MNO-D,PROFILE-acef674f1290f9b28c8d
standard_rsp,9D77D33ED207AAA8959D27D3578EF977,MID-CAAA880E74BF3F204D0CE26648BF3B5D,D0123-M04,Device-0123,MNO-D,PROFILE-17d1b0aa146d44e651da
aura_rsp,1A852DA1CA087E4693CBBEE41DB81ABB,IAC-564110B7B662A0F9058CBDCE27FCF740,D0123-M04,Device-0123,MNO-D,PROFILE-17d1b0aa146d44e651da
standard_rsp,4A83CAFA919528FCC0F2690C2B3C99FB,MID-5E322E83605B8227B19CB499FD0FEE5B,D0071-M02,Device-0071,MNO-B,PROFILE-a36e8599b42d97d7729d
aura_rsp,018565B57A5126EECE1096C5A3C3C886,IAC-C2DF99B06A6E57257780559490EDAB09,D0071-M02,Device-0071,MNO-B,PROFILE-a36e8599b42d97d7729d
standard_rsp,A64D3CBE8FA10212A815D9387BE4FF2E,MID-3E7972EAB467F70FDEC42E53E71D41D0,D0240-M01,Device-0240,MNO-A,PROFILE-7a628e74aa107bbf3781
aura_rsp,E65C66C16CB429ECB90B2BED616C860F,IAC-CF4F0B8124EFC5D1E481125489584D06,D0240-M01,Device-0240,MNO-A,PROFILE-7a628e74aa107bbf3781
standard_rsp,CFAB43AB469C90224E0261EF41BB919A,MID-FA97D49093CCADE49E79CD5B47AF4E30,D0049-M03,Device-0049,MNO-C,PROFILE-2524bb6b708762c77bee
aura_rsp,74756C162D9821CBA3801610198F66DA,IAC-B425CF10734B66F1395001A6F14E66EF,D0049-M03,Device-0049,MNO-C,PROFILE-2524bb6b708762c77bee
standard_rsp,7DC2F66D28D9BF238CD1C7D9E14B62DF,MID-600981354723BB6F63A9F1A7E195F860,D0233-M04,Device-0233,MNO-D,PROFILE-ee0326cc60048674d7bd
aura_rsp,864A05F6455AE1B995A859746FB812ED,IAC-BD160A2AC203591124F18F27B590B43D,D0233-M04,Device-0233,MNO-D,PROFILE-ee0326cc60048674d7bd
standard_rsp,5E934436738424AB5B302D9AB1DDF7F1,MID-2E7B511B8229C7CDCEB6E7694FF0659E,D0006-M01,Device-0006,MNO-A,PROFILE-1b131134c7764dd893e8
aura_rsp,7A1D26A079F6BD668833FA147AA4E86E,IAC-C77BE2F2B468F78F1C05890C10D91CAB,D0006-M01,Device-0006,MNO-A,PROFILE-1b131134c7764dd893e8
standard_rsp,C71ECB9C5162A2A1F377FB46B4E5CB72,MID-DB4C83848708B31596B31974C264981C,D0175-M03,Device-0175,MNO-C,PROFILE-e118801a99003dbde68f
aura_rsp,57EBC4D5588F0C2D412052ECD04BD33E,IAC-977A53398AFA4E9899E2CF33304F189D,D0175-M03,Device-0175,MNO-C,PROFILE-e118801a99003dbde68f
standard_rsp,351D0AE920F87377322CB73C3ABD3FDD,MID-0E9DE7C5567157E37194E9D843C4EF19,D0147-M02,Device-0147,MNO-B,PROFILE-7a0f513f0b6ba4cb46f5
aura_rsp,C3B0876420127BDE8E7AAD0BBBA7F945,IAC-9AAEEC5E75AEDE8D736EAB6F0FC1E2ED,D0147-M02,Device-0147,MNO-B,PROFILE-7a0f513f0b6ba4cb46f5
standard_rsp,F593D6EDD3F4AB75A862DE7B9CA1C504,MID-DCD596A760EC102FB481CF522D67659F,D0053-M02,Device-0053,MNO-B,PROFILE-0d2de6399246d7588703
aura_rsp,D6C3F12A1A0162D410B3D71CBA44CE90,IAC-BE030698340CC6E7D3BFA7C642F35379,D0053-M02,Device-0053,MNO-B,PROFILE-0d2de6399246d7588703
standard_rsp,D60281E51FB3DE641BA5C9B95A56D895,MID-C426055AAE5105EEDF15132D4A2863DA,D0221-M03,Device-0221,MNO-C,PROFILE-51f3022af2b67213784f
aura_rsp,61868A16820D767CC8C4A2703476E03A,IAC-AF57446A636BF3A901082EE1A4195F73,D0221-M03,Device-0221,MNO-C,PROFILE-51f3022af2b67213784f
standard_rsp,E02C416C87EF29DDE712639A3B48CEC3,MID-4CEA3DDF792CEB265EA2C7E2A6D38B66,D0011-M01,Device-0011,MNO-A,PROFILE-ea3aca5fe1d3684c0383
aura_rsp,19631E6C73495F9B929CFB84FBBAC945,IAC-A5FD0772C8A82AC0A5DC83C3BB787D80,D0011-M01,Device-0011,MNO-A,PROFILE-ea3aca5fe1d3684c0383
standard_rsp,2B6835FF2629F4EFE49500B8ABE7A5F9,MID-8B27EC14662B46792728931AE74518C4,D0189-M03,Device-0189,MNO-C,PROFILE-312462f7ddda144e9697
aura_rsp,0F10A739CA601BE6F926679D3ACD22D7,IAC-6BB569D7FD744D327A5D373C647537BF,D0189-M03,Device-0189,MNO-C,PROFILE-312462f7ddda144e9697
standard_rsp,795B921F627BF800922074B149942797,MID-2A4323A8C91DACB1E8EA90859B67A32C,D0140-M01,Device-0140,MNO-A,PROFILE-f6ad4ba85d7eebee0d9a
aura_rsp,64401ED88E6F258DC40751B62166233B,IAC-B8952DB9F60AAAF24C151A708D7402D7,D0140-M01,Device-0140,MNO-A,PROFILE-f6ad4ba85d7eebee0d9a
standard_rsp,4D5B3B89B363F0D80822E415B76BE107,MID-A03199C6B4FF42CD0CED90BF3E7CDF17,D0103-M04,Device-0103,MNO-D,PROFILE-7446672118a0c29e5d8e
aura_rsp,3FB5CE4139A389E6B01B0229098EA823,IAC-F065EA5A45884051F3A80000D3EC6F90,D0103-M04,Device-0103,MNO-D,PROFILE-7446672118a0c29e5d8e
standard_rsp,057D3B607626F726201AACF4EFA2616D,MID-97AF23614642936BDDC09EFC2B299DF8,D0126-M03,Device-0126,MNO-C,PROFILE-1044e7590b56274d93ab
aura_rsp,B4B24777BD86DABA8F2F8C67F2E52EBF,IAC-33E6D083711A5C37121218C2A3DC9969,D0126-M03,Device-0126,MNO-C,PROFILE-1044e7590b56274d93ab
standard_rsp,A02806411D16E41BA2C28C947B730679,MID-24B986A52313BD7D9A24FBD7E426CECF,D0055-M01,Device-0055,MNO-A,PROFILE-043868815f8ecdff4c50
aura_rsp,4B4A461062E3917B8B344A079E09D3BE,IAC-4C31C1AF1A1FBF92F53F09DE0D050098,D0055-M01,Device-0055,MNO-A,PROFILE-043868815f8ecdff4c50
standard_rsp,313902FED54BBEC13B86DB24617B39CE,MID-5B534EC1D5DB5F1524FB2D06BA5BA482,D0126-M04,Device-0126,MNO-D,PROFILE-0fd1fcbee4324ae295c5
aura_rsp,02D9DEF82C55050C70262F3319180BD2,IAC-7E7AC7F2A839FD09B3A8D99461B686F5,D0126-M04,Device-0126,MNO-D,PROFILE-0fd1fcbee4324ae295c5
standard_rsp,B0124871263A4F2E608F4AF553113615,MID-58F7AE37240096EBCBE56E5529886941,D0097-M01,Device-0097,MNO-A,PROFILE-152c42fa136d7cdfec81
aura_rsp,56764B396D64DA7B165BDEFA342D22DA,IAC-32DDD9C37456A15652DB5A74EE93424B,D0097-M01,Device-0097,MNO-A,PROFILE-152c42fa136d7cdfec81
standard_rsp,D12DA2FDE71013527D02D3F7DAC321A1,MID-CA3805C334788B352467A1DF6BA34601,D0117-M02,Device-0117,MNO-B,PROFILE-2333bd5c141efd09395c
aura_rsp,2879CBE4F5B7C180D0D7A16102240469,IAC-D8C4CBB29602029343DAA7AB8338F9CA,D0117-M02,Device-0117,MNO-B,PROFILE-2333bd5c141efd09395c
standard_rsp,B280BDB35FE14AFEEDFBB3FBBABE3160,MID-D6D53B723A25AD1B0D9FFCA5DD5172AF,D0184-M04,Device-0184,MNO-D,PROFILE-d9b12e424cf794ac9863
aura_rsp,86C9108659795AB590A1F3365AB7E9CE,IAC-E4EBCEF9889707951A347BFD4BA0CCC3,D0184-M04,Device-0184,MNO-D,PROFILE-d9b12e424cf794ac9863
standard_rsp,09A5939D9B2D352A81323BE08F99FC79,MID-5C00D026095BD071E48EC70C5A74EC78,D0150-M02,Device-0150,MNO-B,PROFILE-610b722c21cf8086c2a0
aura_rsp,04668DA7F730F8383FCFA8EC3D179DFF,IAC-667FF78A15BC1DCEA8A8DAABF7753C09,D0150-M02,Device-0150,MNO-B,PROFILE-610b722c21cf8086c2a0
standard_rsp,2851B3D3BBD5757BB3EC9D21E4DC3CAE,MID-2B1F516DE65FF3381AFA893CABD870FC,D0241-M01,Device-0241,MNO-A,PROFILE-7b14bb5e65854de86016
aura_rsp,08533002DA324B429AF3131DCC64773C,IAC-1E1B8A47102987765A89864C273710D1,D0241-M01,Device-0241,MNO-A,PROFILE-7b14bb5e65854de86016
standard_rsp,5F83F317412124366EC901E0196D74A6,MID-D28F4F1EA5FB7028961437D53A23A617,D0004-M04,Device-0004,MNO-D,PROFILE-988ba40e3fc4ea5e58d0
aura_rsp,13F7CC9BC95D1B69C4359EAA02321691,IAC-80380B03FAAB223DD25C5974FD05A8F2,D0004-M04,Device-0004,MNO-D,PROFILE-988ba40e3fc4ea5e58d0
standard_rsp,2335E5882E04D88D7CE3473737BDA5E5,MID-DE0B6EF4335DC3C481BF747A4881212C,D0019-M01,Device-0019,MNO-A,PROFILE-21e2369a4714797d3707
aura_rsp,3CF2032F303175D840A96F1615E9B5B7,IAC-1231EC49B233940FB4D593850D4A307E,D0019-M01,Device-0019,MNO-A,PROFILE-21e2369a4714797d3707
standard_rsp,B0C085EA5D4AAE8503436A85F68DA8CF,MID-C43B49E9C57C18685B7390DB9A992D21,D0089-M04,Device-0089,MNO-D,PROFILE-32b75d4e9ed2581920e4
aura_rsp,3D603D93B0A32CEA1C13224E89733CA2,IAC-86E1FFF95E3D63DBF58A43C2F7A72A3B,D0089-M04,Device-0089,MNO-D,PROFILE-32b75d4e9ed2581920e4
standard_rsp,74CE9A2C6496292E4704E8604D2D4BF7,MID-AC6C7622613B58B9BB7260AC8A2D1FFA,D0024-M03,Device-0024,MNO-C,PROFILE-8c8547d516dde8c7afe8
aura_rsp,6CC0309882A8248328EA9B97BF568A52,IAC-EE65FBD0C5047010DA55C65781B42445,D0024-M03,Device-0024,MNO-C,PROFILE-8c8547d516dde8c7afe8
standard_rsp,27F12442256145097779C2C3B9735620,MID-701AA45B8F454E84AA944AD562E78181,D0004-M02,Device-0004,MNO-B,PROFILE-9b87699024739412883d
aura_rsp,EEAFD70FB09978300355098DD22052E1,IAC-C5CF8992042F4A6E22659006478412C0,D0004-M02,Device-0004,MNO-B,PROFILE-9b87699024739412883d
standard_rsp,7B243BB164A8848B05BB5FAA9072EA40,MID-7CF6EB29F7FA835BA103B41E62DC51D8,D0207-M04,Device-0207,MNO-D,PROFILE-fff70bbe0dd361213861
aura_rsp,728085C8D9731695D1F16BF3AB0D9DD5,IAC-25BBB9336FF160989BE093A3053DF528,D0207-M04,Device-0207,MNO-D,PROFILE-fff70bbe0dd361213861
standard_rsp,3769E896D5070F03DBC36ED788E75FF0,MID-63993704EB934D1D4966F60C6902EF48,D0212-M01,Device-0212,MNO-A,PROFILE-351efc5df0dd33bb1221
aura_rsp,35157B819FC9B3D3975A8C84456CBA32,IAC-9B17E0E549E647DDF7574E25D0B0A44C,D0212-M01,Device-0212,MNO-A,PROFILE-351efc5df0dd33bb1221
standard_rsp,8EA2F206F6A806217D11922763913EF9,MID-1B74C6783BE0CAD809D0C1C97A7BE844,D0024-M01,Device-0024,MNO-A,PROFILE-92c6ecf0cf6cd628ef1c
aura_rsp,359B28A080706798F97ACD02ADA61382,IAC-118D2D1A583F9F853E34F1E8C4ACDBA7,D0024-M01,Device-0024,MNO-A,PROFILE-92c6ecf0cf6cd628ef1c
standard_rsp,CCE26C14792716EA01FEBE9D2CBD5ACC,MID-7A9F47F2489ABAC264AE78C608DCD3AA,D0141-M01,Device-0141,MNO-A,PROFILE-a7b921846b5ed02b8e92
aura_rsp,F4069BBA8EF45DD0569924BB0CBE779F,IAC-8F5E90F431BC25F288D66C2A83849564,D0141-M01,Device-0141,MNO-A,PROFILE-a7b921846b5ed02b8e92
standard_rsp,75FFE5B3F5D82ABD013F87E65BE24419,MID-0169062B1ACD6996A82E13CA9EB36135,D0134-M02,Device-0134,MNO-B,PROFILE-1900fb37e3108dd20915
aura_rsp,C6FED90F679A42BD5D795B8FFD534711,IAC-90B71D052A9F7A902344932A59ACF1BC,D0134-M02,Device-0134,MNO-B,PROFILE-1900fb37e3108dd20915
standard_rsp,BA22DFE691CBB58B1EEAC2C20ED19C63,MID-BB48D3A89656AD70AB21D1A45F9E9C1F,D0042-M02,Device-0042,MNO-B,PROFILE-484c22d0df1a766bde6e
aura_rsp,C75D018A0795835217CBEBCD1944D294,IAC-2376997AA4802B923F4D802A3F6EC2D6,D0042-M02,Device-0042,MNO-B,PROFILE-484c22d0df1a766bde6e
standard_rsp,5C2BDF6DD9214C290F4CA37037E210D8,MID-8432BD6CD87BB5108C4F93DFA7459F21,D0097-M03,Device-0097,MNO-C,PROFILE-b15db7113e7ad3004bf8
aura_rsp,7D168F1E7982C0872DC4CFC7DF9201C1,IAC-2F232DC5395041BDE6A3B3598D58E8A5,D0097-M03,Device-0097,MNO-C,PROFILE-b15db7113e7ad3004bf8
standard_rsp,FCAF05C43015A3DA4C5688C26376B4C0,MID-8178185F8327CB7A4BA7D8B8A690CCC1,D0183-M04,Device-0183,MNO-D,PROFILE-e23bc2510639d120b461
aura_rsp,C6BC435868D0B507152A798166FF3D1E,IAC-7CB40E45D47D741BAD3D4FC8BFA85984,D0183-M04,Device-0183,MNO-D,PROFILE-e23bc2510639d120b461
standard_rsp,3228956780C4B21D66CAE06BE9757FF1,MID-B23DCE9026FA7E3BFCE2767A87C92209,D0172-M01,Device-0172,MNO-A,PROFILE-16fa3c0c36c5d836b664
aura_rsp,2319BC1534B780AC0965B7BB600F74CB,IAC-BF5659F882595AD08E9FC73F195A26E8,D0172-M01,Device-0172,MNO-A,PROFILE-16fa3c0c36c5d836b664
standard_rsp,A51FA4ACCCF18DDDC82535EF545C578D,MID-0EAF4F9EBE27AABC43DAF21D03AF015A,D0155-M04,Device-0155,MNO-D,PROFILE-3523a936befb19b5cf87
aura_rsp,070B58DDD26E097097F3F868B8E40990,IAC-DA30F28649F2256F14DBFD7A91F58003,D0155-M04,Device-0155,MNO-D,PROFILE-3523a936befb19b5cf87
standard_rsp,DD40D8F8CD30814AD396DB80E527EC18,MID-1CB2B6985726658E61DF531F775BBE7E,D0132-M04,Device-0132,MNO-D,PROFILE-891225a245ba76c45777
aura_rsp,98B639E5250774D053E11F89E2DE5979,IAC-C94E366EFEA201A6D635485F7FC5C811,D0132-M04,Device-0132,MNO-D,PROFILE-891225a245ba76c45777
standard_rsp,E83AB62DEA815F9D3E5A29D4002CBE5C,MID-2364F8F5FDFF30FE0496E36371ABA8AD,D0081-M03,Device-0081,MNO-C,PROFILE-0b8d0e83cdac34d125c7
aura_rsp,93632C6F2D6D477E44925CEB45B17A0D,IAC-249E3BDCD9881697197392369CE201AD,D0081-M03,Device-0081,MNO-C,PROFILE-0b8d0e83cdac34d125c7
standard_rsp,11274655AD91F5CE2B5ACC02544F7AF0,MID-3A26032DB88C142453C1208319A52EE1,D0140-M04,Device-0140,MNO-D,PROFILE-52858fa2cb4462db4a71
aura_rsp,C1D733295DDE9C00E16507234366BE9C,IAC-CC4F17C653A5385EB6556750E2CD8A52,D0140-M04,Device-0140,MNO-D,PROFILE-52858fa2cb4462db4a71
standard_rsp,F5E770E52A35818B749E5DBAC43D8B18,MID-FD5621F8D5451BCE6DBFBB6EF637D7A5,D0220-M03,Device-0220,MNO-C,PROFILE-8b921238b76aff6ec94f
aura_rsp,283A58B90A2E760E18CCE0E3ED36C3B7,IAC-86E3114AFA6ADCC1DAAF8C06180F1650,D0220-M03,Device-0220,MNO-C,PROFILE-8b921238b76aff6ec94f
standard_rsp,35EDD11A9C9B807B0A79CBA6324C8851,MID-E65F731F5DB10713D4B501D40B8CCFAD,D0081-M01,Device-0081,MNO-A,PROFILE-2e986b672eb2d7bd1418
aura_rsp,6C9EBA9CB2C95D6E13A351CD33E332A5,IAC-DEF26698A10DF75115149D183887D27F,D0081-M01,Device-0081,MNO-A,PROFILE-2e986b672eb2d7bd1418
standard_rsp,A09170A2376F8CEE83BB0DF27282FFF1,MID-6BCC843031FE9AD2FCA1455A017F71B4,D0175-M01,Device-0175,MNO-A,PROFILE-7a0dd1f2611a3c723fe9
aura_rsp,C4F9D25E629187A34780D0EB4B6A9F4E,IAC-B6ECBD71ABA02E475E57DBAD4F4573B1,D0175-M01,Device-0175,MNO-A,PROFILE-7a0dd1f2611a3c723fe9
standard_rsp,BEE5978302C889E3E2DC38B06DF7B278,MID-C8F5CE2A19E4F9C18583EDB5DDA3EE26,D0067-M03,Device-0067,MNO-C,PROFILE-9d2d9a23611f62b7571f
aura_rsp,E5F1A624C5C242F74D903C338AC777A2,IAC-65DCC051ED6C40F909F1D6EDC61B0530,D0067-M03,Device-0067,MNO-C,PROFILE-9d2d9a23611f62b7571f
standard_rsp,B6016A4137845E95CBA4F9C8FEB11F8B,MID-F3DA5BF5FECD62647C29B04F8FDE19EE,D0043-M03,Device-0043,MNO-C,PROFILE-68ed92da420aeed29fce
aura_rsp,CC2C489249B5EFF130C8BCEEB0E3A02A,IAC-44A900D00A77D28F19C6234E3ABA1E91,D0043-M03,Device-0043,MNO-C,PROFILE-68ed92da420aeed29fce
standard_rsp,91F123738B57114D41DFC926B34C56F4,MID-6B89B6D2442709CEC81C781AEBCD5941,D0191-M01,Device-0191,MNO-A,PROFILE-239cdc99152dbdf06b66
aura_rsp,CCC1362403C32BB5EDA29903A2F28DEC,IAC-1AD17BBCEF898B50DA2AB8C459C228F2,D0191-M01,Device-0191,MNO-A,PROFILE-239cdc99152dbdf06b66
standard_rsp,836641AC79ABB61162961115C5CD855C,MID-0DFFC6E15F21382F2616877F5F8285EF,D0078-M03,Device-0078,MNO-C,PROFILE-c83f8a7b49adb84d3fb4
aura_rsp,01D66168C60DF6DC631E9A4CB876F1A1,IAC-5900119A1002DD7D9714C7D317B298E7,D0078-M03,Device-0078,MNO-C,PROFILE-c83f8a7b49adb84d3fb4
standard_rsp,90109DA50FAFA7B1B41CD8D3A8618597,MID-2FB9A880582CCBF78750DAF5C0A59854,D0171-M04,Device-0171,MNO-D,PROFILE-e60ab9c62c3ea282ee2f
aura_rsp,D4FEF3E7BF5232DEEA8D96B6BAEAE057,IAC-D47A7EC597151690DC8284E74CA5D0C4,D0171-M04,Device-0171,MNO-D,PROFILE-e60ab9c62c3ea282ee2f
standard_rsp,C347ED6C55EE1717B98B9460364114AF,MID-F01D089EB3D102D6AFAD86BA4381F616,D0139-M01,Device-0139,MNO-A,PROFILE-1e99da6660c672ffc6e7
aura_rsp,DB7EA8A3F5FF1A7EF231C584142ADABE,IAC-ED1A4F674069F37A56A0D9ACA04B6BAC,D0139-M01,Device-0139,MNO-A,PROFILE-1e99da6660c672ffc6e7
standard_rsp,3A96B43B3CD5E9C7DFE0E22C1C171030,MID-6B13C7E3A82312AEB02F456D6DCCA094,D0248-M02,Device-0248,MNO-B,PROFILE-04dfffcc3e7aeb721010
aura_rsp,36F366403294C1AD78A49D0119D2033C,IAC-B975C446E736D63A32656E9B63E9CE43,D0248-M02,Device-0248,MNO-B,PROFILE-04dfffcc3e7aeb721010
standard_rsp,BCC3B34246CBB3DF0CA907CE52B7E927,MID-E6EE99920E091411C7B4F8F732457778,D0033-M04,Device-0033,MNO-D,PROFILE-30f0888fd17dbe77fccd
aura_rsp,04975DAC268A68F6E41D9F3E703AA326,IAC-83286E6E228EBCA6C8CF7DC22F4D56E1,D0033-M04,Device-0033,MNO-D,PROFILE-30f0888fd17dbe77fccd
standard_rsp,B859D1354706C4099211BEB507D002CC,MID-14EC4F3E0E73AF8CDD7ABBDA3048AED3,D0140-M03,Device-0140,MNO-C,PROFILE-3531d67ce8a7903a731c
aura_rsp,A706D4D3F8015248B40064FCECAC7B42,IAC-AD4A701F97E83E8A64958A3AB8D90B39,D0140-M03,Device-0140,MNO-C,PROFILE-3531d67ce8a7903a731c
standard_rsp,26371EA731F6101E0DA35674566A46B6,MID-21A3E4E6454175D265F7B7C9FFDF64EE,D0023-M01,Device-0023,MNO-A,PROFILE-ea10c63dbd203fe79578
aura_rsp,8F4F5ED03E02E5C437975E0443E2B8AC,IAC-CA7301F25A799B585B68B8A46D26CE57,D0023-M01,Device-0023,MNO-A,PROFILE-ea10c63dbd203fe79578
standard_rsp,732084256613850B7E1C3F0B1F321634,MID-7950E6EFCB1E513B74FF7BC707E8B2E8,D0107-M03,Device-0107,MNO-C,PROFILE-e3c4022967b475649384
aura_rsp,A70FC384E138A76CF943DBFA90ED9171,IAC-8642C133C2599A85C4AC7335ED7E3B9D,D0107-M03,Device-0107,MNO-C,PROFILE-e3c4022967b475649384
standard_rsp,A2210B4DABBFDE862BCEB75D3169D207,MID-BB183F609C069596521A8B59A45FC5FC,D0083-M03,Device-0083,MNO-C,PROFILE-3c47fa13148bcdda551e
aura_rsp,16CFFA149670B6D5A84681F55851DAB5,IAC-E46116C6DB681A4848E632DB518F55FB,D0083-M03,Device-0083,MNO-C,PROFILE-3c47fa13148bcdda551e
standard_rsp,962FCC08F864453441073098B9C3EE9F,MID-A4DAEAC0BC024B4166723FFE7DE97DAE,D0045-M04,Device-0045,MNO-D,PROFILE-977fc0e4c923c82def83
aura_rsp,158EAA790DA3640B4F6A7217838539C4,IAC-E7787FAC132F78A2A3A50E1C5C7128CA,D0045-M04,Device-0045,MNO-D,PROFILE-977fc0e4c923c82def83
standard_rsp,11461A233C26E4072B642CAB92E513D7,MID-9C0EA7B5CFE1A6F215DA028D54AD6A78,D0193-M04,Device-0193,MNO-D,PROFILE-d6b7d890c771a8c1882d
aura_rsp,A942D57F5C239AFB161F1F634ACD9BAB,IAC-91A945C19DF86D23E40DAB3900105806,D0193-M04,Device-0193,MNO-D,PROFILE-d6b7d890c771a8c1882d
standard_rsp,6EAE0C63BE678CC47931755101642F96,MID-C124152D7CFEA6F158E32F7BBE7CA5EE,D0200-M01,Device-0200,MNO-A,PROFILE-57280b90a6fa0808916c
aura_rsp,D525705A41034D57C9D7CFE9E274A1FC,IAC-26D7B83C2905B1B2D33B9F468CCCCBE8,D0200-M01,Device-0200,MNO-A,PROFILE-57280b90a6fa0808916c
standard_rsp,313CCFF82392D1E409D8723F4E91C864,MID-D4561BD724D7EDE5591FFE93F30C3D13,D0093-M03,Device-0093,MNO-C,PROFILE-ad0652c830a02396411d
aura_rsp,0F3A5B257428312086242E3004FD4F27,IAC-FA0BA9872C0756EB14CB1B87C3EE2D8A,D0093-M03,Device-0093,MNO-C,PROFILE-ad0652c830a02396411d
standard_rsp,B1F27CCD5E035BE17D98760DA1D4212C,MID-6C852D3D6BABBCC2AC5633C546BD7A42,D0122-M01,Device-0122,MNO-A,PROFILE-05c5d6e00087c63fb7fb
aura_rsp,80C75C3FD5034013181219B668B06A22,IAC-99246EDC1D289D1B3BCC9F8F6B89DDC5,D0122-M01,Device-0122,MNO-A,PROFILE-05c5d6e00087c63fb7fb
standard_rsp,4D0757823C98B626ED16C043E42985FE,MID-D648C140D2EC7D82E4A5E10ECE86C502,D0044-M03,Device-0044,MNO-C,PROFILE-2f985490843c39aef3cc
aura_rsp,AC7A410497A6BB875BABBA2B4CEB2D92,IAC-949B29D936D8109F3FDA09EF0A717C93,D0044-M03,Device-0044,MNO-C,PROFILE-2f985490843c39aef3cc
standard_rsp,9CB86CE126EAC6F79906BCEF148408B3,MID-0970A61724BBAF6BC431F97AA6CF920A,D0107-M04,Device-0107,MNO-D,PROFILE-18aea710512370d93762
aura_rsp,65F872761465ADC10E4F3CABCFCA393A,IAC-9A41576BD402CD0340A87A378566B231,D0107-M04,Device-0107,MNO-D,PROFILE-18aea710512370d93762
standard_rsp,B4BE743B6E3EC8B7555B2579ECCD2507,MID-C1E766F5580C63F2F4060896F5D9995A,D0074-M04,Device-0074,MNO-D,PROFILE-c7f80a3389e403f06318
aura_rsp,0DFF835E30EB3620AB5D611A3BDE46D9,IAC-527DEC30D7B5D7B27B4A1E067B1E4B4C,D0074-M04,Device-0074,MNO-D,PROFILE-c7f80a3389e403f06318
standard_rsp,597A82A0FD87F11BC139F3962B864A1A,MID-787A2CC4327B2CA572C92F69D35657F3,D0065-M02,Device-0065,MNO-B,PROFILE-4578639f53c0b8c3fce7
aura_rsp,C9F69547A6864575499C5130CB6731DE,IAC-C7A0F97A07072719DD68739E4F4D44D9,D0065-M02,Device-0065,MNO-B,PROFILE-4578639f53c0b8c3fce7
standard_rsp,D0A93FEB0A1BAE2467DCC8AB70D9194A,MID-8559417D9B6BBD95012DA9DC60AD3F2D,D0241-M03,Device-0241,MNO-C,PROFILE-aaff09130c196c47fe89
aura_rsp,B6E2549FE72CEFAB05ACD0EB7EACE1F8,IAC-47C82984A880BF6407C6163C7DE36240,D0241-M03,Device-0241,MNO-C,PROFILE-aaff09130c196c47fe89
standard_rsp,4CFBCD5958A4E452F64FBB691CE1BFEE,MID-605FB4ADC663C67017898FEA4B04BB40,D0037-M02,Device-0037,MNO-B,PROFILE-6d0bab0afdb4a8009619
aura_rsp,908A629EF7331D85CCD39544F49011F9,IAC-4C5873FA3D0261C569C1623D9D2CBB1B,D0037-M02,Device-0037,MNO-B,PROFILE-6d0bab0afdb4a8009619
standard_rsp,5250177B8603D7357CB241CFAD3D34AE,MID-A230E86BEA9CBF2AA3604FEEE317AE15,D0197-M03,Device-0197,MNO-C,PROFILE-549825745431a3ee74dd
aura_rsp,E6E4F93DF027197E29D7434216E8C976,IAC-7B5A00538D370A923F534BB1549E4969,D0197-M03,Device-0197,MNO-C,PROFILE-549825745431a3ee74dd
standard_rsp,2E033C39A9F2D6F382E06D8C751174A4,MID-428EFEDFD0974A845ED1E96E4A3B9E51,D0065-M04,Device-0065,MNO-D,PROFILE-44363f3104b447449368
aura_rsp,6B5BEDFB264F9AE3A240B755A19FDBFD,IAC-36344B6828A99F5E3A41B7DC7CBB2E82,D0065-M04,Device-0065,MNO-D,PROFILE-44363f3104b447449368
standard_rsp,2D6A17727508465A77099F2D076DF3CA,MID-E33634DD4674FCB004F2BB7CDDA65EAA,D0124-M03,Device-0124,MNO-C,PROFILE-da0d19067f3f706550db
aura_rsp,3B4ECC9689CD1F8E3BAC0D5FFE4F13A9,IAC-AF3A2AC1E6D084A058A2B0D678C19A64,D0124-M03,Device-0124,MNO-C,PROFILE-da0d19067f3f706550db
standard_rsp,AF2796E16BEF533FC16E9E4C91C5EAD7,MID-7F6ECEBCE5FBB401664F8EE19F73277B,D0104-M03,Device-0104,MNO-C,PROFILE-586c925305968a90275c
aura_rsp,38820469C173B66FDCD886013F500E55,IAC-5DB443BDAF7125100569F001B6F49743,D0104-M03,Device-0104,MNO-C,PROFILE-586c925305968a90275c
standard_rsp,D87E34E7AB53695162012E39176064CA,MID-49AACB63310A15F3AC0CB48F4C93090D,D0003-M03,Device-0003,MNO-C,PROFILE-0163ae0ee82cab7b7cbf
aura_rsp,DB5A0B1865C35924B40DEAB10F8191AA,IAC-90343078EAD27D4ECEA54D03FE8DD295,D0003-M03,Device-0003,MNO-C,PROFILE-0163ae0ee82cab7b7cbf
standard_rsp,A8BF21007C44A797B63B5CAD1DCA2D26,MID-25054B9F309E0982C73CE89F717C7686,D0036-M02,Device-0036,MNO-B,PROFILE-51f681aefda8c5710cd2
aura_rsp,57767B712C89D2E80FE45D7AC44F11A7,IAC-6F6C2FCF5ADCF8E08204B9DC63DDF444,D0036-M02,Device-0036,MNO-B,PROFILE-51f681aefda8c5710cd2
standard_rsp,E48B40F3D34866721A31343904DF2CC4,MID-B1DA70C9128738525BF2FAB2AEB35087,D0001-M02,Device-0001,MNO-B,PROFILE-72981be44f627ee47498
aura_rsp,5AEB604ACEF4FA8BB49229C6E37B4DA0,IAC-D17A595DFB74C4D696DD011C19666D08,D0001-M02,Device-0001,MNO-B,PROFILE-72981be44f627ee47498
standard_rsp,4BF8F0E79D60EE984622024D19E3F27F,MID-C4FA27692477F9F75FF2725482EB7557,D0095-M02,Device-0095,MNO-B,PROFILE-c1397cdf8f2cdddfd757
aura_rsp,8DD79D7EBB28A275F7262274259DFD43,IAC-CB8AE2D30100052509B805F2BC64F4D5,D0095-M02,Device-0095,MNO-B,PROFILE-c1397cdf8f2cdddfd757
standard_rsp,A98DCCC6AD9FC4C5553E3AA571B49C0F,MID-59438EC9C005B2780C556CCE77A7E21C,D0239-M01,Device-0239,MNO-A,PROFILE-18a76565ad1485950aeb
aura_rsp,70807DA785641E22BB55644B0ACF101F,IAC-23DAA73E38C34DE42D6D919EC300EBF6,D0239-M01,Device-0239,MNO-A,PROFILE-18a76565ad1485950aeb
standard_rsp,C9D78B6603D9895AB080A44CE2868AF0,MID-B33472BF9C17852D6CA952710A381258,D0169-M02,Device-0169,MNO-B,PROFILE-7f5ce54da08622a2ca49
aura_rsp,A9B72CD2517FEA5C655673F22E0887AF,IAC-441F5AEAE99FA6737B5DADB6A36EC1CB,D0169-M02,Device-0169,MNO-B,PROFILE-7f5ce54da08622a2ca49
standard_rsp,0F510C8E74F39D326AF972355034BEBD,MID-C5DD25AFB87284F22FFD39006BE3B26C,D0096-M02,Device-0096,MNO-B,PROFILE-f4ce5a335afe86237ba9
aura_rsp,26E7B5F014DBED44F4D2631B33778EA6,IAC-D142E9E8C50B303AB47456963584C4F8,D0096-M02,Device-0096,MNO-B,PROFILE-f4ce5a335afe86237ba9
standard_rsp,9A464DA68AAD452E24D74DBA1F15AD97,MID-EA42258B6B6007EC104182FB57EB0D55,D0138-M01,Device-0138,MNO-A,PROFILE-8f85696975ea99ca469c
aura_rsp,3FDBDD6579A743DC3062CC0CB952E33F,IAC-D9413DF1BF1AA2FF2AD0AE3C8C4C852E,D0138-M01,Device-0138,MNO-A,PROFILE-8f85696975ea99ca469c
standard_rsp,AB1BDE6424EDCB3518C5854AA88CA01D,MID-11A5DE270C6F3222FAC41D3106898BC2,D0187-M02,Device-0187,MNO-B,PROFILE-7785c83ff6d3e222a159
aura_rsp,030B42B618B1227F2924EDE37E6B8F3F,IAC-37E31139BA0E4D619D9124567C1A421F,D0187-M02,Device-0187,MNO-B,PROFILE-7785c83ff6d3e222a159
standard_rsp,B22F9020AD0B73CDDEC6627B1C5E8EB0,MID-0CBF97ACC1D25F3DECDBEC7F9E62CF1B,D0141-M04,Device-0141,MNO-D,PROFILE-07d8139a4d3da7c9798c
aura_rsp,A1BCB10DC3FB003F7ADE02B837F06963,IAC-C5761E2E001A78DCC5DD78C9ACBC7244,D0141-M04,Device-0141,MNO-D,PROFILE-07d8139a4d3da7c9798c
standard_rsp,DA929155FBA970D12428E46481102FD3,MID-90F0027B56A3F905C5F4B625433E8C08,D0057-M01,Device-0057,MNO-A,PROFILE-d77c40765001f7ed2ebf
aura_rsp,CC45C521E55189E6A146BDA427863624,IAC-BCB3C6733DBD1C1BF87E63C2212FF8BF,D0057-M01,Device-0057,MNO-A,PROFILE-d77c40765001f7ed2ebf
standard_rsp,E20CBCCEB746E2606E73E2E6AEABD5E5,MID-A8F576C55F881E3A2FB46AB9617B15FF,D0143-M02,Device-0143,MNO-B,PROFILE-050eb15a48701467da53
aura_rsp,14DC347026CF3F6C53BA5B3C01D7DC8D,IAC-74BD673F95221EEC0D8B11ADCEBAB08D,D0143-M02,Device-0143,MNO-B,PROFILE-050eb15a48701467da53
standard_rsp,FEC3680BC6EB57AFB96540253224FACB,MID-61A3DF97F81716E2C43909F88CE42C31,D0123-M02,Device-0123,MNO-B,PROFILE-b5db7297363f6f556811
aura_rsp,8EFC441FF8FBE439D94BD194199A553B,IAC-B2A4E706AB5B11E41C3E86970BDA3316,D0123-M02,Device-0123,MNO-B,PROFILE-b5db7297363f6f556811
standard_rsp,7386CFFB082B9ADCD0BBA80D9DF3F6C0,MID-ADEDC13AE7350F9D23D9D98B8652595B,D0149-M03,Device-0149,MNO-C,PROFILE-ea1b09e71006ccb8510a
aura_rsp,A34E689283DD9DDA1AACE55DC6811D28,IAC-A411E2F0A5C4EF11CF652ACDFCF45FE5,D0149-M03,Device-0149,MNO-C,PROFILE-ea1b09e71006ccb8510a
standard_rsp,9F4A8B277B4CD5C87DF52EFAA54FE1CC,MID-265FC10EF6193B936F5A04B4CF504E86,D0076-M04,Device-0076,MNO-D,PROFILE-b5108104414d3a794648
aura_rsp,8740215F9B22FE5C540E330DB2D874DD,IAC-1569D9759F6482818120E208C666B0D2,D0076-M04,Device-0076,MNO-D,PROFILE-b5108104414d3a794648
standard_rsp,8AE08BF482C42B71B88D576B17CC2FED,MID-8F1FDE9542F945972EA28E020EFF55C1,D0154-M03,Device-0154,MNO-C,PROFILE-3651518a50776aef0696
aura_rsp,2319D8BE02BA958ABE3B3EEC8B5E9B23,IAC-3484F294316ECFC9A7EE54BB33DE0143,D0154-M03,Device-0154,MNO-C,PROFILE-3651518a50776aef0696
standard_rsp,5767BF325C343201D037D8F34E060B6A,MID-0B1BE34F6EA5A57D8C0878DE607A01D4,D0110-M04,Device-0110,MNO-D,PROFILE-9b3107ec40f1bfd51d91
aura_rsp,543FEB12D1340CA82E31AC704CD34056,IAC-724D042BB2603148D1D9AE8971B8FD13,D0110-M04,Device-0110,MNO-D,PROFILE-9b3107ec40f1bfd51d91
standard_rsp,8791FD13EC4B37FF4E31859721F5DA9D,MID-A3068C85CFBFB79B070E3192A5207BE6,D0038-M01,Device-0038,MNO-A,PROFILE-5726aa878dd331596585
aura_rsp,6F50C5CDC10C7DA3CEEFE1A0812F565A,IAC-40E955AA6106B670029ECC53B72CA3BC,D0038-M01,Device-0038,MNO-A,PROFILE-5726aa878dd331596585
standard_rsp,125DE7BDFF7660D5E9BA25B28DE3078D,MID-0171F57D3F377D594A9ECB6695F9B81A,D0154-M01,Device-0154,MNO-A,PROFILE-a7960cf77990d75e7c9a
aura_rsp,11E9B774AAA06144B8B0753986FD0B47,IAC-B00BB0F17E3F650FE446ABAA785BF03D,D0154-M01,Device-0154,MNO-A,PROFILE-a7960cf77990d75e7c9a
standard_rsp,1BAA5DD25D09AB89D9FF1F8A570C0D14,MID-9C0151739E4A48F8C3EE7A364DD07C98,D0150-M01,Device-0150,MNO-A,PROFILE-d231f5620b7421c7d0c8
aura_rsp,B973DA7C99AFDBAA471C6B8C21BEF252,IAC-483B195B958CF2718E3F576310DCB810,D0150-M01,Device-0150,MNO-A,PROFILE-d231f5620b7421c7d0c8
standard_rsp,8E89028983DBFA7175B6CF3E742C0539,MID-157277BDE665A1D61A5EAD22E11A843F,D0243-M03,Device-0243,MNO-C,PROFILE-9448641f115be8a39653
aura_rsp,5EFDB5D9A4D45EDA33EE2FF63A48CDFA,IAC-428238B300D2EB641B72DE54C6E1A314,D0243-M03,Device-0243,MNO-C,PROFILE-9448641f115be8a39653
standard_rsp,2A20EEE8A2FEDC663C4E2622DFA1DB7E,MID-FEBD1854B57AD6CAD5FF97C0A8328CB7,D0190-M02,Device-0190,MNO-B,PROFILE-103228eddf81a77568a9
aura_rsp,1E5995C26EEB01F629DA121B3B4226C8,IAC-E4F04674C3750AA92DD8C4D7C1B7A41E,D0190-M02,Device-0190,MNO-B,PROFILE-103228eddf81a77568a9
standard_rsp,2D8ADB68F0C41B0DA9B2EB62EE7CBF06,MID-3542B1B4B1E3AA64B8245E2CECF35642,D0162-M04,Device-0162,MNO-D,PROFILE-4b1c58b437570df6192f
aura_rsp,141DA1D89D68DBE25226F4B37917D14C,IAC-FA8DD80219DF8708423048EE60EDECBA,D0162-M04,Device-0162,MNO-D,PROFILE-4b1c58b437570df6192f
standard_rsp,0AA43F5CB39F468482FBD01952163EB0,MID-76650F447ABA1164CE37D7546EF1B48C,D0094-M04,Device-0094,MNO-D,PROFILE-c0e6cae651cbe5d0400d
aura_rsp,56D8C93306FD43626F711D00739864EC,IAC-1F9FC7DFE5E3E6211D9418D22AD74EFD,D0094-M04,Device-0094,MNO-D,PROFILE-c0e6cae651cbe5d0400d
standard_rsp,7C48DBCDA8667EE00FCE44A548EBAB86,MID-8C2688A712B9F8185421361600F53356,D0117-M03,Device-0117,MNO-C,PROFILE-f7fc5701db8ec0906141
aura_rsp,3993BF26BE968B42ABFF0B57F0DA39E9,IAC-0AD82DEE92F4E7B19D3682305873BCB8,D0117-M03,Device-0117,MNO-C,PROFILE-f7fc5701db8ec0906141
standard_rsp,611215672DA31A0F9C7791990C58275C,MID-EF65282F35BB2F21C96FCE3238ADFE6F,D0154-M04,Device-0154,MNO-D,PROFILE-343b172efb36640004bf
aura_rsp,01A26F7AB3E594B3D55138A7A9749B69,IAC-D0F213F2C27CB8C2D7D50992E451BEC8,D0154-M04,Device-0154,MNO-D,PROFILE-343b172efb36640004bf
standard_rsp,B8D119FB78D53554F8836E0B959192E3,MID-95D38918268DE79C4A77178E5051671E,D0142-M02,Device-0142,MNO-B,PROFILE-c26dea5f1f9987608b4f
aura_rsp,00C6980C7283199B8F1212AEAAC11E34,IAC-E77FE1035CBD15CFA39F7DD2E020A4B3,D0142-M02,Device-0142,MNO-B,PROFILE-c26dea5f1f9987608b4f
standard_rsp,777D5B1DAC0AB9B6C7A5C3034AE4AC85,MID-1E92D8FFFB461B3505AF49A55B69AB4B,D0076-M03,Device-0076,MNO-C,PROFILE-3fdeb4448e58335871c3
aura_rsp,29C63ED681BE841213FF49598064E37E,IAC-94A40006886D2916B4BD006C3C391016,D0076-M03,Device-0076,MNO-C,PROFILE-3fdeb4448e58335871c3
standard_rsp,CFEA0A7950A6F1C7A18A33ACDBB423B3,MID-A1C029308FA0117F3325B5E0A8ED0097,D0230-M02,Device-0230,MNO-B,PROFILE-2c38c34fb8b1e06ad08d
aura_rsp,E80E16BF8F825B5C700512ED5ECC1990,IAC-20DFF5C6E7BD06D4F2BFB5798B48CE08,D0230-M02,Device-0230,MNO-B,PROFILE-2c38c34fb8b1e06ad08d
standard_rsp,D150C62374F479F56AA01247BB86C60B,MID-7FD0503BF7E5A7D9D7CE5A933938EB00,D0217-M04,Device-0217,MNO-D,PROFILE-5e288c48c35db3e13d9b
aura_rsp,517B451EA6A77EA4801DB7C7F84161E8,IAC-3E7F18E104D94047C902F17A7D911A7B,D0217-M04,Device-0217,MNO-D,PROFILE-5e288c48c35db3e13d9b
standard_rsp,CA3F5B2A445C89523999C005E60D9281,MID-FF4CF6B6621965DB1EAB3B7962EBD56C,D0091-M02,Device-0091,MNO-B,PROFILE-ff60e7ec3e90dec066e3
aura_rsp,4629903E5593739A638FA4010183CC8A,IAC-104272CD7A61199B0B58FABFEE770ED4,D0091-M02,Device-0091,MNO-B,PROFILE-ff60e7ec3e90dec066e3
standard_rsp,2F5E35415A4B90FD819467AA49FF1874,MID-F86610D26E08FF1315E42345EC710639,D0179-M02,Device-0179,MNO-B,PROFILE-c2a1ec251d19e1fae4f6
aura_rsp,492E4F9FEF9F04712F877A55A72BC222,IAC-AACE42E80739B6AB6A05647A2A445AF1,D0179-M02,Device-0179,MNO-B,PROFILE-c2a1ec251d19e1fae4f6
standard_rsp,667385DBEC0E85F9A61D1B6EE065E36B,MID-89BCBF989E8407A35C564FFBACFD4293,D0006-M03,Device-0006,MNO-C,PROFILE-5b67c5f1f5c27c0e6233
aura_rsp,03A6FBDFAC74B1C6B6BB2290098691E2,IAC-B74BD6F2F3046C943C8C8854DE1428B1,D0006-M03,Device-0006,MNO-C,PROFILE-5b67c5f1f5c27c0e6233
standard_rsp,0B19AD13E9E7273E14A4F0EF7CD548C3,MID-D110D405BE21CBC716A5FDF4A429A0D8,D0139-M03,Device-0139,MNO-C,PROFILE-9a723e542a37d158a9e4
aura_rsp,C2DBBAFC14A3533DB68E1C6CCAFABC6A,IAC-B0CC4D31874BD393A3E72B74BFEA3EA5,D0139-M03,Device-0139,MNO-C,PROFILE-9a723e542a37d158a9e4
standard_rsp,C82B3478923A38C77FD6389B49367A99,MID-F05EB713215B66002D191BE0E8CEEF74,D0244-M04,Device-0244,MNO-D,PROFILE-bad12efcb0308391cfe7
aura_rsp,1E27C09E39DEB8672487039DB187932B,IAC-FD6F6F7B1B6844339D9C2759E645A8E5,D0244-M04,Device-0244,MNO-D,PROFILE-bad12efcb0308391cfe7
standard_rsp,10DCC1E657A7690E35D05A6E99C026CD,MID-12051F4CF7C2AE3D8460036ECE286BAB,D0028-M03,Device-0028,MNO-C,PROFILE-36ad64ec6e4cd60373fb
aura_rsp,9D949638E4A0F234E89466B9BF3F6D7E,IAC-42B2D6DFC8CD967407A749B057784788,D0028-M03,Device-0028,MNO-C,PROFILE-36ad64ec6e4cd60373fb
standard_rsp,9833E80207A23F720B20E70575CFB6D8,MID-CE665F9693BC068C3A64E77BDCC058F6,D0224-M04,Device-0224,MNO-D,PROFILE-da80791f42975aeecd5c
aura_rsp,F89A0D858D7F6ED062E588FA06BB3E03,IAC-8CDDDF8BC61465B5ED2724515637B83D,D0224-M04,Device-0224,MNO-D,PROFILE-da80791f42975aeecd5c
standard_rsp,B9B5C852450F8C7FD51615D6480D37B3,MID-01233FE51A59B52A8E111F9355B097CC,D0184-M03,Device-0184,MNO-C,PROFILE-b39b4ca75dfd71079484
aura_rsp,A496BC745DBE9201363BA379C78A069E,IAC-4C81D95049CD2CAFF88706595C7629D0,D0184-M03,Device-0184,MNO-C,PROFILE-b39b4ca75dfd71079484
standard_rsp,50DEF7130F15935A0EBBADC6919BE047,MID-121AFEDDD5D2243B68374F412BE9A97A,D0248-M03,Device-0248,MNO-C,PROFILE-e405f2c50ded6afab5d8
aura_rsp,019D7AD0FCFF2F172A6A7E85DBB69DD2,IAC-BE4BB3A8D9689D513E40C3F6A492801C,D0248-M03,Device-0248,MNO-C,PROFILE-e405f2c50ded6afab5d8
standard_rsp,61A2473EB08C8DA646B109A25B140069,MID-485B97B9DEC5DB8A918C5830CE6E7724,D0009-M02,Device-0009,MNO-B,PROFILE-fa860c86f42d67a6314b
aura_rsp,F62C6B520E0FD6F10FED6B7481DB71F8,IAC-F9CFF5D9C69E6D6958ED82058678A71A,D0009-M02,Device-0009,MNO-B,PROFILE-fa860c86f42d67a6314b
standard_rsp,A2F09AEE548CBED2511C2888BC77C1C8,MID-59C0B7D0C8544662601E629E1FE8DC0B,D0055-M04,Device-0055,MNO-D,PROFILE-935bbb7aacb69b7c368a
aura_rsp,2AD0232DF701833908F6B37FC21AF5AB,IAC-2ECF2FBE51EA4AC93AD5C5EBE4BDCF3A,D0055-M04,Device-0055,MNO-D,PROFILE-935bbb7aacb69b7c368a
standard_rsp,04A65465C179AE96FCA9195A85DF1728,MID-E972033D01805A18B68B1188DB6D5954,D0176-M03,Device-0176,MNO-C,PROFILE-971fbea759daea9159c0
aura_rsp,B5E24228E417B7FCA928F276383AE58B,IAC-4FC6B9CA84095CC6D234FEA18B3EDE86,D0176-M03,Device-0176,MNO-C,PROFILE-971fbea759daea9159c0
standard_rsp,90DC2464C626E636881D2E91C7D5FB49,MID-11E29EA5771E155992E98E6DC5FF6649,D0033-M02,Device-0033,MNO-B,PROFILE-9dad4667528fdd7c6b81
aura_rsp,6B391BD4A9647138844E68AA1DA880FE,IAC-D6C5F9ECC5CCAE5CD7FE7EDFFF91F18E,D0033-M02,Device-0033,MNO-B,PROFILE-9dad4667528fdd7c6b81
standard_rsp,9EF0C8344BCD2FDC5EE702D9DFC33E2E,MID-DE356B798140D0C932E49CA6C11AA16F,D0139-M02,Device-0139,MNO-B,PROFILE-7115dd39ed20c92b15b7
aura_rsp,E32E5ADD35B47F141C3E5DD710FC5A50,IAC-2E92C6BF913C1F055361EDA56195E6D2,D0139-M02,Device-0139,MNO-B,PROFILE-7115dd39ed20c92b15b7
standard_rsp,AAB39E5342FC27E2D00194093F3A390F,MID-13BA11ACF70F32D9D6EF0CDDB3B3981E,D0183-M03,Device-0183,MNO-C,PROFILE-a618e67bce30e5e3e786
aura_rsp,2ABB0AB69E432EBB4BDF2A738CB66F4B,IAC-B366104E4E575D48CF149ABEADB1D1D7,D0183-M03,Device-0183,MNO-C,PROFILE-a618e67bce30e5e3e786
standard_rsp,EFD1B934975ABA315F7984CD1BD63618,MID-697EB619E901A1B4EF1BAF1D454E66E6,D0187-M03,Device-0187,MNO-C,PROFILE-42c414b2f3496c1ff55a
aura_rsp,017EE19F42A3453E5B1E79435330BAA7,IAC-6105454D0EE0F2AC95B15F3C736432D5,D0187-M03,Device-0187,MNO-C,PROFILE-42c414b2f3496c1ff55a
standard_rsp,759B2EA50394196F2F8DE8790CF15B90,MID-D2BB93D2518836BA168FC02A6F8C50B3,D0068-M03,Device-0068,MNO-C,PROFILE-065dbb21a800592a08fd
aura_rsp,2ECD7C8A48D7F27391BA653047E3D8FF,IAC-A7732BBED7CAAE657877B66DE017EA80,D0068-M03,Device-0068,MNO-C,PROFILE-065dbb21a800592a08fd
standard_rsp,2F60A86F735BFE540D80CF4B3D6E7724,MID-81EB2F566FEBA8DE069CC48406432649,D0245-M04,Device-0245,MNO-D,PROFILE-7baa3534e097c98e460b
aura_rsp,53E638096BC144A58B26EB743F161DFA,IAC-9265ECA823C37244A6A415ECD9B1C07C,D0245-M04,Device-0245,MNO-D,PROFILE-7baa3534e097c98e460b
standard_rsp,BF03514752D652273D223F89CB006F8E,MID-A2C641EBC8F41664D839F7602624138F,D0207-M01,Device-0207,MNO-A,PROFILE-31d83a970c041e84ab86
aura_rsp,4EB5B4DA84E69D7D1F8C851BC3C86515,IAC-B4FF30664C0B7C6A7680322EA16EE2B2,D0207-M01,Device-0207,MNO-A,PROFILE-31d83a970c041e84ab86
standard_rsp,62274DCD69AE687A9B51895166DB5574,MID-024A641694783E5EE48588E3FCD12D04,D0142-M01,Device-0142,MNO-A,PROFILE-e6dce2c5a305a5791206
aura_rsp,32AE66AAE2970C908EAEBC950D80160C,IAC-39BBA4426BD7F490809886D6A08F084D,D0142-M01,Device-0142,MNO-A,PROFILE-e6dce2c5a305a5791206
standard_rsp,662505C8910E05A312C6BF4B40182E79,MID-00A347F3D1599A3125C72A70DE2752C7,D0219-M02,Device-0219,MNO-B,PROFILE-4b1b82e30fa1dc3c7267
aura_rsp,B22ECA4641307606DD0E7B47D3E44D2D,IAC-A5B46A93BF2A228F5643F51FC440A2CC,D0219-M02,Device-0219,MNO-B,PROFILE-4b1b82e30fa1dc3c7267
standard_rsp,EA7B4CE74DF392E6DF4C95538ECA1C61,MID-472A2BD35CBACB8A3F11284B695797BA,D0024-M04,Device-0024,MNO-D,PROFILE-e61ef386187d70349728
aura_rsp,7BAE3C4BA366FA3AE0FDE8709A68C620,IAC-D85A4A033EB593036E8750E4D13929F9,D0024-M04,Device-0024,MNO-D,PROFILE-e61ef386187d70349728
standard_rsp,7D54FF6E76C8B2AEBF49528443095F0F,MID-3999B0518F016EA38191FD33F98B70D4,D0131-M03,Device-0131,MNO-C,PROFILE-760ff1d9c5fa4cde6aab
aura_rsp,D005E67B0650BC1EF872D1FD3C5C2756,IAC-5460DAC3DC55CDCD8F332BB2661D8D77,D0131-M03,Device-0131,MNO-C,PROFILE-760ff1d9c5fa4cde6aab
standard_rsp,02D2FF9309AEB5B41F66C83B4876CC8B,MID-FE230E26AF9058B554B0D23FE5BFE1D0,D0110-M01,Device-0110,MNO-A,PROFILE-962f185d2dca31356ac0
aura_rsp,E87305D6222E87F023A0E3EC8E6E28E1,IAC-5E48AD966AC8F32A62349624A6B55417,D0110-M01,Device-0110,MNO-A,PROFILE-962f185d2dca31356ac0
standard_rsp,756FF84D006BF6618575DDE325D53EC7,MID-ED239B02F7DD19DCB50E5833DD0D5D60,D0163-M04,Device-0163,MNO-D,PROFILE-f787ccdb45d8a29c653d
aura_rsp,D3ADFE093CBD5275DC588064A12A2584,IAC-E15AD23EA199C9F2052AC3047D694F99,D0163-M04,Device-0163,MNO-D,PROFILE-f787ccdb45d8a29c653d
standard_rsp,C538824ACC7D40B62987068D97D31A3E,MID-9CA59B2CA82B76252768EA80838EE3CB,D0041-M03,Device-0041,MNO-C,PROFILE-22e103b7943a06c0b32c
aura_rsp,4F47AD400C7F82EAF6898F1153C44E9B,IAC-66FAA69FC88EF26F1D6DAC06B1509855,D0041-M03,Device-0041,MNO-C,PROFILE-22e103b7943a06c0b32c
standard_rsp,8691938D6D14025CBC98563691FB5D12,MID-1EB2B04881DAD291C964176067B06EBA,D0121-M04,Device-0121,MNO-D,PROFILE-944fd75919853770b35c
aura_rsp,2AC5BAE82F695F683E965D58550B5848,IAC-FCBDFED975A0BB13599510AC7C0A8349,D0121-M04,Device-0121,MNO-D,PROFILE-944fd75919853770b35c
standard_rsp,83BE9119878C0E2BA9540730B5FDAD39,MID-173E6B2A193ECE5980C0A8C0A9013160,D0084-M01,Device-0084,MNO-A,PROFILE-1ee55770afa9635dc3aa
aura_rsp,375D241AF2236747130B1E3056B602D8,IAC-87E8AFC4204EFDFD0EE2D80DC2F0B787,D0084-M01,Device-0084,MNO-A,PROFILE-1ee55770afa9635dc3aa
standard_rsp,FDB75F19FED1C315FF367DDBDBC47BF0,MID-6C3C54F07D62EB387CBAD4778178EAE1,D0178-M03,Device-0178,MNO-C,PROFILE-9102e65c7373e0bffc71
aura_rsp,E0B4DA68A071AB947E0835B83E8742D4,IAC-0A7DDD89632ABDAACC82A4F6412B04EB,D0178-M03,Device-0178,MNO-C,PROFILE-9102e65c7373e0bffc71
standard_rsp,A30EDFB3C4D6A0328420C8C278466258,MID-64905859412AE93010B2174148049763,D0049-M04,Device-0049,MNO-D,PROFILE-625a1ba93891e2c1df9f
aura_rsp,95FCEC565A08C7D65F25A51EF4364889,IAC-83579313A4454D0C4E137169A1EF2B94,D0049-M04,Device-0049,MNO-D,PROFILE-625a1ba93891e2c1df9f
standard_rsp,18A801F06EAA6A38F748D2636807D9EA,MID-9DC29CC97237A67EE0D61D929DFC408A,D0102-M04,Device-0102,MNO-D,PROFILE-95957da08ff8caa4fb25
aura_rsp,786DE06EA2B6B433538B7BC9794CDEBC,IAC-949FEE286E95EA2060401F65C77BBAB6,D0102-M04,Device-0102,MNO-D,PROFILE-95957da08ff8caa4fb25
standard_rsp,88B5ED7FD7F7AFEB5B7BE61670007EF4,MID-11BE540DE122E0B5968EB825ADA08AC5,D0097-M02,Device-0097,MNO-B,PROFILE-0bd22d71ba660a4b71b0
aura_rsp,A2290A1547917C16794EBFFBB08CE39E,IAC-EE30FCFB4D76DB8A4A0A540002EB364D,D0097-M02,Device-0097,MNO-B,PROFILE-0bd22d71ba660a4b71b0
standard_rsp,609DE5BB03F4FD7DFC3F993CACB0A126,MID-B3AF47D9EDE44BD78E896042E2D84B01,D0246-M01,Device-0246,MNO-A,PROFILE-2fc35a1276a080989f3a
aura_rsp,ED7C13490EACD2A9F3B5D9015ACC06B8,IAC-175CB8B33169B42CB9C3A94C62D984BB,D0246-M01,Device-0246,MNO-A,PROFILE-2fc35a1276a080989f3a
standard_rsp,1EC4F066A5CE97513CC9921E246DC89B,MID-A4EF5B57B7DBA2D54FEB2B0C0C6E0BE0,D0022-M03,Device-0022,MNO-C,PROFILE-062b47db31961bc3c781
aura_rsp,79AFF14E17291A24DD4BD9A5EFEEBB06,IAC-58461FF0771E8594020D358C3A60C7EC,D0022-M03,Device-0022,MNO-C,PROFILE-062b47db31961bc3c781
standard_rsp,4412476C7189185F8751BD1B58E5696D,MID-2C8C816599818E1EF05032284B76015D,D0114-M04,Device-0114,MNO-D,PROFILE-bcd8846473d859936ed5
aura_rsp,DF6509BC8C62E60AE5975F329131CEBB,IAC-40352B46C57D75C4841E726E0FC21CAB,D0114-M04,Device-0114,MNO-D,PROFILE-bcd8846473d859936ed5
standard_rsp,1FF65976F1E42D74818C35204348277B,MID-B242AF66583BE1DBD6D2B5DAB0C446C0,D0119-M01,Device-0119,MNO-A,PROFILE-acfebb64ec89da474df5
aura_rsp,1CC83056BE08B1B8A72AE732089B5C22,IAC-888403DE1346EB824334C70FF2030350,D0119-M01,Device-0119,MNO-A,PROFILE-acfebb64ec89da474df5
standard_rsp,1C5712B5FF433583D2348E02940F9E07,MID-3F1E681D8A962BAE6DF2AF11AB5A8145,D0011-M03,Device-0011,MNO-C,PROFILE-518cfb08bbd63c83ff4e
aura_rsp,29731E7AE06439BE02136E76A6B2CC8B,IAC-40240803F37F521AA73F5004BA33ECF6,D0011-M03,Device-0011,MNO-C,PROFILE-518cfb08bbd63c83ff4e
standard_rsp,5DE6D37D818879F0A33A194BEC50C85A,MID-36FF05164EB541381DE328B9BC5905A4,D0197-M02,Device-0197,MNO-B,PROFILE-4593293cf12e2a691cc9
aura_rsp,98BC4F055EC7BEB156EECA9839D1EF82,IAC-DFFD1C8753DF96DE9E29DE49EBA023B5,D0197-M02,Device-0197,MNO-B,PROFILE-4593293cf12e2a691cc9
standard_rsp,4337FA37E1FAA6DEC45E5AB9A65EC0D1,MID-9E19CFB930E13C5C4FD86446A49EE5FD,D0009-M03,Device-0009,MNO-C,PROFILE-1cb4b6da7b2001be49e0
aura_rsp,B1FCB5A3B16E146980DEDF9231B3A8AE,IAC-40FC8AD7D11DB6E7001A1C749368B45F,D0009-M03,Device-0009,MNO-C,PROFILE-1cb4b6da7b2001be49e0
standard_rsp,1EFE86E8CCBA7FDE7D7C56A4A3EDDEAC,MID-93A4C75FCF77CB28C29B9AD3E7440964,D0203-M04,Device-0203,MNO-D,PROFILE-556f35268379dee22450
aura_rsp,56A0814B46677CDFA9A4AEDC282D4433,IAC-A11D96067047E0A1E8646A6B8B0DAEA9,D0203-M04,Device-0203,MNO-D,PROFILE-556f35268379dee22450
standard_rsp,5360D8C1C007E2F49899F87EAE589AA4,MID-5C08938D8A1BD69B1052B6D5EF619D1F,D0066-M01,Device-0066,MNO-A,PROFILE-44c15c5ea0a7ffa0ce19
aura_rsp,0354CBFFD566F2D8515061A4A08BC86A,IAC-C42F20B90EDA774E4E5EA23C512ACEBB,D0066-M01,Device-0066,MNO-A,PROFILE-44c15c5ea0a7ffa0ce19
standard_rsp,14A6BB3E1D7BB48CE614A0F4E7FCB437,MID-86E384486BADDEF89EA8B05A1B0B9456,D0176-M01,Device-0176,MNO-A,PROFILE-b633bf0bba1de9958dbf
aura_rsp,5C1A6763CA38EAC1C7F9081A197DF130,IAC-09E4F3F64C36535C011325E8C798853D,D0176-M01,Device-0176,MNO-A,PROFILE-b633bf0bba1de9958dbf
standard_rsp,07DAE95637C56E991C54A45864918ACB,MID-96C195EAE8980B3CB32CACC3BE855F0A,D0227-M04,Device-0227,MNO-D,PROFILE-063d62f4afd04a286487
aura_rsp,BB132C9AD1FE14EF9B3755CE57173C0B,IAC-A35A7399227660070E05A9505FEABD3B,D0227-M04,Device-0227,MNO-D,PROFILE-063d62f4afd04a286487
standard_rsp,55FD70A7FCB205BDAD6B96C912F411DF,MID-DB6EFACCA2DAE03AD75595B1800615C4,D0135-M02,Device-0135,MNO-B,PROFILE-b766e97301074ff21cfd
aura_rsp,B580896A3ED768834C4B20359CC94EBC,IAC-AF502014F12AC2C48CE5FAC6292FF99F,D0135-M02,Device-0135,MNO-B,PROFILE-b766e97301074ff21cfd
standard_rsp,2B97D88CFC31681C81473D4C8D8C6812,MID-5A4F35C831F8AC13AA66275849D789B4,D0180-M01,Device-0180,MNO-A,PROFILE-a29fa4ade241bca62b72
aura_rsp,CFD03EF6AD70260C92FF340AFED6B73B,IAC-89C76E52E57CE23DC82D69B05790ED2E,D0180-M01,Device-0180,MNO-A,PROFILE-a29fa4ade241bca62b72
standard_rsp,CE85E852888619004FED73DF6D8D3DA1,MID-B4B8A85EF8F2796AD4A9897C73198145,D0086-M03,Device-0086,MNO-C,PROFILE-988936f2ca20e5445011
aura_rsp,BF2CB891F103C328B7053513FA783C82,IAC-9283EA1A124F3F2EF619B5E26FC3DC36,D0086-M03,Device-0086,MNO-C,PROFILE-988936f2ca20e5445011
standard_rsp,C235E1FD5F717A71445E1F9907378000,MID-3256760202522D67A48D5B674280B63A,D0165-M01,Device-0165,MNO-A,PROFILE-0965d49414970dc5c872
aura_rsp,C66AA1A17E121048406A89783DE0AD25,IAC-1046C301395F72296523EAECF5C5C44C,D0165-M01,Device-0165,MNO-A,PROFILE-0965d49414970dc5c872
standard_rsp,866E4FC28F9E42915CBA29FCFD66FCCA,MID-A837166C820B958B874DF7CF512CC5B5,D0190-M04,Device-0190,MNO-D,PROFILE-24347d9f9d397af6b24a
aura_rsp,E6A355E6C77242CBC524ADFD38CA2407,IAC-3952FB8D967D060637AFB238FB09A7BB,D0190-M04,Device-0190,MNO-D,PROFILE-24347d9f9d397af6b24a
standard_rsp,1BF3B71E929A78246C60803C237454C0,MID-479ECAD306C3301A4B7C637C35377CB2,D0150-M03,Device-0150,MNO-C,PROFILE-92d1253fcf5b9be632c8
aura_rsp,3D6BB2302458AE34CBC1D2A5C077F48D,IAC-96E8BBE2506E3C093A3DE7A31864EFFA,D0150-M03,Device-0150,MNO-C,PROFILE-92d1253fcf5b9be632c8
standard_rsp,CD8480BF5BC58001B1029BC060626F75,MID-889171362DBEC18D69BC682A4522B13D,D0204-M01,Device-0204,MNO-A,PROFILE-b09673dac94869309fff
aura_rsp,DB49E62D8EA403D7377D021D8A2535C0,IAC-B1553C4F5B1CAC66F0B2E24BAB04B4E5,D0204-M01,Device-0204,MNO-A,PROFILE-b09673dac94869309fff
standard_rsp,D8B26237B31E761373ADE802C99314EC,MID-DCD6927D8BD18EC8730CDC9BDB2CCDD5,D0184-M02,Device-0184,MNO-B,PROFILE-c0158a8533be8a3a7611
aura_rsp,62FD908D78CD439D0C0CA59F19B230F7,IAC-4BF8A90B6BDEBA87C95586538082986D,D0184-M02,Device-0184,MNO-B,PROFILE-c0158a8533be8a3a7611
standard_rsp,5B35F613218799D55E53B55FD7EFC5A1,MID-B35345E4F1828A7C3355CA93F1657C2F,D0239-M03,Device-0239,MNO-C,PROFILE-2c2d326f015e79697cbf
aura_rsp,BDA2541A2428F080BBA4A4EA302669B3,IAC-4D3EC9971B74DB36E7BABFC84EF69933,D0239-M03,Device-0239,MNO-C,PROFILE-2c2d326f015e79697cbf
standard_rsp,5242020F2F4D0B39FC9240FC5B5F9024,MID-D3137D6D4C4F6AE88555E6F988522C61,D0109-M04,Device-0109,MNO-D,PROFILE-b86887c97dba0d9da296
aura_rsp,9FBCA8A0D79CEBD13C46641302077840,IAC-E1FBC9873F61025AC665C5CB31F25A54,D0109-M04,Device-0109,MNO-D,PROFILE-b86887c97dba0d9da296
standard_rsp,83B72DFD41E230D4EBC53FB430AF81EC,MID-7FF8A4158D4A7AB6216B3B045BF9AAC7,D0041-M02,Device-0041,MNO-B,PROFILE-be98cdf5cd8d1ecc19b8
aura_rsp,9DD90B35B0747E7E6BF51FC7F753DC6B,IAC-7D631F9D6A1EC73CF38690E8391A60A0,D0041-M02,Device-0041,MNO-B,PROFILE-be98cdf5cd8d1ecc19b8
standard_rsp,9970373B1CDB1A765DA9F1EFDBEF050E,MID-8E7EFA788A4294696022209B456977FC,D0129-M03,Device-0129,MNO-C,PROFILE-0a392bf735dbed51bc44
aura_rsp,3160A8575E84A7AB39EEE52849B5019F,IAC-BEAF3A977DB80CC68D3E1821BD2757DA,D0129-M03,Device-0129,MNO-C,PROFILE-0a392bf735dbed51bc44
standard_rsp,73EF364E6FFF4B3289AAF1C126BDF0A5,MID-6A0C70FFA9A07523F53A37CFA84A916D,D0031-M03,Device-0031,MNO-C,PROFILE-c3cb6271ebaa417663a0
aura_rsp,6430AE4CB87F2942D811EE9F27E5F846,IAC-CC87898D55E616FC081539ED09824AB4,D0031-M03,Device-0031,MNO-C,PROFILE-c3cb6271ebaa417663a0
standard_rsp,F9CAF80213A86D5C8FC5ABB5AD799041,MID-513654F4CEC123663F389FE6BEAC6F45,D0090-M04,Device-0090,MNO-D,PROFILE-fd0d914f739ec73e6861
aura_rsp,AB08ABA37D73C50FD278EA1BBBF32FC6,IAC-FB5191E047BBD92ED8B0F0FAF80C1BDE,D0090-M04,Device-0090,MNO-D,PROFILE-fd0d914f739ec73e6861
standard_rsp,9587BB16F5CB8A0154387D129E9FDBF6,MID-BCDC87368EDFC0028720DA43BA0FD6C2,D0182-M01,Device-0182,MNO-A,PROFILE-82db01fc2596766251f6
aura_rsp,E077585F3DCAA27565168549411A3007,IAC-FB7D627D36139FFE04B8947B34E1CEB0,D0182-M01,Device-0182,MNO-A,PROFILE-82db01fc2596766251f6
standard_rsp,7258CC2ABB4548A0556CC1E4C6493AE9,MID-697958A5CD54571C3B4803F812DBFF84,D0008-M03,Device-0008,MNO-C,PROFILE-9fea8e9aa1d5f718a304
aura_rsp,8249237DD8388C29C60F581874F28F99,IAC-0A40CBD7DD034EA70A5613051C74969D,D0008-M03,Device-0008,MNO-C,PROFILE-9fea8e9aa1d5f718a304
standard_rsp,F999A4D346837928EB1CA0B7683A8B55,MID-A5655A708E4DA4F64A8F0790C04164D7,D0047-M04,Device-0047,MNO-D,PROFILE-61c1be80a39c7404b104
aura_rsp,03247B1C9086239D59ABBB31EAC96B99,IAC-1F0E4746D46AFD48B85892124E32D4D7,D0047-M04,Device-0047,MNO-D,PROFILE-61c1be80a39c7404b104
standard_rsp,0423E128F08B8E4E7D92EC6558A81E9F,MID-F3E2EAAFCB8A00902396B2B08C9C0C17,D0224-M03,Device-0224,MNO-C,PROFILE-4b2e7c970b56555c9f0e
aura_rsp,CADFD8F7610ADCCAD1EF232A7570D228,IAC-A44C9F1A4B3A62F490B1DE2B3656F797,D0224-M03,Device-0224,MNO-C,PROFILE-4b2e7c970b56555c9f0e
standard_rsp,92A465D8802939F8CD369E231E1D0378,MID-72FE2E00189C3D278585BD8EBF61AD00,D0015-M03,Device-0015,MNO-C,PROFILE-2b89cb167d73a6bb9d58
aura_rsp,A6E8141CA4E5D78A3EE6134E127B2FAD,IAC-7657DA80E0F0C4DE73F9CCB804CD92E2,D0015-M03,Device-0015,MNO-C,PROFILE-2b89cb167d73a6bb9d58
standard_rsp,6753997B34276C1306B73B26B1E6305D,MID-985B39904B45D307FA6C6D84F2CD6ED3,D0027-M01,Device-0027,MNO-A,PROFILE-13bcc89c60ca65d9fc9d
aura_rsp,126D7A993C6C0D6B946463E6A1899426,IAC-284C58C3D1DD4932283B9270D54F0F85,D0027-M01,Device-0027,MNO-A,PROFILE-13bcc89c60ca65d9fc9d
standard_rsp,09E75A3F7343A1E0F2C7BA722AE9DFD0,MID-C522B9BF1422F0E1E9E6F66C502E14A4,D0230-M01,Device-0230,MNO-A,PROFILE-fe36b462884998f51ead
aura_rsp,BBBCA98548107E4D36688654FE77B127,IAC-54BACDB2D02ED19C87683E01000D1C54,D0230-M01,Device-0230,MNO-A,PROFILE-fe36b462884998f51ead
standard_rsp,B34D9ADCACD4230C866C15D7A2961224,MID-B0871EF6BC93E4CE9DAA662ED27CAC98,D0100-M01,Device-0100,MNO-A,PROFILE-09a7c9902075279975f7
aura_rsp,5EF3DD0D6FA84BE10170865AF1324A91,IAC-70B4123A501EEBA5A5567CEC4AC1C50D,D0100-M01,Device-0100,MNO-A,PROFILE-09a7c9902075279975f7
standard_rsp,4CB99C377E28862A31342A1322CA6420,MID-7D625DB454FDB270710B86B6F78D8ADF,D0080-M01,Device-0080,MNO-A,PROFILE-0efc2583873426809071
aura_rsp,B3234F91D4C0AF904211B420090A63BF,IAC-6FA284724415AC0639FE590D08BED3D4,D0080-M01,Device-0080,MNO-A,PROFILE-0efc2583873426809071
standard_rsp,EAB319613913D806A896250AD172940A,MID-A0332654FC986704FFEC75D053012637,D0130-M04,Device-0130,MNO-D,PROFILE-dcec51d622d89a14eeee
aura_rsp,6F85DA4A0DC31F8B08D4FB303EDD4095,IAC-A32C1BCB5FB5C5E2661545F9E6E03CC0,D0130-M04,Device-0130,MNO-D,PROFILE-dcec51d622d89a14eeee
standard_rsp,3DEA7F6283D7414E1EB1AB53504377DE,MID-E2FCFA81B4361B33C83964FBE2C5E2B0,D0087-M02,Device-0087,MNO-B,PROFILE-9d9188b98e1dbb2b5b7d
aura_rsp,DF75523413D22196973EBAB31EB5526C,IAC-353C3C5B74398D6948BAA5D27073D99A,D0087-M02,Device-0087,MNO-B,PROFILE-9d9188b98e1dbb2b5b7d
standard_rsp,526C1FA61F0B7D6BE22332209A5EF733,MID-8A96EB1A8BCB2697D035120D81431148,D0090-M01,Device-0090,MNO-A,PROFILE-cb97ef3f99479f2c4f98
aura_rsp,921104F593F59F4D399927203AE43400,IAC-B7623D96FF9AFE1A18E839C7B8E844BC,D0090-M01,Device-0090,MNO-A,PROFILE-cb97ef3f99479f2c4f98
standard_rsp,772A92150DF92956A547E33D7FA1F412,MID-A0EAA685EDA5D7375AB64C9CDA58B72A,D0100-M03,Device-0100,MNO-C,PROFILE-e6034aa82e569a94288c
aura_rsp,868ED5A1E3EC697C6A9F9316BBA6D736,IAC-431A3DD1D361A0ADBD65D1F13249FAD2,D0100-M03,Device-0100,MNO-C,PROFILE-e6034aa82e569a94288c
standard_rsp,40DB0A2ADB347AFCFD52F380CCA424ED,MID-B579D545772B9A4ACABF77AFD8249695,D0089-M02,Device-0089,MNO-B,PROFILE-c179e2ad02c2017ba2fe
aura_rsp,B846E71C7F3568334593709DA623F421,IAC-33BE5F3101E08D62A55F12B0F69435D0,D0089-M02,Device-0089,MNO-B,PROFILE-c179e2ad02c2017ba2fe
standard_rsp,5015B16FBF919550DFB42189CA9B6102,MID-7F1431F19D9DA1E9857021FF0BF59CAC,D0113-M04,Device-0113,MNO-D,PROFILE-40d3fc9727fad30d0b83
aura_rsp,531D7EA88F3AF02DC8ABBA9C21E6AED8,IAC-89F1900D5D61BCEF47877CB932FF15A6,D0113-M04,Device-0113,MNO-D,PROFILE-40d3fc9727fad30d0b83
standard_rsp,F6FC707EE607E5676131F835C92FFFB8,MID-3B6AF67A64C2C9464177F8103FDAC9C7,D0053-M03,Device-0053,MNO-C,PROFILE-ff586fafe562de7a3747
aura_rsp,3CA631D0DB462318DBA60FBB61550FFB,IAC-691DCF96C959658194A44BF82E1E4286,D0053-M03,Device-0053,MNO-C,PROFILE-ff586fafe562de7a3747
standard_rsp,1374104AAC2704E555E2D5D149215587,MID-886A7FD0F9F10C54C5E956B2539D1108,D0233-M01,Device-0233,MNO-A,PROFILE-01019b274f460b9ac191
aura_rsp,1529BCC728C584D81319F9727EF6DBE2,IAC-474919C3536345EEA3E797ADDD5873AB,D0233-M01,Device-0233,MNO-A,PROFILE-01019b274f460b9ac191
standard_rsp,9346C1AFA6C9FFAD35164B9DE63A1616,MID-697530FB3A3F58117D3C4787833A4D18,D0215-M01,Device-0215,MNO-A,PROFILE-40e7b503eae20933aad5
aura_rsp,C9C4FBF1604C9A33871569A37935800C,IAC-DA053FC26BD08EA4D05ADFFF07DC954C,D0215-M01,Device-0215,MNO-A,PROFILE-40e7b503eae20933aad5
standard_rsp,12521DC6D5ABB80D9CED182B2B2F2B5A,MID-25C3DAD706337BE20D678129D22653B5,D0020-M02,Device-0020,MNO-B,PROFILE-08b45a654b8d185258d2
aura_rsp,3B750507C508FFD5CD96E8B8A0CE3408,IAC-EFAC73DAAB65AC38B7B5A5DA872EEE23,D0020-M02,Device-0020,MNO-B,PROFILE-08b45a654b8d185258d2
standard_rsp,BECDFBA80DAF89F2A636B1B13809775C,MID-AF71BA05F673DAA103411212F6C06D8A,D0202-M01,Device-0202,MNO-A,PROFILE-154e6b32d95ca9a57014
aura_rsp,4A7B403A6C32907AEFE38DE6D3E651D0,IAC-55CD79AF26DF747E9597D800D9E68411,D0202-M01,Device-0202,MNO-A,PROFILE-154e6b32d95ca9a57014
standard_rsp,0F567683601D5213C33D7548B3B32724,MID-0F8BCE116AB14DF900CB6259B1C6ADDF,D0247-M01,Device-0247,MNO-A,PROFILE-733e21984415da1eff9c
aura_rsp,D2A720CD5BA4B5B704044649F999CD8F,IAC-8E7C1ECE477492D660D62374681E5C27,D0247-M01,Device-0247,MNO-A,PROFILE-733e21984415da1eff9c
standard_rsp,077C7448E4E4EB8B83323595F9EF3AC3,MID-4629B2BF16FEDBB35A0E278D099BBA16,D0056-M01,Device-0056,MNO-A,PROFILE-5f1a6d7ad2451805c15c
aura_rsp,4AB716F1554777F2F7ADF0CDDB715D97,IAC-A276D8D70A939AD47AE83938FF3D8829,D0056-M01,Device-0056,MNO-A,PROFILE-5f1a6d7ad2451805c15c
standard_rsp,3BC0E6D25314692014C2C96DFBCE8A72,MID-E5B4CC815C71E64E4BE2B0C62E25982D,D0120-M04,Device-0120,MNO-D,PROFILE-1e3cd732914638e19319
aura_rsp,47540ACFB19F581547D0303679A5F722,IAC-1979DFF699343F6FCAEA22C7C5D7BFFD,D0120-M04,Device-0120,MNO-D,PROFILE-1e3cd732914638e19319
standard_rsp,747A884316137FE9AB50DD1D43C9E054,MID-ABCB72E8B28A5EAA72EA97DCFF7B5052,D0026-M03,Device-0026,MNO-C,PROFILE-3cd5df82a4a112ef6d2e
aura_rsp,841BC35B8C51831189E8DA87130E1B5E,IAC-1CAF988F89BFC37BB682AD8B095A06F3,D0026-M03,Device-0026,MNO-C,PROFILE-3cd5df82a4a112ef6d2e
standard_rsp,CFCED920654FB5A2E8C4228E5C3EA3E2,MID-2716F3E46BEA64ED2AA0AE73967CFA97,D0221-M01,Device-0221,MNO-A,PROFILE-d7e58e54308f99f62c97
aura_rsp,751438919D6F41AB274F6E965EB989FE,IAC-37498A3CB13BBAADB2BDC90D920DF3C3,D0221-M01,Device-0221,MNO-A,PROFILE-d7e58e54308f99f62c97
standard_rsp,1DD385FA780AFE7346DFA41109C1172A,MID-6B40AAFD5A5CD6F50391EC3DA4428A7C,D0098-M01,Device-0098,MNO-A,PROFILE-f47063e8fb8d3f53795a
aura_rsp,2D42B0419D15FF7A38D4C167099309D4,IAC-1AC0B8164ED2B9237BC26ECEA216C6B5,D0098-M01,Device-0098,MNO-A,PROFILE-f47063e8fb8d3f53795a
standard_rsp,842F82A5950B423658DF681B41259A6C,MID-4E6484EF4CECC59247C7B9AC56B57B77,D0002-M03,Device-0002,MNO-C,PROFILE-a2fb68edbf836de0010b
aura_rsp,E12E3557CC6F3F1EBE72ACA3DB2EF6E6,IAC-5FABC8CB5D8B5035A573FCA7FE3FB140,D0002-M03,Device-0002,MNO-C,PROFILE-a2fb68edbf836de0010b
standard_rsp,EC7C0802A7D47C0037B8CF3FD8236733,MID-1409DFA30D04870B8DD8F9E320F72020,D0186-M02,Device-0186,MNO-B,PROFILE-d4a92b01eb8c531a226c
aura_rsp,D02FBEBDDA80B94A211910892580B20D,IAC-03C354B89F24E81CDBF00A5154660833,D0186-M02,Device-0186,MNO-B,PROFILE-d4a92b01eb8c531a226c
standard_rsp,7F06840256415E56A37AA5DF6B23BD0C,MID-508E87266BE29D47780BE9AE071D557F,D0032-M03,Device-0032,MNO-C,PROFILE-78bb019b1c7395a1b19d
aura_rsp,FE48C4186C97F48DBBC7707020EF3A9E,IAC-763D330F3A9D0CF419C04D4C72003638,D0032-M03,Device-0032,MNO-C,PROFILE-78bb019b1c7395a1b19d
standard_rsp,B6D2CE548BAF936AE6D975D68B2E57BE,MID-9C501F6866D0BF36A2FC4B15E1D074EF,D0244-M02,Device-0244,MNO-B,PROFILE-e9cfb5b618dff356f0e2
aura_rsp,F2A4B2A902153C5BD75BC25341D8E74B,IAC-0390F8831C2088C70BCD046D181D6B21,D0244-M02,Device-0244,MNO-B,PROFILE-e9cfb5b618dff356f0e2
standard_rsp,2020B1A58B17822059774B676A5FFDE5,MID-26212E62FE5E83FF8D251C9AA94C6295,D0008-M02,Device-0008,MNO-B,PROFILE-1fe97cf97ec3278804f7
aura_rsp,F2B56AE15ACC9BAC746B6BB24F685758,IAC-13903AA6F18329F06CF01CBBB0FA72A7,D0008-M02,Device-0008,MNO-B,PROFILE-1fe97cf97ec3278804f7
standard_rsp,2BA3EF5FAEDBAFD8F1197DA6AFE63545,MID-2597C1E413B4FF5F4CFC34DFA2758686,D0194-M01,Device-0194,MNO-A,PROFILE-c9196ce55b5e652649ab
aura_rsp,27954596408937304968873934B42EFF,IAC-BBDE5688EAFAFD3FE4F0FCD38FDC56E3,D0194-M01,Device-0194,MNO-A,PROFILE-c9196ce55b5e652649ab
standard_rsp,91E06D2C4507C0ACD60B0A744E30497C,MID-22F70136B7FB73B272AF51F2EC223FB6,D0048-M04,Device-0048,MNO-D,PROFILE-70f58f53253f852efa14
aura_rsp,BFF2A8A65A44685833017AF2B5DE5EB4,IAC-5267EAD00D72AC8F797C44561A2F6342,D0048-M04,Device-0048,MNO-D,PROFILE-70f58f53253f852efa14
standard_rsp,A0B1CEDE4C25481632A676C370833566,MID-446AF7E4071AB1B7509DBCB853B9883C,D0047-M01,Device-0047,MNO-A,PROFILE-b1893c85a38bfa662f66
aura_rsp,AEE3D554929B3A9BDC54C1E0D796D74C,IAC-1BDA796226B6E631DE60FC0690195603,D0047-M01,Device-0047,MNO-A,PROFILE-b1893c85a38bfa662f66
standard_rsp,740A6F10B1619FA531A9B8789882CF44,MID-0D9892D891B8000E4C391BA21E3D2A00,D0203-M02,Device-0203,MNO-B,PROFILE-99a214c711fd4c35a62d
aura_rsp,69EA5DBAA4D8C05975637E0B889FFBC8,IAC-8805438E9A43B265F2FA3AA32247123E,D0203-M02,Device-0203,MNO-B,PROFILE-99a214c711fd4c35a62d
standard_rsp,571456E90FD8B94BF72347F574E1B90A,MID-7A714668F869AA212BD8CA2B3F403B71,D0174-M01,Device-0174,MNO-A,PROFILE-3e4b57aa3d42bc2974b2
aura_rsp,ABCC7EDB5204EDD292505257C4FE6098,IAC-A436F821DE9BC7A1C54A09FA9B4AF9D8,D0174-M01,Device-0174,MNO-A,PROFILE-3e4b57aa3d42bc2974b2
standard_rsp,8A7D6A4DBCCB483DB3034E7A02A45E61,MID-9219AF4EB56D3AF44DF9B279204FD2CD,D0123-M03,Device-0123,MNO-C,PROFILE-9b5a1013a5855f71459a
aura_rsp,8C8D1FCEA30AE7805C13C7810A104DA8,IAC-B96CB1C756572589B9BE185B327C0873,D0123-M03,Device-0123,MNO-C,PROFILE-9b5a1013a5855f71459a
standard_rsp,A199C5B1A5C35389780165E7552AF4A4,MID-CDF93002AB8EBD33BE8973C6D61F35C8,D0030-M03,Device-0030,MNO-C,PROFILE-2033548abd34185d5719
aura_rsp,31BA5E74A24B3BADA6D022AD3CD91D61,IAC-5F260C0BAE614F5A723C34415D9CA981,D0030-M03,Device-0030,MNO-C,PROFILE-2033548abd34185d5719
standard_rsp,212AB7652338128A9E30835EA2028AD0,MID-D6831EC088F4AA2DC1B82040B0CDBBBF,D0095-M01,Device-0095,MNO-A,PROFILE-11114654a6805ebaf721
aura_rsp,8B891CBE4F8D4F536A8BC26520C25FE2,IAC-3E37C57955C32B03936AFA74FB7158C6,D0095-M01,Device-0095,MNO-A,PROFILE-11114654a6805ebaf721
standard_rsp,5731AA8B4EC61EED59C5765EFE047451,MID-FE4060D60AE8E9C9267CC74288EC4E2D,D0203-M01,Device-0203,MNO-A,PROFILE-6cb237d04c0f871383cd
aura_rsp,289517107570507149484A3A865C3153,IAC-C0C57C029E942021F3DBAEB9A855D8C0,D0203-M01,Device-0203,MNO-A,PROFILE-6cb237d04c0f871383cd
standard_rsp,1E8975D30A6B7A170E51FC87AE862C88,MID-78D265B910F7B00B7AB8BAEE3499B541,D0170-M03,Device-0170,MNO-C,PROFILE-ae7de6a64d2f753e05d1
aura_rsp,C897A31F94FB46E0F9F28EE05D79847F,IAC-25D404F2C50A548B58978DDD353497D9,D0170-M03,Device-0170,MNO-C,PROFILE-ae7de6a64d2f753e05d1
standard_rsp,0A54A5D08A5B751917DB8F467B660937,MID-3D5892A6DE80FFD479036D1F917856D6,D0103-M02,Device-0103,MNO-B,PROFILE-078d61d2446aa9d7fb58
aura_rsp,1A1434ED45F0DFC4026309933749E95A,IAC-1388321D9997AD4D702AF3463F9B5126,D0103-M02,Device-0103,MNO-B,PROFILE-078d61d2446aa9d7fb58
standard_rsp,F71EFFCA9CF957E0AD91A5894E184A6D,MID-45D61F9DBF6F794C9151498BF9039C4D,D0167-M03,Device-0167,MNO-C,PROFILE-4278709df13d81eedb96
aura_rsp,B0E4CD629D4219D8B579C0E55A1C40D2,IAC-A6E22D51D6650B3244D12932B95372F5,D0167-M03,Device-0167,MNO-C,PROFILE-4278709df13d81eedb96
standard_rsp,0C5DB0CF5119B934D27592D23026D9FB,MID-68B26E294AEAD20342DB4FBA2030298B,D0236-M03,Device-0236,MNO-C,PROFILE-25e7d5bd17f01b659165
aura_rsp,70752058F4808FCBE9F8512B4AFD4804,IAC-378FCD5733C62E11886621A375B6723D,D0236-M03,Device-0236,MNO-C,PROFILE-25e7d5bd17f01b659165
standard_rsp,E1FF57E099DEF1A728D370DF05AF7A77,MID-18B0DA0511CBCF6969782DFB54A9B8B5,D0195-M03,Device-0195,MNO-C,PROFILE-5ef464b6b806fb18a928
aura_rsp,DDF920C51A172301EE7CD4CE316350D8,IAC-8FCE9010FEDC6754DC2898D2760DFC56,D0195-M03,Device-0195,MNO-C,PROFILE-5ef464b6b806fb18a928
standard_rsp,4CA24A63174845D306873086EC7D37BE,MID-8EB2C70BFDDEE473B3333AF426840ED3,D0059-M02,Device-0059,MNO-B,PROFILE-33b2d166e40ab1984549
aura_rsp,770F5F177EFC781A697C51C39C38C575,IAC-B2BA0D547FC1A960A984AFED3D29BF49,D0059-M02,Device-0059,MNO-B,PROFILE-33b2d166e40ab1984549
standard_rsp,B71D466FBF5CD0D4853C9BF4EEBA62F7,MID-0B8D666AED36335F63F7BCEF1207FB09,D0103-M01,Device-0103,MNO-A,PROFILE-c7ad3b71210fd6ada0a7
aura_rsp,922C1A3BC3D0CF4598DC8F911994A56E,IAC-FB613C942C0757B6B335D91C2B1B4046,D0103-M01,Device-0103,MNO-A,PROFILE-c7ad3b71210fd6ada0a7
standard_rsp,A29956389A3D1F0C8596E3C4949D58E1,MID-8DBB727D6165A38DE91D26AC87640AF2,D0189-M01,Device-0189,MNO-A,PROFILE-b74818eec5ee002e4c05
aura_rsp,A5BACC58D7E876FAD64E0F2F995E5B13,IAC-B600A4CFD30B3899B4597E9382EB5BCA,D0189-M01,Device-0189,MNO-A,PROFILE-b74818eec5ee002e4c05
standard_rsp,B29C4FCFA7414403669FCE4CE74F82DC,MID-84260D05F26F2BAE0BC7AEF6E384FFE6,D0082-M02,Device-0082,MNO-B,PROFILE-e4161c208e2ca81cea42
aura_rsp,9EA4095FDF973F255BC1609E55CCEDBC,IAC-B9A4F9B0293DFBB919D2CB8664FE509B,D0082-M02,Device-0082,MNO-B,PROFILE-e4161c208e2ca81cea42
standard_rsp,50CB34195AF0E4A590C757F81392A4F9,MID-13085F058A75C2C5FDB8F0EC3697A321,D0124-M01,Device-0124,MNO-A,PROFILE-a18f5096b1a8df2e912d
aura_rsp,96A6BF3A6490D6B7FD3BE9104F573993,IAC-127BC6C7DAFB6D275BC42A5823FB9600,D0124-M01,Device-0124,MNO-A,PROFILE-a18f5096b1a8df2e912d
standard_rsp,6D3B9672D3F1F560892A9F3B6989DA7B,MID-2806D7AE8EC1583C0F3259DAA50DF6A7,D0238-M04,Device-0238,MNO-D,PROFILE-2d6023c2ccb2bbbbe0a2
aura_rsp,FAFBC0133AD81F8287D3B3EF436AC82C,IAC-BCF7BB4DF7C612F0E4E3201398AFED0F,D0238-M04,Device-0238,MNO-D,PROFILE-2d6023c2ccb2bbbbe0a2
standard_rsp,E2C9FB5256FD1D4CD0ED7CE72B638E5B,MID-DAE631895214BE04B31086FA7089EEE5,D0003-M01,Device-0003,MNO-A,PROFILE-903c585b7746c47f0669
aura_rsp,EF5262359B98D580D239D7B3F4902272,IAC-9532572ED3E774AD90C21FA406F3B924,D0003-M01,Device-0003,MNO-A,PROFILE-903c585b7746c47f0669
standard_rsp,CD5E1913958ACCF566D2D170F4F6F4EB,MID-01F07E25A77D242E0FBEEAD32E0CDD4B,D0148-M03,Device-0148,MNO-C,PROFILE-f36941fd4a46fb6fe2b2
aura_rsp,95E108A7B67696BA20FA5E7B76CDB30A,IAC-5C272BCF64FEE8E80C14723F10A58FF0,D0148-M03,Device-0148,MNO-C,PROFILE-f36941fd4a46fb6fe2b2
standard_rsp,2582470A3C494BF1E77CB4DB72D0D73E,MID-3024AC64DEFB472C6A41D9FC01719520,D0135-M04,Device-0135,MNO-D,PROFILE-580be0542542dfc4bac9
aura_rsp,6B148A0C7F1B7F0F27355AEFE695AF38,IAC-F0799DC437A1DCE7BF09D69221A445B5,D0135-M04,Device-0135,MNO-D,PROFILE-580be0542542dfc4bac9
standard_rsp,9C6C68C573CA701FC79C8DBF5A67D986,MID-91A562D06391F39605510B44DED80F0D,D0188-M03,Device-0188,MNO-C,PROFILE-145546daa6284bba9377
aura_rsp,D9DF2F0145946BD4D4FF1F27314A7C0B,IAC-02604499B309FC1186BE9B492243C0D1,D0188-M03,Device-0188,MNO-C,PROFILE-145546daa6284bba9377
standard_rsp,BACCC2E9192922931F1544012AA091FB,MID-3E67EB19954E2DA5C41F3A9652E6A5A6,D0159-M04,Device-0159,MNO-D,PROFILE-3edeb2e17c349eaf3d4c
aura_rsp,B145A2AEE19B8E5C449E4E594938EFF6,IAC-B71FB162A0C45308CE964757853C2215,D0159-M04,Device-0159,MNO-D,PROFILE-3edeb2e17c349eaf3d4c
standard_rsp,708CCD0C626F566F6A9835E846A79EC6,MID-501A6BF439BBB3373A5288437C0B1847,D0036-M04,Device-0036,MNO-D,PROFILE-9798b72ab2ad4d08fefd
aura_rsp,D395B35C34DFB80AC4FC3A9654B4AE98,IAC-B96DD4FC4F5B365EB9DDCEDCFBE890E7,D0036-M04,Device-0036,MNO-D,PROFILE-9798b72ab2ad4d08fefd
standard_rsp,DA815E3A3B7C003678C8A00F6268277A,MID-6C04036D15F12E28940E17A2D28D1CCA,D0119-M02,Device-0119,MNO-B,PROFILE-3281126f2bacfc095bb5
aura_rsp,E9AAD5BC3BBAA7BFCF81C14C8176C6C0,IAC-FA25782269C4ADA8F8C8EDD99E41A7B7,D0119-M02,Device-0119,MNO-B,PROFILE-3281126f2bacfc095bb5
standard_rsp,226F391978E5A498511DC57AC76F2C6F,MID-AB59839AD8425AE95B4E90E45CEB2DE1,D0240-M02,Device-0240,MNO-B,PROFILE-759f9aaec030725366e7
aura_rsp,3EC3C6EAC71F9E48D8E9B97062162E7E,IAC-036D9F95EF0F4E5ACE4987D135CBF88B,D0240-M02,Device-0240,MNO-B,PROFILE-759f9aaec030725366e7
standard_rsp,C22D2F8510896B78FD031D504A03ED00,MID-DF2A8C470DC4104A90555A042CB421AD,D0060-M03,Device-0060,MNO-C,PROFILE-7e737baff0934d71b1ca
aura_rsp,179C3B6AB226C59B9E4555EEBAE58476,IAC-12FFE8A0EBC8C082AA8C5CE263316BE5,D0060-M03,Device-0060,MNO-C,PROFILE-7e737baff0934d71b1ca
standard_rsp,78C3C92C42D51B837FA3DE8AF632D6FE,MID-5883DD7B621F06A0A9CB62C8EC86D7CE,D0169-M01,Device-0169,MNO-A,PROFILE-4617a9e5cc3f1fbc39a8
aura_rsp,149E6AB75B38FD2FF205A71A968C5279,IAC-948092930F9086392C4D699D47810CA6,D0169-M01,Device-0169,MNO-A,PROFILE-4617a9e5cc3f1fbc39a8
standard_rsp,121E93DC240EEC0A0538AD032ED8CE82,MID-0FC55944A127C8C62741E4A34FDF1F0E,D0111-M01,Device-0111,MNO-A,PROFILE-d199ced3c18c4bb063d1
aura_rsp,FFF1A1FE8B398402019BFF7687B64268,IAC-2067A5500DA87A6A834F04E6A5A95117,D0111-M01,Device-0111,MNO-A,PROFILE-d199ced3c18c4bb063d1
standard_rsp,C56427E495DD471DD40F3BE5CF34F2DE,MID-EF07D176D2FF9AB8EB1FFF75B0EF6F08,D0191-M03,Device-0191,MNO-C,PROFILE-b6285aeb0d9561938c14
aura_rsp,354C340706BEA50FC3300513F24AB4F9,IAC-1410C4FBD9692A45DA3AB4B97B2253E2,D0191-M03,Device-0191,MNO-C,PROFILE-b6285aeb0d9561938c14
standard_rsp,BE789272FE65D13E3CAD6B6C696625F5,MID-33AA7632E3CDB25524418320809BF73C,D0003-M04,Device-0003,MNO-D,PROFILE-2b7383b152befc736561
aura_rsp,121DBD25674331B9BA8F1F5709423612,IAC-C6F5B376AC0EC70B67DC2BBFBD5B190A,D0003-M04,Device-0003,MNO-D,PROFILE-2b7383b152befc736561
standard_rsp,D988B891EE5FB484EF852A09171A95B7,MID-64D002700D20E20F8AA08748A6A462A2,D0192-M02,Device-0192,MNO-B,PROFILE-5f4e3305936754254cfa
aura_rsp,CB4B32AEE8363310729BCD7CCE9E762B,IAC-A1D75B540438AFB27847651470C360F3,D0192-M02,Device-0192,MNO-B,PROFILE-5f4e3305936754254cfa
standard_rsp,DCCBD4A7295CFE2B28464AC68148AE9C,MID-1FE077E37D2AB0DA88C5376D186271AB,D0109-M02,Device-0109,MNO-B,PROFILE-b4f72a24a5bb89a6dced
aura_rsp,5EBBE2FD3105513B20B55EAD1CDE2D3F,IAC-044918F6B86673CB97F8BF4E3F596711,D0109-M02,Device-0109,MNO-B,PROFILE-b4f72a24a5bb89a6dced
standard_rsp,EC862CAEC9041B828ED9EC12EFE679FD,MID-D0CB5ADC6AC7FDF200DB7EE67CD18786,D0201-M04,Device-0201,MNO-D,PROFILE-baffc5363e7decc151a4
aura_rsp,DC557822CCD4CBF34F89BAD2F480F22F,IAC-E149A9FB81C3CB09B6605B37AB2BAC9F,D0201-M04,Device-0201,MNO-D,PROFILE-baffc5363e7decc151a4
standard_rsp,FE5CF6273BA8E98386B7AF4391B070C7,MID-9550AC9754E6EFF93CF2BB475001A21D,D0005-M02,Device-0005,MNO-B,PROFILE-40857fc43f7ce0e3589d
aura_rsp,3D1CD1C5AEADD2E2F553AC6E5830993B,IAC-421756536E63D524012C2B1EF53FE86C,D0005-M02,Device-0005,MNO-B,PROFILE-40857fc43f7ce0e3589d
standard_rsp,6156A1987BA9123D8CA6A1B293D9CD8D,MID-1D013EB18D1FE7A500E1466CB350F304,D0085-M02,Device-0085,MNO-B,PROFILE-dba971bf8ec4dc3f5c4b
aura_rsp,E35392967CA12FCF1F4B7B269865B21A,IAC-9DF9EFB1EF7904C16C837C36C412BD37,D0085-M02,Device-0085,MNO-B,PROFILE-dba971bf8ec4dc3f5c4b
standard_rsp,0FC9E22C8E671FC6C7625F4BFA3E5D6F,MID-BAE4E5F2F9372E8D4B432BB675A999AA,D0013-M02,Device-0013,MNO-B,PROFILE-0e3b9e395b328eb9256b
aura_rsp,0A36E11FDA6EB396BD0E3AA9638F8B3A,IAC-B6A22624545BD2CB0E22727185F9604A,D0013-M02,Device-0013,MNO-B,PROFILE-0e3b9e395b328eb9256b
standard_rsp,AA10F2A64D4A35C246D37A2925C1BAC9,MID-757376C0AA4CBBC560B807B942F2858A,D0246-M03,Device-0246,MNO-C,PROFILE-0c9e4330dd3421b69ded
aura_rsp,C47ECA085F33AAFA5407FA2FDBECF97A,IAC-2B828681991D2357B702C7529FB1BD68,D0246-M03,Device-0246,MNO-C,PROFILE-0c9e4330dd3421b69ded
standard_rsp,333B6BADA5A235CDABCD0346D1732BCD,MID-85514EF54DBFCB5736F18AEC1401DC97,D0249-M04,Device-0249,MNO-D,PROFILE-253836d8ffa31b7f3b31
aura_rsp,D2A4C42B2D8256BE5B2789003F8EF862,IAC-E4B8CA56772EE4FF362E1F3240DCF1EB,D0249-M04,Device-0249,MNO-D,PROFILE-253836d8ffa31b7f3b31
standard_rsp,812DF9A2A92EFCC260208B66CD96C8E4,MID-2401686F6D7205E843B3AC7EEE0ECE0A,D0185-M02,Device-0185,MNO-B,PROFILE-65b0bf663cef75bfb778
aura_rsp,C3A4066CCFF4AA0989728BFF5F0A3BC4,IAC-79AB366EDBAB3CEA2E75EDE10B22B0C4,D0185-M02,Device-0185,MNO-B,PROFILE-65b0bf663cef75bfb778
standard_rsp,5C0111BC92F2C7B6C9A97EA93ED713E7,MID-8F259454E311B04D275EEDBF887A5773,D0032-M02,Device-0032,MNO-B,PROFILE-acbdff3088658d5565e7
aura_rsp,3FC90B8648FC16798322105C3147A456,IAC-D993B8FC3E904BF9B256F7DC8FC3DD4A,D0032-M02,Device-0032,MNO-B,PROFILE-acbdff3088658d5565e7
standard_rsp,2CF0229DFC91A0C4CCE514BEF5A61A51,MID-7F4B0AAC4FA018619757EAA895927DF4,D0099-M03,Device-0099,MNO-C,PROFILE-bb6b5a2eff898e870895
aura_rsp,469634D532A170C7488FC85780C9CD3E,IAC-A8B275BEDE140D0B2C953CA583C16CE0,D0099-M03,Device-0099,MNO-C,PROFILE-bb6b5a2eff898e870895
standard_rsp,D70F73097B4C95943D55D10549B74E26,MID-601D295186BDC6BCAFD1F9DE199F5D7B,D0113-M01,Device-0113,MNO-A,PROFILE-e87327ab6d6487a7d5c7
aura_rsp,9E7D5D70F851252C7E30F8FCFB31EA64,IAC-DCFC0F3A3017C3867B2C1716DBF9760D,D0113-M01,Device-0113,MNO-A,PROFILE-e87327ab6d6487a7d5c7
standard_rsp,1701973D18FB5EB12257EEB8E8CA8339,MID-B2957824CD8179207CF9F6084A45AE5A,D0017-M03,Device-0017,MNO-C,PROFILE-5f057501989415cadfa6
aura_rsp,6E11732EE1FBED92BB24525D9C8D02CC,IAC-BE2A6DAFFB4867CFEB3899ECE123A1A4,D0017-M03,Device-0017,MNO-C,PROFILE-5f057501989415cadfa6
standard_rsp,C0C3F3C0CEE1F30E7DF26179F64AA4FC,MID-2D60AF2AFCEA88FC383C53D0166A2536,D0034-M02,Device-0034,MNO-B,PROFILE-21dc062fceed04939e74
aura_rsp,7E1EA2A68F11B90474ABB5E23A3EDB01,IAC-39512CB3D17E77780EE1D12515092AD7,D0034-M02,Device-0034,MNO-B,PROFILE-21dc062fceed04939e74
standard_rsp,A613565AA1CADCB620E9EE49BCBA43D0,MID-A24DBCD4D00ED6B4CDCFCB5957325EA2,D0244-M03,Device-0244,MNO-C,PROFILE-99bae895063da6495c39
aura_rsp,A099015D6147884192961405CAF265E2,IAC-573745C7322DF43ADB429C891C773C18,D0244-M03,Device-0244,MNO-C,PROFILE-99bae895063da6495c39
standard_rsp,DEB751733A2DBC02D60F582A49491EEF,MID-9FBB289E45F3898A7AE3B4186CB24486,D0035-M04,Device-0035,MNO-D,PROFILE-c4cbbd6d4441b2b01e96
aura_rsp,475507053BD5C45ED87E6B2ADA905E9D,IAC-2AD9D1A13F52A3592132E4C69833BA4C,D0035-M04,Device-0035,MNO-D,PROFILE-c4cbbd6d4441b2b01e96
standard_rsp,3B7196268E9A747F3D83000AA3246C50,MID-76679AF542EF4075A4AC0C0D5BAC0106,D0001-M01,Device-0001,MNO-A,PROFILE-92d1d8e6c7c18e21e86b
aura_rsp,3B6225990B482385DEE71AFA79BC300D,IAC-775E6218E2C31F769825404CC9CF10AD,D0001-M01,Device-0001,MNO-A,PROFILE-92d1d8e6c7c18e21e86b
standard_rsp,E8C8E308CFC091F89334509B22D65619,MID-F76C94A3E0D731BCC5CC389988046AF8,D0106-M01,Device-0106,MNO-A,PROFILE-240e71a5d9ea218d5948
aura_rsp,232CBFE39667020CE0A97319FDDED8FC,IAC-51F264C8854AFFC2A9211F45C349EFDF,D0106-M01,Device-0106,MNO-A,PROFILE-240e71a5d9ea218d5948
standard_rsp,3D681DF66E9369CDB39E5C2087E8C1C0,MID-E7CD743700B186F038D70FB053BAAAE8,D0148-M01,Device-0148,MNO-A,PROFILE-70e67f8db742229a5d6a
aura_rsp,F06DDBE58B37D8D70DA663CAD2B876DE,IAC-32FFF17C0CD4F08B371C9F3FC7567831,D0148-M01,Device-0148,MNO-A,PROFILE-70e67f8db742229a5d6a
standard_rsp,1F5F3E97700C76CFC6BC98B232933AB3,MID-E97CF8AE328273847BCE07698A4C1376,D0073-M03,Device-0073,MNO-C,PROFILE-cf05703a89d83791b7d6
aura_rsp,341F9387944AE4B88E113D67C6472F3D,IAC-793600FBFEDA52D277D11AEEEB26CDCB,D0073-M03,Device-0073,MNO-C,PROFILE-cf05703a89d83791b7d6
standard_rsp,C1B0D0431E70B5416D5BD3D0797754D3,MID-F46051EAD4EA0B9E215DCC7BCCF75FCA,D0042-M04,Device-0042,MNO-D,PROFILE-0d2306411a45c53e9ffe
aura_rsp,045C2BE4C54FA4D81DE00281B7C956B5,IAC-816F70738DE56A081326143CFE70E3B5,D0042-M04,Device-0042,MNO-D,PROFILE-0d2306411a45c53e9ffe
standard_rsp,60BD75C8E6112CC4902AC67DDA4F25AD,MID-D8EE8D8D96A560B1160D5015FE73880C,D0011-M02,Device-0011,MNO-B,PROFILE-7ddf8c018a25910b4bdd
aura_rsp,45CF9AF84B30698F75DCBAF3D3EF8193,IAC-9B5458C6266B8F9FFAEBA94088501A95,D0011-M02,Device-0011,MNO-B,PROFILE-7ddf8c018a25910b4bdd
standard_rsp,2823D600E6CBBB06EBF5EE565B3B4DA4,MID-61369966D11844170B52D829CAB73B34,D0046-M03,Device-0046,MNO-C,PROFILE-7dc4f68ff75fa1234497
aura_rsp,07D948127B951C3996FC937A44E68448,IAC-9A4608A773BB03992B337C1AED0B4E66,D0046-M03,Device-0046,MNO-C,PROFILE-7dc4f68ff75fa1234497
standard_rsp,4D30FE24ABAD7D9A3471D2521E66A7F6,MID-074570E351B57656FDBD5CA35AF24E52,D0085-M03,Device-0085,MNO-C,PROFILE-ec9474b43c65267b8f22
aura_rsp,C54A643AFE0415EEB13DCCC16DAE9FF3,IAC-3893FE6ABEA14A945A7758072907C074,D0085-M03,Device-0085,MNO-C,PROFILE-ec9474b43c65267b8f22
standard_rsp,518A44B3DE8D346E6608D95DB8AE35D1,MID-B5C7B4DA00F1B1E37650B516389DD68C,D0232-M04,Device-0232,MNO-D,PROFILE-0368e717cc755ef49dac
aura_rsp,6094AF2529B1485885DBD977496A2F88,IAC-AF70D8F0FAAD447450F501E64B76EE21,D0232-M04,Device-0232,MNO-D,PROFILE-0368e717cc755ef49dac
standard_rsp,DB45940F982D195D5FC7D207A10B90C9,MID-1EBE34F329D9AAAA3013AF67BCE4FC6D,D0126-M01,Device-0126,MNO-A,PROFILE-715e02da52356e2f5a5d
aura_rsp,788072038EF6BD3FC8F3BFD5A794CE9F,IAC-013D316A9A5C8D0C527DF6420EBDF310,D0126-M01,Device-0126,MNO-A,PROFILE-715e02da52356e2f5a5d
standard_rsp,57D88BDD60414D19351EE5F62ADD6EF6,MID-0C9B79C9D7435AD3A7F10F55B32A977F,D0134-M01,Device-0134,MNO-A,PROFILE-917c3aeef516e9b811bb
aura_rsp,31D774B97E70EEC34EB145EB975E8EBA,IAC-D6AE8232D2C632EAB8C2B3C27A3956D0,D0134-M01,Device-0134,MNO-A,PROFILE-917c3aeef516e9b811bb
standard_rsp,E961C38A8D7F9F4DB6A0B82CB0E7ADC8,MID-CA6734EC76DEB74455AD95D945BA22DB,D0207-M02,Device-0207,MNO-B,PROFILE-7d567bd7be7d1be6b6f2
aura_rsp,CF0A3C7A75043484FD1177C347832B4F,IAC-62168D17DABEFD37EA8CDBF94075BE03,D0207-M02,Device-0207,MNO-B,PROFILE-7d567bd7be7d1be6b6f2
standard_rsp,ED6D4A0A77D2224E0FDBF72F392C4980,MID-5A670ED24B81BE5D4F235B580219A936,D0071-M04,Device-0071,MNO-D,PROFILE-f86a5f1ee49d2c34c9df
aura_rsp,B424EBB2FC226D71AA3FF8668BAC3E4B,IAC-0BFE30E065981E931489874259DFB1DF,D0071-M04,Device-0071,MNO-D,PROFILE-f86a5f1ee49d2c34c9df
standard_rsp,01DB08889A16DD820D898EE31AED1C05,MID-530113D4F62328F9EC5753C577FC30A4,D0115-M03,Device-0115,MNO-C,PROFILE-c07b0010dd785b1225c7
aura_rsp,ECE3836DEC21E59A94F828465CB31847,IAC-580A8BAB6C1FBD67F2962992B377A92D,D0115-M03,Device-0115,MNO-C,PROFILE-c07b0010dd785b1225c7
standard_rsp,EB3906E402AF9FF5FBC179FD7DBFDA72,MID-5289C16342970D44F6360A6785B511D3,D0006-M04,Device-0006,MNO-D,PROFILE-eb0eb9d1c0ab5b114c45
aura_rsp,7DF40F358897BCC7666166FD04F48FDB,IAC-D2D814F819DBE59AECE8D27DFF9C1ED5,D0006-M04,Device-0006,MNO-D,PROFILE-eb0eb9d1c0ab5b114c45
standard_rsp,2C0421D6F2CDC7A70584275BEE9B800E,MID-ECC203DE1CDADC04D587A3C286C7261A,D0156-M02,Device-0156,MNO-B,PROFILE-909850f25dc994e4f291
aura_rsp,CF85896A7A150E225A16C7804B020056,IAC-834C7259F1A34845C08AD49257285D63,D0156-M02,Device-0156,MNO-B,PROFILE-909850f25dc994e4f291
standard_rsp,B999F1677BE8FBC1F585A0FC37A8A177,MID-BE0990B2AACD79D0DC7E9370099326CB,D0228-M02,Device-0228,MNO-B,PROFILE-acea4d06b497ac7df00a
aura_rsp,8938459A8AC8E95E6ABAD8675A557C6D,IAC-A581E9F20BD44E465A9A668F117E65C8,D0228-M02,Device-0228,MNO-B,PROFILE-acea4d06b497ac7df00a
standard_rsp,659F8FE938F11EEBDB634B534399BE35,MID-4704741868F14199B33B364F3CA12E73,D0237-M02,Device-0237,MNO-B,PROFILE-62f708c2796bd5bc8b10
aura_rsp,A6F1AB6B3B0E4C1334CF1197A1733058,IAC-EECC8CF0DBD7202766D34F5F6008CC81,D0237-M02,Device-0237,MNO-B,PROFILE-62f708c2796bd5bc8b10
standard_rsp,C35398F6097534D8DD80B327E2A476E1,MID-E9D70AA47A6904334F7E814A1961DD13,D0203-M03,Device-0203,MNO-C,PROFILE-4da1d65bd8faa6a68fd3
aura_rsp,617790D687BA97699D122FA1CDF7D0D6,IAC-5A9B89221C6111CABF685D444C180E4F,D0203-M03,Device-0203,MNO-C,PROFILE-4da1d65bd8faa6a68fd3
standard_rsp,31F39F064281025642A21CF1446FE3D1,MID-4C48A4D1ACFFC6C0F2656635C0F1ACB0,D0206-M02,Device-0206,MNO-B,PROFILE-bc74caa5d5c57f0b2b63
aura_rsp,E6783AD0E7351398A4225D3A6912D2E6,IAC-D0C427454E2192900C03FA517FB6ED4A,D0206-M02,Device-0206,MNO-B,PROFILE-bc74caa5d5c57f0b2b63
standard_rsp,A93EAB03B31FAC4E34D0E85B9C614ABF,MID-331CF53DE2A2472DA6B7E860C2BA810F,D0186-M03,Device-0186,MNO-C,PROFILE-63633e9974eb30b17259
aura_rsp,8B85334DA558F95494AA0DBAD99BA57C,IAC-D8E16DB66125530393B0C7D0A17AE7A8,D0186-M03,Device-0186,MNO-C,PROFILE-63633e9974eb30b17259
standard_rsp,DAAF78416D35D513E067921A3215136F,MID-D72851D2933B0D5D966614D3E8DD8BE8,D0107-M02,Device-0107,MNO-B,PROFILE-b3de5cf4dc3e14bdd302
aura_rsp,66A2248AD3ECDB77921E6714B8D3F789,IAC-7A7763621988417322E5B3DAE9484CC4,D0107-M02,Device-0107,MNO-B,PROFILE-b3de5cf4dc3e14bdd302
standard_rsp,348130E686007EDDF06CF096EF5DA883,MID-319DFE2317B3351DCED19AAD31E9CB52,D0015-M04,Device-0015,MNO-D,PROFILE-8b04d6505fb77625dd31
aura_rsp,76CEB8EA8F7FB66CC5C792B964F33956,IAC-A29650FAC128CA8AB312EE48DD1C0E99,D0015-M04,Device-0015,MNO-D,PROFILE-8b04d6505fb77625dd31
standard_rsp,9C215FD9563C3DEE75E5E7779994EAFC,MID-4AE3A8CBD0A750A4FC59B54783EEA20B,D0064-M01,Device-0064,MNO-A,PROFILE-d5f3a5c3d5e499854dc5
aura_rsp,4B98FDE3A48076DF7324FA765B13CECF,IAC-B3D9E885C97976C3A1D99C196ED054FB,D0064-M01,Device-0064,MNO-A,PROFILE-d5f3a5c3d5e499854dc5
standard_rsp,B57568C867497F5F176422BA79F33DD4,MID-BEEE8F2420CC7ACA5D7A64391E8A8A27,D0018-M01,Device-0018,MNO-A,PROFILE-8ef4738d77eeb478138c
aura_rsp,C8644704B1F97D6889FDC6B763B6D4CF,IAC-0651DC39F315AEF93255F18665559602,D0018-M01,Device-0018,MNO-A,PROFILE-8ef4738d77eeb478138c
standard_rsp,9960AB99A1AB41935CA63D590B4FFDEA,MID-8074E80B9B0DC0DFAE4AA0010B8DF79E,D0222-M04,Device-0222,MNO-D,PROFILE-cd5bf28ea684ec4ab1c1
aura_rsp,CDC3871CAF7823866F0354A701BA835F,IAC-D6DCB6ABC066335A7C7FCA07E3BC6BF7,D0222-M04,Device-0222,MNO-D,PROFILE-cd5bf28ea684ec4ab1c1
standard_rsp,67191ABCB3C1BC772C7E712E29D52B56,MID-AA9275661A7B43C0891A981A759D21FC,D0174-M02,Device-0174,MNO-B,PROFILE-75480788c6a3e1a2e94b
aura_rsp,C208F4671BC6CA544BE182C4B5E22F04,IAC-EDB06A912753712BD162D05C04C39633,D0174-M02,Device-0174,MNO-B,PROFILE-75480788c6a3e1a2e94b
standard_rsp,816CF6636265FF6DE659669528669A77,MID-7BAB3A5C1AE36CB93B8F15876FD6AD06,D0164-M01,Device-0164,MNO-A,PROFILE-b3b972eeee1cf27014bd
aura_rsp,D0D43863200ECE01B9E3E93412A7BC6A,IAC-B14C91A3349AD9A83F50ADF767C4DEBB,D0164-M01,Device-0164,MNO-A,PROFILE-b3b972eeee1cf27014bd
standard_rsp,AF92BCE1B58E587BC31423D8D0AA610B,MID-C4035C9457B70F3E03401475262A17D5,D0170-M04,Device-0170,MNO-D,PROFILE-2b6b087d2809fb545931
aura_rsp,40C1EC38D47A1500E1662472275F4646,IAC-777725A60F9AFD13227931F28E4E6E6B,D0170-M04,Device-0170,MNO-D,PROFILE-2b6b087d2809fb545931
standard_rsp,309BAA504396096B274401CBF8513278,MID-962AD94B9BDF559FA472A64A82AAD362,D0143-M04,Device-0143,MNO-D,PROFILE-298afd46f8823d323d3a
aura_rsp,AE57A726D3ECDFBDA594B72537B44D27,IAC-4A2133AAA01C49A656B873EE77264C89,D0143-M04,Device-0143,MNO-D,PROFILE-298afd46f8823d323d3a
standard_rsp,B8C17B00E1E9A830CCF029405952AA47,MID-AB0FBE82BC90B77B421CBEC46D35E126,D0115-M01,Device-0115,MNO-A,PROFILE-e471e7afec1d13b732b0
aura_rsp,EFE6781194F67E4CC6D6FF1090729D55,IAC-CA38BD43D189F791B3BC11E3ED5EF5E5,D0115-M01,Device-0115,MNO-A,PROFILE-e471e7afec1d13b732b0
standard_rsp,F78848A67BAD0F6BFE658910EA4D5E43,MID-81E0FC01EC4516C5652DFAE662AD4D76,D0210-M04,Device-0210,MNO-D,PROFILE-4bae7f4c8c4558d393a2
aura_rsp,D74A46508506C71B19A67100FEBBEF7A,IAC-08E39A7149355FF184A47150FFCBF1C4,D0210-M04,Device-0210,MNO-D,PROFILE-4bae7f4c8c4558d393a2
standard_rsp,57F2A49E3434477F863931A5F1F0BE66,MID-93F5CF485DCCB7FAD94AC6B6BB1A4F5A,D0060-M01,Device-0060,MNO-A,PROFILE-b0d28439aef5798667a5
aura_rsp,C4028AEE1FDE94FB6E2AA2A116CF1683,IAC-6B40EA663E4DDBF08D17F75D1F7FC4B9,D0060-M01,Device-0060,MNO-A,PROFILE-b0d28439aef5798667a5
standard_rsp,A83C07AA5D051146970CAC5DAF0095D2,MID-8325B68BF0DA43B56D7354F14085C70F,D0222-M01,Device-0222,MNO-A,PROFILE-137ec998e89812e278e4
aura_rsp,5C710EBBC165610E38DBFA840A3284F8,IAC-0F85BA29F7573CE1713A112DFCFCD33E,D0222-M01,Device-0222,MNO-A,PROFILE-137ec998e89812e278e4
standard_rsp,41B688A1D75E8B66CC944F65C6884B69,MID-447DA7F5D9BE3B57613F81AC46AF4254,D0106-M04,Device-0106,MNO-D,PROFILE-fa1cfbfc612cdabe7f63
aura_rsp,592296CFEF6D7D3DB8008D8B3D061248,IAC-0C96B809712F5A7083681CEE606DD32C,D0106-M04,Device-0106,MNO-D,PROFILE-fa1cfbfc612cdabe7f63
standard_rsp,57B95663A019DF7DDB9E06CA1F445146,MID-B1BDB18F396169932D7C7110B553C9B6,D0195-M02,Device-0195,MNO-B,PROFILE-1d12e56518185c2fff5a
aura_rsp,30A253EDD7EA0D34223E7FCD7371621D,IAC-4F0578186D9C126F6EA6DC276E694EA2,D0195-M02,Device-0195,MNO-B,PROFILE-1d12e56518185c2fff5a
standard_rsp,3C0B422A49FF1FE50DA6497865CC5BCB,MID-CED298DD5BD4723BADD8BB8AB82E61DC,D0153-M01,Device-0153,MNO-A,PROFILE-bf11c17fdcbcec774e4f
aura_rsp,4553B82F7851370B9FE4EB71D6CC01C2,IAC-A0FDA5933BDE63E8CA98237E08B42090,D0153-M01,Device-0153,MNO-A,PROFILE-bf11c17fdcbcec774e4f
standard_rsp,304BF170F1B13CB156BE0B554EB3AA6D,MID-2611262CCB27ACDC429A82462BFD2DD5,D0063-M03,Device-0063,MNO-C,PROFILE-03cdd7ed33577613f139
aura_rsp,05633478368846DFB1A7E9F552418C14,IAC-23F50F59ACDD5F87B05BF2AE9A2A9519,D0063-M03,Device-0063,MNO-C,PROFILE-03cdd7ed33577613f139
standard_rsp,74F45D4515990109CECD21D47D041E73,MID-431C1927422F6036C39B464E1336E99C,D0069-M01,Device-0069,MNO-A,PROFILE-2d4d3c4c08da67222caa
aura_rsp,FF8017B0AA35F6F80292605F02DA7086,IAC-4D72306F5266F75558FD65EE1505D07F,D0069-M01,Device-0069,MNO-A,PROFILE-2d4d3c4c08da67222caa
standard_rsp,DF3D762F8E4FBA597F2FA7C9518F7B06,MID-B4CF1CC816322DF58251C2C6CF9A11AC,D0237-M01,Device-0237,MNO-A,PROFILE-361a13720fd73ad4ea58
aura_rsp,7AF71913410016FFAD7CF7CEF80AA8C1,IAC-CF84483544067246B40731CB55BE01BD,D0237-M01,Device-0237,MNO-A,PROFILE-361a13720fd73ad4ea58
standard_rsp,5884882008B11BA5B2C33ED6990D09B0,MID-37C01C5E94ED650E505560B413C8ECCC,D0231-M03,Device-0231,MNO-C,PROFILE-87f35a5454156bb79ed3
aura_rsp,43AC0F0B84604CB70B3AECD9E3E2ADC4,IAC-A3F4EDBE6F1A3DAD909FCFE8772C89FF,D0231-M03,Device-0231,MNO-C,PROFILE-87f35a5454156bb79ed3
standard_rsp,40EA897E511964B9993B16965E0A8505,MID-E92869B8FA555C217CE01D06E3A5C377,D0112-M01,Device-0112,MNO-A,PROFILE-04a0aeb6a23e9e0065b6
aura_rsp,5937DA845323E92409BE9C8CCE0449E5,IAC-AB70A4D2660EBE8FC0B7EBA4240FC7F6,D0112-M01,Device-0112,MNO-A,PROFILE-04a0aeb6a23e9e0065b6
standard_rsp,AA88CC9E0CEDB46D15C2913DF7714B28,MID-FCD6DB064269FB7D90CA77C95DC0E58B,D0213-M02,Device-0213,MNO-B,PROFILE-5bed46445cc1181987d7
aura_rsp,94C032D947F955EFD32DCBEE8F517277,IAC-B0715A65BEE74F84421D1C30D2BC4D8A,D0213-M02,Device-0213,MNO-B,PROFILE-5bed46445cc1181987d7
standard_rsp,9A1ACA2CF885BAD64DEF233EEC4791FA,MID-447C4D596A5AD7D3155180D25E1BCB79,D0236-M01,Device-0236,MNO-A,PROFILE-d4f9363b0ffdfb4c6df2
aura_rsp,B41367E1769C29BDC7FAB13E571FD14D,IAC-C3E9568713572FB6A088D04F0F61DF8D,D0236-M01,Device-0236,MNO-A,PROFILE-d4f9363b0ffdfb4c6df2
standard_rsp,E497F9D6505A4D0CA4545C151A6BFFB4,MID-4B6B8E91A310BBF36E3F74096BA61A77,D0003-M02,Device-0003,MNO-B,PROFILE-3345e10390e5ca6e161a
aura_rsp,D7467DAC9E70FFDE4AAB47316F4AC881,IAC-2740AE70E76CC413ACFC0CC2FCA2E6D7,D0003-M02,Device-0003,MNO-B,PROFILE-3345e10390e5ca6e161a
standard_rsp,E907FDA2D635A9F5C16B75A907089D01,MID-E995F1592E2A5B0FD19EF5DDFB6529EC,D0183-M02,Device-0183,MNO-B,PROFILE-25416357e705caaf16b1
aura_rsp,F48724BC1C57433DD0123C53AA073C7C,IAC-6E98EDCCBC2DF5AA667D9D07338435C5,D0183-M02,Device-0183,MNO-B,PROFILE-25416357e705caaf16b1
standard_rsp,79865A6BB90B1F45AF69F67C11C5D2EF,MID-18650C4D0B995DF0DD80ED8908AD646F,D0090-M03,Device-0090,MNO-C,PROFILE-ec60cf67ed0bcc7c0808
aura_rsp,CF58007D7E04BBA0FA65198CB21CB659,IAC-732182022973D3D49DA5B81E0D7EFF28,D0090-M03,Device-0090,MNO-C,PROFILE-ec60cf67ed0bcc7c0808
standard_rsp,9D9A76363DF8E71238AEA3A43935EB7C,MID-5CA72C46C113E03EFA0A5DB3B27A22A7,D0007-M01,Device-0007,MNO-A,PROFILE-c7d594b044fd005aa2d6
aura_rsp,AC33F457AB0D171B647B4E6631D005BA,IAC-8F02D23AA8C6927727B0636EFC4D858B,D0007-M01,Device-0007,MNO-A,PROFILE-c7d594b044fd005aa2d6
standard_rsp,6413F1ECBD02C704A299A7CC86B4997B,MID-394AFA2FADE9FB773243BFA85D4CD250,D0204-M04,Device-0204,MNO-D,PROFILE-d5a627cf92adbb1eadc0
aura_rsp,6DB44707F52D1DDCE35CC73938D65581,IAC-14F995CF8E7DFB01B1C3B7F540DA051B,D0204-M04,Device-0204,MNO-D,PROFILE-d5a627cf92adbb1eadc0
standard_rsp,6E0C0A424D3E413CD1690EB492645417,MID-63BFE4A27FDB84BBEEC72BA878F38778,D0070-M03,Device-0070,MNO-C,PROFILE-fbe09e57171c3fac50af
aura_rsp,DDBE39873446C1C592E9FD347CFA6538,IAC-6C0A0121E4CD007301F75055E8D45690,D0070-M03,Device-0070,MNO-C,PROFILE-fbe09e57171c3fac50af
standard_rsp,484A52FB42842A132CDC5531B33EB6C0,MID-CF90DC76C201B4A50D69B37B3F673E79,D0160-M03,Device-0160,MNO-C,PROFILE-bc3e56079a8128cb086a
aura_rsp,0EB99D59FCE6EE8039F3B95063413949,IAC-6314D3959F17A7560861F50CA5678E96,D0160-M03,Device-0160,MNO-C,PROFILE-bc3e56079a8128cb086a
standard_rsp,743CC88D56EF1D1FD9AE16D320F561AD,MID-3CD9735A044351D9C6D6326208384F78,D0233-M02,Device-0233,MNO-B,PROFILE-809b563a81d6ad7017b4
aura_rsp,E28723A38509A8D3287A68526DAE486D,IAC-BF8390132BD27C15143A72FC8FAC2A85,D0233-M02,Device-0233,MNO-B,PROFILE-809b563a81d6ad7017b4
standard_rsp,DD798120A095EBFF8477D2E34EDCAF4A,MID-61C1388766EE54276BA485562A20106A,D0179-M03,Device-0179,MNO-C,PROFILE-fe332f7ab83174f86329
aura_rsp,B9AD5FE18C38720CEB9673DB4D15BD04,IAC-550869F6BAFA0B87FE34BD0B41B8D90D,D0179-M03,Device-0179,MNO-C,PROFILE-fe332f7ab83174f86329
standard_rsp,BFE05F662FD14229BA8B4CAB6FDB170F,MID-472D9167BF0AE29D8B2815B08C5AADE6,D0073-M02,Device-0073,MNO-B,PROFILE-042f45a7fc9cc7766580
aura_rsp,57D8CA0E1E73110F53B628D2955708A0,IAC-73BA8A2775FF05FC646F61AE2171E4A2,D0073-M02,Device-0073,MNO-B,PROFILE-042f45a7fc9cc7766580
standard_rsp,DCDAC918B894D7761B5E2529B4212A69,MID-CFBD63AE94893C9195426769DBC1D747,D0105-M01,Device-0105,MNO-A,PROFILE-92cd9ce99e52a6492363
aura_rsp,18D9B25C531AEFB84F84DAFBBDA26149,IAC-29BCB2869B54820DCA7692235B010DF7,D0105-M01,Device-0105,MNO-A,PROFILE-92cd9ce99e52a6492363
standard_rsp,04202E3BD414978DDEA9898347361DFA,MID-8C1AD11125B93CC1C8CED64B1DC1EA58,D0195-M01,Device-0195,MNO-A,PROFILE-b6314b119c09c13dcb5b
aura_rsp,E3F37B1BB2E19BD531DF98EC2ACE5A08,IAC-0B7FD5525565A5F505231FEE51B99822,D0195-M01,Device-0195,MNO-A,PROFILE-b6314b119c09c13dcb5b
standard_rsp,E513841CA0F2E55BCB7855BDC2C43E2D,MID-33A4F92834F215EE8E797C35BBF700A9,D0081-M02,Device-0081,MNO-B,PROFILE-6c028df3531e84479d1d
aura_rsp,C7039F8135472734AFFA36264374D68E,IAC-F23B3A121FB6CBE22E156F742EDBAED8,D0081-M02,Device-0081,MNO-B,PROFILE-6c028df3531e84479d1d
standard_rsp,486C55D0456A1496F2755E69A2DD6822,MID-AA3C5F02C4A93674A95B0D5919A6716A,D0077-M04,Device-0077,MNO-D,PROFILE-1997044cba3be8dc631b
aura_rsp,0E73632A1D3ED77AD7CCA40B9E3BA97F,IAC-329B5733B8A269933D9ABBABEE0BAA09,D0077-M04,Device-0077,MNO-D,PROFILE-1997044cba3be8dc631b
standard_rsp,EE04B59797BA69D850EBF5C646B6AC6C,MID-C76494D8FAB6497E3792D92B42673829,D0110-M02,Device-0110,MNO-B,PROFILE-b87ddf9fe9b21edf0292
aura_rsp,9DF42AEACEE9164659D8B9B9ACA7E03C,IAC-7A3E05B3D1307964DB9F70D0FF4B4F3A,D0110-M02,Device-0110,MNO-B,PROFILE-b87ddf9fe9b21edf0292
standard_rsp,E06299D78F6FD8D5D87C1FB08F400212,MID-746DC4430E96F8A7054E224FBCF15E79,D0102-M01,Device-0102,MNO-A,PROFILE-4fe18cc59e4be0123422
aura_rsp,339928EE08D6EF3E78E2CACABEC3F4ED,IAC-1399D544A7329250CD0F5B4F899BE69A,D0102-M01,Device-0102,MNO-A,PROFILE-4fe18cc59e4be0123422
standard_rsp,1C1B7A7BCF7FA8CE8B2810C177170175,MID-26791C1253CC27178773AC34F66B2DDD,D0193-M01,Device-0193,MNO-A,PROFILE-f964533e1214b390f6e1
aura_rsp,289B36E3CA764D288B4194D2F08AD5DA,IAC-DC63D30AA4A72173044F7DC85A8474A7,D0193-M01,Device-0193,MNO-A,PROFILE-f964533e1214b390f6e1
standard_rsp,D6191CFD67CDAB7D7920F7188B31576D,MID-3818A44B985F1BF29AA0F0EF6267C305,D0166-M02,Device-0166,MNO-B,PROFILE-f7bd5265457ebf7b8981
aura_rsp,9296BFFEEDF9670E80A38F70AEA84A0D,IAC-0F15199193281F31567AFF548FF789B8,D0166-M02,Device-0166,MNO-B,PROFILE-f7bd5265457ebf7b8981
standard_rsp,2AEB1807FB576DB6D513CA97C1A5B3D8,MID-53E8E2166E2794EB33DC96ABDFAA8937,D0018-M03,Device-0018,MNO-C,PROFILE-b4f54c2e3f2ad34cfef1
aura_rsp,05DA93381A92507C1B8A97F2BD676988,IAC-3EC229659BF604F5AAE06E268F8F0C6B,D0018-M03,Device-0018,MNO-C,PROFILE-b4f54c2e3f2ad34cfef1
standard_rsp,813CC48090607D70776DF4AD1C84381B,MID-A8C282C323B67E93C47B5089FDCCDBD0,D0016-M01,Device-0016,MNO-A,PROFILE-477a2e6f509a5d858d25
aura_rsp,46D68885A87DEBB57DEF7FA3D28FD678,IAC-B730138176F83D47EF293A311791EFA2,D0016-M01,Device-0016,MNO-A,PROFILE-477a2e6f509a5d858d25
standard_rsp,6E9483B9AFAC502862C321B7FC897F15,MID-C975EA9C36EED7C2405B88CBE81F6E41,D0029-M02,Device-0029,MNO-B,PROFILE-19b3579780e78556bba0
aura_rsp,3AD049886A17C9918CB5C2F849296632,IAC-7D29D5DF4462BBEA087E2AE9B02215CA,D0029-M02,Device-0029,MNO-B,PROFILE-19b3579780e78556bba0
standard_rsp,2223504EE221985A6C1E889D416BC02B,MID-8EE74D95233760324CF0BD0660DFF4F3,D0247-M03,Device-0247,MNO-C,PROFILE-fe3107d7f1d6efb4a50f
aura_rsp,4C9D17BA138B854DB8D8A35A3C9262DA,IAC-0AB857C75DA09ED11E5056558D58A021,D0247-M03,Device-0247,MNO-C,PROFILE-fe3107d7f1d6efb4a50f
standard_rsp,7381D757F426357217DE0BE191FEA418,MID-81281336B381C42DFD6FE52549ABD46D,D0205-M01,Device-0205,MNO-A,PROFILE-264925fddbdc2860258e
aura_rsp,0E5979ACCC3C260F3393A54FF93F886A,IAC-AC0772BCC84F80967F038061E7791100,D0205-M01,Device-0205,MNO-A,PROFILE-264925fddbdc2860258e
standard_rsp,C9FA777CE0143FA743D39ACDA39BE7FE,MID-CB32E3E84C534ECADFD8DEC48E7DF09E,D0208-M03,Device-0208,MNO-C,PROFILE-3e6ee540b63d97ef0e4f
aura_rsp,F6F3FA70A096A848171B7DE793904ED1,IAC-E5028FDCC632750B268EC42DAE962357,D0208-M03,Device-0208,MNO-C,PROFILE-3e6ee540b63d97ef0e4f
standard_rsp,60D0B7CD8D4AA1D69E5B963619294B2E,MID-BE6EBA2287CB9B34C1A4D65AA46FC8C5,D0116-M02,Device-0116,MNO-B,PROFILE-b407a9b9b0bbbd4c3182
aura_rsp,3475C2EBCC696646729AC829CA3AB24E,IAC-DF8DF418756EAFE8083CF197CE5DC6B1,D0116-M02,Device-0116,MNO-B,PROFILE-b407a9b9b0bbbd4c3182
standard_rsp,422253D1AC5AC37480326463517808EB,MID-37E4828523CC0374BCD410B0D9D1E736,D0083-M01,Device-0083,MNO-A,PROFILE-7128bc92fba5592db2a0
aura_rsp,2318A593A83B51763802D71D2D3BDA4D,IAC-2FB1149AD63AEBC59B7A9724F0BDC5A3,D0083-M01,Device-0083,MNO-A,PROFILE-7128bc92fba5592db2a0
standard_rsp,6ECA50F7F1169F45DE86E38668BFD627,MID-A6C7ED69820CF28913ACB93F1A3CC909,D0002-M04,Device-0002,MNO-D,PROFILE-d6bb700a3b3880f0ca78
aura_rsp,FC527F16AE441C2B3052CA596C085B34,IAC-966BF4419A9D770FFFED16C90182DCA7,D0002-M04,Device-0002,MNO-D,PROFILE-d6bb700a3b3880f0ca78
standard_rsp,016869BBAE33A308B2155A06DF40CF3A,MID-3DC5922C879A7BD64F232367AB55D99B,D0095-M04,Device-0095,MNO-D,PROFILE-399483b3a8fbacccd2c2
aura_rsp,05F5F953178D52EAA94048A685AA5795,IAC-9A27348C369AA1C9BBDAA610D76A0C2D,D0095-M04,Device-0095,MNO-D,PROFILE-399483b3a8fbacccd2c2
standard_rsp,61C659DDE997EC2F50513CECA4666A3F,MID-60DA2C04C73A80A6E8CA7D7BAED5ACFA,D0088-M01,Device-0088,MNO-A,PROFILE-fedd457708e44df0facd
aura_rsp,391266B0A4124EA07E55FD4124F3BF35,IAC-422036E211CADE6BD7792304E5A2D812,D0088-M01,Device-0088,MNO-A,PROFILE-fedd457708e44df0facd
standard_rsp,C4B1FE5D3648163253E934B568390820,MID-86F06D65BF9751D5181835DA26BA2705,D0177-M02,Device-0177,MNO-B,PROFILE-c008e938a95beb9a1467
aura_rsp,72C8F4D56B141656906656834F82FF04,IAC-23665C940F9EE5049775B3B1C5F118C0,D0177-M02,Device-0177,MNO-B,PROFILE-c008e938a95beb9a1467
standard_rsp,4052A752758C5E06C0E3AB359CD83373,MID-0EED4E9B39CEEBB4BE6D734E5B3CC793,D0120-M03,Device-0120,MNO-C,PROFILE-4e5c49eef7cc4c40e5bd
aura_rsp,E03B40736AC7704B56637CCF5D15C0D4,IAC-7A7BBC3006A93F0D8013F3036B2E0E9F,D0120-M03,Device-0120,MNO-C,PROFILE-4e5c49eef7cc4c40e5bd
standard_rsp,50EC952A2783A6B706B98140EFA97DD5,MID-4BC90BB2C61BAE18A920DEE447E0B173,D0005-M01,Device-0005,MNO-A,PROFILE-f952db1cacbd62d19392
aura_rsp,1BD12000BA6199953ED815CDC237CDF3,IAC-EAE961C488E033C7DB0881FE782D40DD,D0005-M01,Device-0005,MNO-A,PROFILE-f952db1cacbd62d19392
standard_rsp,CE896A10D9C406ACDE80E7030B276037,MID-9D8713B8FBED3708151A665833C0CD47,D0172-M03,Device-0172,MNO-C,PROFILE-fcc4d3711a2fa7858f19
aura_rsp,4637D7A4DBD13AFDEAB1D1F2E30D7490,IAC-1C12758FFD3F5ADD056A96A2E99A6187,D0172-M03,Device-0172,MNO-C,PROFILE-fcc4d3711a2fa7858f19
standard_rsp,FFDA3FF9D98756E8D4FB85F6C07B75E8,MID-D72FA4DF294523F006FBC47EA6774732,D0080-M04,Device-0080,MNO-D,PROFILE-22ec6139e9916698bcfc
aura_rsp,82C5875001A6D644A8799F2C7328933D,IAC-68CBA16D28BB7CF82A65D4701B888566,D0080-M04,Device-0080,MNO-D,PROFILE-22ec6139e9916698bcfc
standard_rsp,B5A240479670FBC0619FC53ECA086385,MID-AC1B2E479D203AFBEA080052DA099114,D0159-M02,Device-0159,MNO-B,PROFILE-a83874a7b6867288cd7b
aura_rsp,C41939312116A798B0A308E90D126B3B,IAC-ED69738FF6F5F921E4ECF5613E5E6DE6,D0159-M02,Device-0159,MNO-B,PROFILE-a83874a7b6867288cd7b
standard_rsp,99DC32509E2774DC254C9051AA7EA085,MID-B151829E646B7BBEEA31872FEA370DBC,D0125-M02,Device-0125,MNO-B,PROFILE-22b731a0adc30e9f2f42
aura_rsp,7A84BA638B4D76275B56A42A140B78D3,IAC-34412AB62403D346CD421274EADBEB96,D0125-M02,Device-0125,MNO-B,PROFILE-22b731a0adc30e9f2f42
standard_rsp,B242FDFAECAC092CBE2BFA0A1C6FA9B7,MID-0A23816C9B796F91B5E529B67A4B394B,D0144-M01,Device-0144,MNO-A,PROFILE-8814d19585911f52b8e9
aura_rsp,20A2F34EC28E30B5F8D511114BCFE763,IAC-2C5F90C11BB7CCE2CE14CAC341345E42,D0144-M01,Device-0144,MNO-A,PROFILE-8814d19585911f52b8e9
