protocol_mode,event_index,mno,order_id,test_account_id,sid,pid_h,op,order_time_unix,profile_id,profile_hash,profile_size,I_ac,authorization_kind,order_status
standard_rsp,0,MNO-D,ORDER-0AEE6E302F5D900F34A84A1F,ACCOUNT-261012a548bfaf4aea6a7f9e,aura-smdpp.test,0eed35f485d82917465ed231dadd5ff55d3b64a0e8554281bb6debe2419cf391,download,1800126140,PROFILE-885a93eba8ff15dd4cba,0eed35f485d82917465ed231dadd5ff55d3b64a0e8554281bb6debe2419cf391,12207,MID-D369E054EFA6F8C525E314B70BAA797A,matching_id,fulfilled
aura_rsp,0,MNO-D,ORDER-C9A2FB66F157B95E1D57F2E6,ACCOUNT-1a4f380ad71e4e5b1762bcb1,aura-smdpp.test,0eed35f485d82917465ed231dadd5ff55d3b64a0e8554281bb6debe2419cf391,download,1800126140,PROFILE-885a93eba8ff15dd4cba,0eed35f485d82917465ed231dadd5ff55d3b64a0e8554281bb6debe2419cf391,12207,IAC-93F77912E023198202EA237DCD45E2A9,I_ac,fulfilled
standard_rsp,1,MNO-B,ORDER-F65941377FFCCFF1C4A46D54,ACCOUNT-4fe3a96f9a14269b1a880f3e,aura-smdpp.test,2facc70ee9af92428d2eca86feccd51df64962734821d2510149fe4d738f5e10,download,1802413344,PROFILE-8e462901519f2e13c399,2facc70ee9af92428d2eca86feccd51df64962734821d2510149fe4d738f5e10,12207,MID-2E0F54408F4AB53FC6EF913F76742A2C,matching_id,fulfilled
aura_rsp,1,MNO-B,ORDER-477C5F45D9C8DA8A747FDBE2,ACCOUNT-2d63d41a7692cd647994b5ca,aura-smdpp.test,2facc70ee9af92428d2eca86feccd51df64962734821d2510149fe4d738f5e10,download,1802413344,PROFILE-8e462901519f2e13c399,2facc70ee9af92428d2eca86feccd51df64962734821d2510149fe4d738f5e10,12207,IAC-3C7F922B14CCF5C391773640590B07B7,I_ac,fulfilled
standard_rsp,2,MNO-B,ORDER-BA5819686606883D5B1CAEB3,ACCOUNT-9e9b318ec4e2ca47f54cf514,aura-smdpp.test,fe8f9f259f17910be2f1a6cabda0c5c7a619ed52c00fdc3f65652f223ad4fc51,download,1802120020,PROFILE-864ab69910015a5fee17,fe8f9f259f17910be2f1a6cabda0c5c7a619ed52c00fdc3f65652f223ad4fc51,12207,MID-9D82EC33381F7418E67C3C95D91E8A70,matching_id,fulfilled
aura_rsp,2,MNO-B,ORDER-6EB71DD80FCC3D113DD1B025,ACCOUNT-a1de6a36cd69d5c45f3b0688,aura-smdpp.test,fe8f9f259f17910be2f1a6cabda0c5c7a619ed52c00fdc3f65652f223ad4fc51,download,1802120020,PROFILE-864ab69910015a5fee17,fe8f9f259f17910be2f1a6cabda0c5c7a619ed52c00fdc3f65652f223ad4fc51,12207,IAC-A3087B6654E3237E4DE0A6F5F058B251,I_ac,fulfilled
standard_rsp,3,MNO-D,ORDER-92156F9EEB20DF17F1E029C9,ACCOUNT-c256148d7cbbce8e8b8e9f10,aura-smdpp.test,711f64b357edabbb7382e7403c308410c24cfedce4e7ed171590dc5ad82a93e4,download,1800129163,PROFILE-921b8ed9febe003d7c60,711f64b357edabbb7382e7403c308410c24cfedce4e7ed171590dc5ad82a93e4,12207,MID-5BE0255546342BFE72BC4AAC0B93639E,matching_id,fulfilled
aura_rsp,3,MNO-D,ORDER-BD82851B45A2625FC3BD8A03,ACCOUNT-a3217e96a0ad29051e895664,aura-smdpp.test,711f64b357edabbb7382e7403c308410c24cfedce4e7ed171590dc5ad82a93e4,download,1800129163,PROFILE-921b8ed9febe003d7c60,711f64b357edabbb7382e7403c308410c24cfedce4e7ed171590dc5ad82a93e4,12207,IAC-27F593CE677FC0B209E35C1675934948,I_ac,fulfilled
standard_rsp,4,MNO-C,ORDER-09681D9F525BB4F8E8D92F5F,ACCOUNT-2d4d1b5a44dfbdc9bb0b799d,aura-smdpp.test,97ca8afd79a1c6c50bf31fed83936480de682dc572da597ecc8faefae1d98594,download,1801856450,PROFILE-c2000059b77947121102,97ca8afd79a1c6c50bf31fed83936480de682dc572da597ecc8faefae1d98594,12207,MID-16EE8C381FE7E1F2A5586401794D0510,matching_id,fulfilled
aura_rsp,4,MNO-C,ORDER-C9E511F380AE45065E01A63B,ACCOUNT-faf2aac27b6e910ef5b49305,aura-smdpp.test,97ca8afd79a1c6c50bf31fed83936480de682dc572da597ecc8faefae1d98594,download,1801856450,PROFILE-c2000059b77947121102,97ca8afd79a1c6c50bf31fed83936480de682dc572da597ecc8faefae1d98594,12207,IAC-B3B43A009D0CAEC3D1A76E68474A6C1E,I_ac,fulfilled
standard_rsp,5,MNO-D,ORDER-724046CE67C448940170E853,ACCOUNT-1b8ae712d66a7b7d6c2ed520,aura-smdpp.test,87ab971563caba24ab2e92e89037073dd31a7f76e9ae7c190b9a04c70fe9e1ed,download,1801122736,PROFILE-44eea199345c705ed2b2,87ab971563caba24ab2e92e89037073dd31a7f76e9ae7c190b9a04c70fe9e1ed,12207,MID-D9C5CEB8AFAF2C844FD07A36D011DF72,matching_id,fulfilled
aura_rsp,5,MNO-D,ORDER-6BCEEF12263486FF20B9F737,ACCOUNT-6ac1978071267f1e80c1f7f3,aura-smdpp.test,87ab971563caba24ab2e92e89037073dd31a7f76e9ae7c190b9a04c70fe9e1ed,download,1801122736,PROFILE-44eea199345c705ed2b2,87ab971563caba24ab2e92e89037073dd31a7f76e9ae7c190b9a04c70fe9e1ed,12207,IAC-207D03AA4EF306E9CFA878D985E4A460,I_ac,fulfilled
standard_rsp,6,MNO-C,ORDER-117C79B5D98E5E420DB72C07,ACCOUNT-fb8c0c00e11350890e310af2,aura-smdpp.test,ea94484232d488da3e149ca6d9cc2849c8be28d565340a07abf088c772c49222,download,1800000670,PROFILE-9b93ac71fa0af7062314,ea94484232d488da3e149ca6d9cc2849c8be28d565340a07abf088c772c49222,12207,MID-CD5AFD36FCC6D929DFDFF93BFF07D29C,matching_id,fulfilled
aura_rsp,6,MNO-C,ORDER-8380224E3BDE90FB60DC029C,ACCOUNT-3a950bca7aaf4baebdb948b6,aura-smdpp.test,ea94484232d488da3e149ca6d9cc2849c8be28d565340a07abf088c772c49222,download,1800000670,PROFILE-9b93ac71fa0af7062314,ea94484232d488da3e149ca6d9cc2849c8be28d565340a07abf088c772c49222,12207,IAC-0D4478E7278427E4B9C94BA3C833EF6D,I_ac,fulfilled
standard_rsp,7,MNO-B,ORDER-186F6D56B5EC4B4083DE95CD,ACCOUNT-56e68a8184839ac62a31f9d0,aura-smdpp.test,9c9d6b0cdb7e7c1f487575f596b9f495f309c183c3eb20acb384bd432ea51b1d,download,1800902241,PROFILE-18b6bb7e4ce0dd77f58b,9c9d6b0cdb7e7c1f487575f596b9f495f309c183c3eb20acb384bd432ea51b1d,12207,MID-EB9552C0F5FD8BE186783A865EF22B53,matching_id,fulfilled
aura_rsp,7,MNO-B,ORDER-E9B87655CFE4B46878B40572,ACCOUNT-1935b048c59179d61c7c7cb7,aura-smdpp.test,9c9d6b0cdb7e7c1f487575f596b9f495f309c183c3eb20acb384bd432ea51b1d,download,1800902241,PROFILE-18b6bb7e4ce0dd77f58b,9c9d6b0cdb7e7c1f487575f596b9f495f309c183c3eb20acb384bd432ea51b1d,12207,IAC-D31E443F9F41DAC7524B19849D1E5EEB,I_ac,fulfilled
standard_rsp,8,MNO-A,ORDER-987D31A8A53881E1164B3CF9,ACCOUNT-4c2e8d69da5697c1287c0cb6,aura-smdpp.test,307fd15d2c4c0d1bec85d868268893372d5d740a53e703344c17e95107c18984,download,1801778735,PROFILE-00dd2cdad114c4d55221,307fd15d2c4c0d1bec85d868268893372d5d740a53e703344c17e95107c18984,12207,MID-7276DEF3BA18584D98AE4C39EC0A78CC,matching_id,fulfilled
aura_rsp,8,MNO-A,ORDER-D3DAD9D477711C71E7C94527,ACCOUNT-35677db3569c22372d551150,aura-smdpp.test,307fd15d2c4c0d1bec85d868268893372d5d740a53e703344c17e95107c18984,download,1801778735,PROFILE-00dd2cdad114c4d55221,307fd15d2c4c0d1bec85d868268893372d5d740a53e703344c17e95107c18984,12207,IAC-FAFD1414D6540A1C1357E11BF99EA38B,I_ac,fulfilled
standard_rsp,9,MNO-B,ORDER-2E9D15B5F8D25D6614939833,ACCOUNT-e2630e595fb624452f97b799,aura-smdpp.test,a882f9aca8b5d5a0a23445a17f767054966f82b82f73d35b0a1ca686faa6e1e2,download,1802259032,PROFILE-ecb3ce9a36e449407098,a882f9aca8b5d5a0a23445a17f767054966f82b82f73d35b0a1ca686faa6e1e2,12207,MID-45FFE92123213C0DC3034A9FFF634CA5,matching_id,fulfilled
aura_rsp,9,MNO-B,ORDER-3D3DA885AC1129EC8B037F61,ACCOUNT-a1b01b300098e37a771ad762,aura-smdpp.test,a882f9aca8b5d5a0a23445a17f767054966f82b82f73d35b0a1ca686faa6e1e2,download,1802259032,PROFILE-ecb3ce9a36e449407098,a882f9aca8b5d5a0a23445a17f767054966f82b82f73d35b0a1ca686faa6e1e2,12207,IAC-BF7C6A9221C4ECB224A8C661CA252306,I_ac,fulfilled
standard_rsp,10,MNO-B,ORDER-711CAF37EAF49DD7BA900A52,ACCOUNT-993a019bb27fe80573c313d9,aura-smdpp.test,faf3523a1433db6454966d587efa9ba8a213f45b39631b30dbf270ad18417c84,download,1802578765,PROFILE-c4da17f23318b76f5386,faf3523a1433db6454966d587efa9ba8a213f45b39631b30dbf270ad18417c84,12207,MID-88F55E8CF2E2646719BCC5F3B8294602,matching_id,fulfilled
aura_rsp,10,MNO-B,ORDER-F8847366609877837627ED2F,ACCOUNT-eea77df32a0c073a25e073c3,aura-smdpp.test,faf3523a1433db6454966d587efa9ba8a213f45b39631b30dbf270ad18417c84,download,1802578765,PROFILE-c4da17f23318b76f5386,faf3523a1433db6454966d587efa9ba8a213f45b39631b30dbf270ad18417c84,12207,IAC-CDA81B4AA58720E3E3E621B27914B2C2,I_ac,fulfilled
standard_rsp,11,MNO-B,ORDER-C3512431599FF951A29525EE,ACCOUNT-02118fbaf8f6a3ee475cc383,aura-smdpp.test,9b9866535cceb982c353334c93b63e1516fd3efbae3f7974be92422990391b71,download,1801488251,PROFILE-b5b345d12e284dcc5682,9b9866535cceb982c353334c93b63e1516fd3efbae3f7974be92422990391b71,12207,MID-9730DC48D0A68820F25EA5F7DC1EA857,matching_id,fulfilled
aura_rsp,11,MNO-B,ORDER-1CE1F40B12F496A13AA00754,ACCOUNT-43666447c7f337d20942c1ba,aura-smdpp.test,9b9866535cceb982c353334c93b63e1516fd3efbae3f7974be92422990391b71,download,1801488251,PROFILE-b5b345d12e284dcc5682,9b9866535cceb982c353334c93b63e1516fd3efbae3f7974be92422990391b71,12207,IAC-6DC575AD6095B301B93A9CBD649B4D43,I_ac,fulfilled
standard_rsp,12,MNO-C,ORDER-1DDB47452BCEF9C446E8552A,ACCOUNT-b7211c14c5b2e7d418bc30ce,aura-smdpp.test,74b43c9fe65d47f6e0dfa9a7d1d577b9eebf9c806f0010335d26502d534b3da6,download,1800465436,PROFILE-b536dad7634f2b7144a9,74b43c9fe65d47f6e0dfa9a7d1d577b9eebf9c806f0010335d26502d534b3da6,12207,MID-9FD312CE2926E0B0D20D8442C306BAB5,matching_id,fulfilled
aura_rsp,12,MNO-C,ORDER-D2982CC87174D345407737FE,ACCOUNT-214642729c2a4ab2498999ad,aura-smdpp.test,74b43c9fe65d47f6e0dfa9a7d1d577b9eebf9c806f0010335d26502d534b3da6,download,1800465436,PROFILE-b536dad7634f2b7144a9,74b43c9fe65d47f6e0dfa9a7d1d577b9eebf9c806f0010335d26502d534b3da6,12207,IAC-AC45CED38ADBF0905088E95922AA6339,I_ac,fulfilled
standard_rsp,13,MNO-A,ORDER-0F09988A1C6AB09AD5B0844D,ACCOUNT-f31dce0981e2499193ce776e,aura-smdpp.test,ccf58c60bc1f40234c91461ab6b2496f15d89e956a5d7f594fb73a12ed8cfa3a,download,1801601776,PROFILE-baec7cb7a6ecbb3e4cef,ccf58c60bc1f40234c91461ab6b2496f15d89e956a5d7f594fb73a12ed8cfa3a,12207,MID-8F32535C3BF05B414F43A2B6D4A0519F,matching_id,fulfilled
aura_rsp,13,MNO-A,ORDER-1E0CD2725C48816DA23CBF57,ACCOUNT-472904f6c87746809b87ddf7,aura-smdpp.test,ccf58c60bc1f40234c91461ab6b2496f15d89e956a5d7f594fb73a12ed8cfa3a,download,1801601776,PROFILE-baec7cb7a6ecbb3e4cef,ccf58c60bc1f40234c91461ab6b2496f15d89e956a5d7f594fb73a12ed8cfa3a,12207,IAC-2BB27963BB37930A5AA596596EB2D7BA,I_ac,fulfilled
standard_rsp,14,MNO-B,ORDER-CB4F9A93D835217A6A286475,ACCOUNT-299eac1c12becfe17c5a1afa,aura-smdpp.test,cd62907ef5cfef09296c6246cdf80ad57a93479436a3051b190220b294c26d2f,download,1800813758,PROFILE-170f8177e789f63ef9d4,cd62907ef5cfef09296c6246cdf80ad57a93479436a3051b190220b294c26d2f,12207,MID-E4B635A93DC80C00C8C56B6984466F7A,matching_id,fulfilled
aura_rsp,14,MNO-B,ORDER-EE761BCDD5DFE1211C5A3101,ACCOUNT-792131b0094b41b5ba418bab,aura-smdpp.test,cd62907ef5cfef09296c6246cdf80ad57a93479436a3051b190220b294c26d2f,download,1800813758,PROFILE-170f8177e789f63ef9d4,cd62907ef5cfef09296c6246cdf80ad57a93479436a3051b190220b294c26d2f,12207,IAC-4039F4CCBA13384458A4797314937E97,I_ac,fulfilled
standard_rsp,15,MNO-C,ORDER-C49A2BB27C3B0DF5C66B5928,ACCOUNT-cea503c72aacd16f28873cab,aura-smdpp.test,6bb806c6087c54e7ed89deb23744a0ce305f8dbc947f8b531256dfa3e86a3afb,download,1801814755,PROFILE-9e4a61288375de83dc07,6bb806c6087c54e7ed89deb23744a0ce305f8dbc947f8b531256dfa3e86a3afb,12207,MID-2E07C8FFE9B716D7F4B57456BBE61F8B,matching_id,fulfilled
aura_rsp,15,MNO-C,ORDER-C9DBD6D4D2C45212864EB634,ACCOUNT-da175bb06d50323b2b2c6d0b,aura-smdpp.test,6bb806c6087c54e7ed89deb23744a0ce305f8dbc947f8b531256dfa3e86a3afb,download,1801814755,PROFILE-9e4a61288375de83dc07,6bb806c6087c54e7ed89deb23744a0ce305f8dbc947f8b531256dfa3e86a3afb,12207,IAC-071359C773E04DA2C8363EB4487D7953,I_ac,fulfilled
standard_rsp,16,MNO-B,ORDER-A0AA76CB29897603A93EF251,ACCOUNT-82eb8e51734b1d34f24fcefc,aura-smdpp.test,dd23d3d0105e2f8af115ca28633541b8cbc747bdf1581877bae63b803cafa669,download,1801601312,PROFILE-56d33ed0551288e3b8b1,dd23d3d0105e2f8af115ca28633541b8cbc747bdf1581877bae63b803cafa669,12207,MID-72D8D75FAD339E1A31C022E1A88F6FBC,matching_id,fulfilled
aura_rsp,16,MNO-B,ORDER-19ABA93E2AC7F7ABB07ECF3C,ACCOUNT-72b37ebcc7a2a0b779449a70,aura-smdpp.test,dd23d3d0105e2f8af115ca28633541b8cbc747bdf1581877bae63b803cafa669,download,1801601312,PROFILE-56d33ed0551288e3b8b1,dd23d3d0105e2f8af115ca28633541b8cbc747bdf1581877bae63b803cafa669,12207,IAC-E8A5BAEFDD15DDBF915F98C2752BEEF6,I_ac,fulfilled
standard_rsp,17,MNO-B,ORDER-EE5DC58B6258070871AE3B9C,ACCOUNT-f05cf8b9f510efbde7605049,aura-smdpp.test,9f8a6c0890b9c27f5ac31c2f2eb3809d72838d8a7d5d86d56853e9687ae4aedd,download,1802568371,PROFILE-e09889b6a1e23cc43c37,9f8a6c0890b9c27f5ac31c2f2eb3809d72838d8a7d5d86d56853e9687ae4aedd,12207,MID-206AB9A908E76BF31D13D5C6B9C4084B,matching_id,fulfilled
aura_rsp,17,MNO-B,ORDER-1161CA40C57028B416DE8376,ACCOUNT-4bee77ffff598588d0f7af87,aura-smdpp.test,9f8a6c0890b9c27f5ac31c2f2eb3809d72838d8a7d5d86d56853e9687ae4aedd,download,1802568371,PROFILE-e09889b6a1e23cc43c37,9f8a6c0890b9c27f5ac31c2f2eb3809d72838d8a7d5d86d56853e9687ae4aedd,12207,IAC-7551CBBB63FC36E692342F6EB31BFFFE,I_ac,fulfilled
standard_rsp,18,MNO-B,ORDER-4D0D9F7834DDC9E91A721EA2,ACCOUNT-18e1204773ed604eb29a4f8a,aura-smdpp.test,dbceccb8e3b94baa453a6e43ca71b86655dcb263e94fc85439a9c7e1cbe0ae87,download,1800725448,PROFILE-02c8581a41e67e4e02ae,dbceccb8e3b94baa453a6e43ca71b86655dcb263e94fc85439a9c7e1cbe0ae87,12207,MID-A67DF420AACF21EAF94193177BB59B07,matching_id,fulfilled
aura_rsp,18,MNO-B,ORDER-A2585F30CB09F0088AB5CE5C,ACCOUNT-ae95fdb769f65b1973cc1f0f,aura-smdpp.test,dbceccb8e3b94baa453a6e43ca71b86655dcb263e94fc85439a9c7e1cbe0ae87,download,1800725448,PROFILE-02c8581a41e67e4e02ae,dbceccb8e3b94baa453a6e43ca71b86655dcb263e94fc85439a9c7e1cbe0ae87,12207,IAC-AA4884210E7FD97B7E157B644E86FDD2,I_ac,fulfilled
standard_rsp,19,MNO-B,ORDER-AE67859B31CB0740F4F38B5D,ACCOUNT-cc9a5197b26ff40232164d6e,aura-smdpp.test,f39105b4e971a25a69995e3fb84d7554f2e50b492dc10c0772f27d6072131dfb,download,1800352235,PROFILE-22a678c727760cfb85fb,f39105b4e971a25a69995e3fb84d7554f2e50b492dc10c0772f27d6072131dfb,12207,MID-914988444F985F89B246E3AF11F1BBFD,matching_id,fulfilled
aura_rsp,19,MNO-B,ORDER-EAA222662AF87DF476C56467,ACCOUNT-55a543ea2cfc16b28373140a,aura-smdpp.test,f39105b4e971a25a69995e3fb84d7554f2e50b492dc10c0772f27d6072131dfb,download,1800352235,PROFILE-22a678c727760cfb85fb,f39105b4e971a25a69995e3fb84d7554f2e50b492dc10c0772f27d6072131dfb,12207,IAC-3757783AC1CF3F26F62FD1C8336DEC64,I_ac,fulfilled
standard_rsp,20,MNO-D,ORDER-B364437E2630A5CBA77FF842,ACCOUNT-30905403091e55655112c4d4,aura-smdpp.test,9ff2638bb9f3373c4b38d4ddd282be18967765e4a41a2cbaf4cba9276b4740b2,download,1801388894,PROFILE-97c6cf0c1e2c23a288aa,9ff2638bb9f3373c4b38d4ddd282be18967765e4a41a2cbaf4cba9276b4740b2,12207,MID-57577365D6E2E652CCFF38F21E0593B8,matching_id,fulfilled
aura_rsp,20,MNO-D,ORDER-BD0AD95CDF159BE976623E7B,ACCOUNT-9d1f32ecd6719c02c25032ab,aura-smdpp.test,9ff2638bb9f3373c4b38d4ddd282be18967765e4a41a2cbaf4cba9276b4740b2,download,1801388894,PROFILE-97c6cf0c1e2c23a288aa,9ff2638bb9f3373c4b38d4ddd282be18967765e4a41a2cbaf4cba9276b4740b2,12207,IAC-1A93323EF43C0B32932CA1E05A22295E,I_ac,fulfilled
standard_rsp,21,MNO-A,ORDER-19983F506561887081D1F6EF,ACCOUNT-6ba2a85ab3bb12586ef70d50,aura-smdpp.test,3195a4094875bbb3c49a1fed8d68ef77069adadb112fbf77c7242a2892989d57,download,1800949451,PROFILE-0e2b1dbd9d9479a8631c,3195a4094875bbb3c49a1fed8d68ef77069adadb112fbf77c7242a2892989d57,12207,MID-675C4B29D0F4AE4F3291EBA01C40863A,matching_id,fulfilled
aura_rsp,21,MNO-A,ORDER-037A26B8B504A4C568EAA6A3,ACCOUNT-9b57d9ae2269c011b96f76ca,aura-smdpp.test,3195a4094875bbb3c49a1fed8d68ef77069adadb112fbf77c7242a2892989d57,download,1800949451,PROFILE-0e2b1dbd9d9479a8631c,3195a4094875bbb3c49a1fed8d68ef77069adadb112fbf77c7242a2892989d57,12207,IAC-D446E33FECC837BDFB95C9514F0157AD,I_ac,fulfilled
standard_rsp,22,MNO-C,ORDER-5BEEADAB6ABB5F1F95D69B69,ACCOUNT-20dd76a09f9995baba298885,aura-smdpp.test,53e8ff4e7e9166bcc374f89413ac24f041abb81cff8c4abcdb99650c34644919,download,1800038940,PROFILE-b96707b42cb3e6ee1a5d,53e8ff4e7e9166bcc374f89413ac24f041abb81cff8c4abcdb99650c34644919,12207,MID-8E7A686CAD0D6BA699B1835DD7E405E5,matching_id,fulfilled
aura_rsp,22,MNO-C,ORDER-47C18B54604D9CD6D4E5C84B,ACCOUNT-21e33042bc13b955d93bc091,aura-smdpp.test,53e8ff4e7e9166bcc374f89413ac24f041abb81cff8c4abcdb99650c34644919,download,1800038940,PROFILE-b96707b42cb3e6ee1a5d,53e8ff4e7e9166bcc374f89413ac24f041abb81cff8c4abcdb99650c34644919,12207,IAC-757A537F75465D1FB88D56B647105319,I_ac,fulfilled
standard_rsp,23,MNO-D,ORDER-A73E104997BD18AF6B7A1CFE,ACCOUNT-a2b2538a81ee09d86b9196c0,aura-smdpp.test,73f0e573aa90c30e34ad621db38c84dbb1682999ef0c6c848ec6109c153f281f,download,1800221854,PROFILE-3d8deb89a097866cd684,73f0e573aa90c30e34ad621db38c84dbb1682999ef0c6c848ec6109c153f281f,12207,MID-0C2474E5A3E935065FB71D40E96425EC,matching_id,fulfilled
aura_rsp,23,MNO-D,ORDER-86519393C0A7B2E40831364A,ACCOUNT-8b0029e13435bd1562890cd6,aura-smdpp.test,73f0e573aa90c30e34ad621db38c84dbb1682999ef0c6c848ec6109c153f281f,download,1800221854,PROFILE-3d8deb89a097866cd684,73f0e573aa90c30e34ad621db38c84dbb1682999ef0c6c848ec6109c153f281f,12207,IAC-E39A18C7EDEFAEA4FF58A702151E2B7F,I_ac,fulfilled
standard_rsp,24,MNO-B,ORDER-45FF0765932227271D5423C8,ACCOUNT-ed0072260eb458875dab02a2,aura-smdpp.test,fac7fb4c8cf90afd136418390f182ab7a8c45988add4562de353da02fbefd459,download,1801188547,PROFILE-7cb312c87d0552931612,fac7fb4c8cf90afd136418390f182ab7a8c45988add4562de353da02fbefd459,12207,MID-C32EB6AC3F19726E243DB22A3E2C03F6,matching_id,fulfilled
aura_rsp,24,MNO-B,ORDER-6EC15AF3B05B5E7030E00A00,ACCOUNT-43e45cb71a4a57486b7d96ed,aura-smdpp.test,fac7fb4c8cf90afd136418390f182ab7a8c45988add4562de353da02fbefd459,download,1801188547,PROFILE-7cb312c87d0552931612,fac7fb4c8cf90afd136418390f182ab7a8c45988add4562de353da02fbefd459,12207,IAC-20B39F6F0BB4E214C55D3B8C86E86BB3,I_ac,fulfilled
standard_rsp,25,MNO-B,ORDER-1E2AE963DD22248647F94930,ACCOUNT-8259e3ea934d5309e91fce93,aura-smdpp.test,aa50abd4adeb3b3e65d091cc636a2d25dec3467f8ff8fc01afe8f83e12a27e1b,download,1800426256,PROFILE-4fe8fde2ca400f105af8,aa50abd4adeb3b3e65d091cc636a2d25dec3467f8ff8fc01afe8f83e12a27e1b,12207,MID-64D32E9FEB6948FAFB91545E48D25CDB,matching_id,fulfilled
aura_rsp,25,MNO-B,ORDER-15D464FECDCA90244988D500,ACCOUNT-65b03b51137e3a61a5fd29e5,aura-smdpp.test,aa50abd4adeb3b3e65d091cc636a2d25dec3467f8ff8fc01afe8f83e12a27e1b,download,1800426256,PROFILE-4fe8fde2ca400f105af8,aa50abd4adeb3b3e65d091cc636a2d25dec3467f8ff8fc01afe8f83e12a27e1b,12207,IAC-CF21785C1CD1745A47D144139D5205EF,I_ac,fulfilled
standard_rsp,26,MNO-D,ORDER-45B25C9F75E64D4ABF6F3937,ACCOUNT-f0dc32bc4518e03c2ed055e3,aura-smdpp.test,605e004a9daa0a287a66f74da0cf471366f63433518577c74f22280954778934,download,1800519331,PROFILE-702c9ef3899a9cbc5418,605e004a9daa0a287a66f74da0cf471366f63433518577c74f22280954778934,12207,MID-D245399002C13737F56E7E4AF6420B95,matching_id,fulfilled
aura_rsp,26,MNO-D,ORDER-5036B3F3EC3CF05A6D33C090,ACCOUNT-3fe9a56dd032aafa5db9bb06,aura-smdpp.test,605e004a9daa0a287a66f74da0cf471366f63433518577c74f22280954778934,download,1800519331,PROFILE-702c9ef3899a9cbc5418,605e004a9daa0a287a66f74da0cf471366f63433518577c74f22280954778934,12207,IAC-0B27327563930A4381A02547B4D533BF,I_ac,fulfilled
standard_rsp,27,MNO-A,ORDER-18FD8EB9E0B6305F977933D9,ACCOUNT-26ef3dfee8d3ee02b8d8156b,aura-smdpp.test,b2f4fa3aed201ccfbade6ee6a1c0518f46c84e3de2ef2ae2acb5b9b570345a04,download,1800462743,PROFILE-d1c05dcc550845ed44b7,b2f4fa3aed201ccfbade6ee6a1c0518f46c84e3de2ef2ae2acb5b9b570345a04,12207,MID-5F4E43DCBC32752824B391AC656142A0,matching_id,fulfilled
aura_rsp,27,MNO-A,ORDER-83CBBD4C144BA89605D34372,ACCOUNT-8dd6a30d5e1f95bd48f03c31,aura-smdpp.test,b2f4fa3aed201ccfbade6ee6a1c0518f46c84e3de2ef2ae2acb5b9b570345a04,download,1800462743,PROFILE-d1c05dcc550845ed44b7,b2f4fa3aed201ccfbade6ee6a1c0518f46c84e3de2ef2ae2acb5b9b570345a04,12207,IAC-9124B5E93100BEBDB5C72AEAD10C1E63,I_ac,fulfilled
standard_rsp,28,MNO-A,ORDER-8D046BEDA0BAED3B4E139453,ACCOUNT-cb6f2cda93be7e15ade3d081,aura-smdpp.test,f9a43e6a458ab88add2224adf4960d9de361708f0a0357f1911de7387f12a8ed,download,1800557906,PROFILE-b567242843ca57ca975a,f9a43e6a458ab88add2224adf4960d9de361708f0a0357f1911de7387f12a8ed,12207,MID-21E4C41959B9B64BFC973C74B51F46E4,matching_id,fulfilled
aura_rsp,28,MNO-A,ORDER-7580271EBF92652171618FD9,ACCOUNT-916bd9ad2b0c9cd79f661c16,aura-smdpp.test,f9a43e6a458ab88add2224adf4960d9de361708f0a0357f1911de7387f12a8ed,download,1800557906,PROFILE-b567242843ca57ca975a,f9a43e6a458ab88add2224adf4960d9de361708f0a0357f1911de7387f12a8ed,12207,IAC-154358A93D74539E1914A992A9302EEA,I_ac,fulfilled
standard_rsp,29,MNO-A,ORDER-B2210FC8E2C505DC25D3C98C,ACCOUNT-4dd16eefbb171ddb78ae8e8d,aura-smdpp.test,3cbce5553e882e1f67c0cdc0927763bf7ade05a175b1d6e694c8730da09ef7e0,download,1800713983,PROFILE-843eab5261e2bd581821,3cbce5553e882e1f67c0cdc0927763bf7ade05a175b1d6e694c8730da09ef7e0,12207,MID-C165D0B5D3C49D37F0703C4A64BB69B9,matching_id,fulfilled
aura_rsp,29,MNO-A,ORDER-DE1303E0A1590C2A9373BDE2,ACCOUNT-09eecc5f39e4787c060ed95c,aura-smdpp.test,3cbce5553e882e1f67c0cdc0927763bf7ade05a175b1d6e694c8730da09ef7e0,download,1800713983,PROFILE-843eab5261e2bd581821,3cbce5553e882e1f67c0cdc0927763bf7ade05a175b1d6e694c8730da09ef7e0,12207,IAC-E4B8D4C6DBCCD1ED8DDA4B10DCB0BB81,I_ac,fulfilled
standard_rsp,30,MNO-C,ORDER-3FDB515495402F7A75804F34,ACCOUNT-9705eca022bb9e8832501bab,aura-smdpp.test,1fad0ef329ca73713a1249085f0780268e4cb6efaaa2485bab407eea43f28934,download,1800127035,PROFILE-2883b3bb6636890d8912,1fad0ef329ca73713a1249085f0780268e4cb6efaaa2485bab407eea43f28934,12207,MID-7C88E87718954AC6409908604C2AB6B9,matching_id,fulfilled
aura_rsp,30,MNO-C,ORDER-98B7DB29F4CC79CE682B8CB8,ACCOUNT-0aa00267fd5adcc49bd42b7c,aura-smdpp.test,1fad0ef329ca73713a1249085f0780268e4cb6efaaa2485bab407eea43f28934,download,1800127035,PROFILE-2883b3bb6636890d8912,1fad0ef329ca73713a1249085f0780268e4cb6efaaa2485bab407eea43f28934,12207,IAC-136D1809E424B3E685122628D6C0DD09,I_ac,fulfilled
standard_rsp,31,MNO-B,ORDER-324F7B771DFE9F1E9C80C41B,ACCOUNT-1ad9fe3ff8ef01c29de0c523,aura-smdpp.test,6105ef886f751368bc4668cfeec62537421c346b0c3ab948ea155e77cf02aebd,download,1801396694,PROFILE-8f804c7678bf795b8b5b,6105ef886f751368bc4668cfeec62537421c346b0c3ab948ea155e77cf02aebd,12207,MID-DE79095785BB691050FF53FCA34B5F6F,matching_id,fulfilled
aura_rsp,31,MNO-B,ORDER-231E77A624839FF5ED6B6C2B,ACCOUNT-bb812fa1eff79fd71387a0dd,aura-smdpp.test,6105ef886f751368bc4668cfeec62537421c346b0c3ab948ea155e77cf02aebd,download,1801396694,PROFILE-8f804c7678bf795b8b5b,6105ef886f751368bc4668cfeec62537421c346b0c3ab948ea155e77cf02aebd,12207,IAC-F950F9C463F9918CE5AAA564B2A4EFD6,I_ac,fulfilled
standard_rsp,32,MNO-C,ORDER-C0D612166961C0BDD3C1FE14,ACCOUNT-9e97ae5adc12f3b036ac463a,aura-smdpp.test,d9e28a605a179b89f535194a51a72bfc8372bc78258c3238124219e35f48cff0,download,1802380486,PROFILE-538ddf5ef83b9c21527c,d9e28a605a179b89f535194a51a72bfc8372bc78258c3238124219e35f48cff0,12207,MID-1831C387AF24C0FC704307B43C8B4479,matching_id,fulfilled
aura_rsp,32,MNO-C,ORDER-DDD1F16942B73A6B5B556081,ACCOUNT-04f8cfe69148190872358edf,aura-smdpp.test,d9e28a605a179b89f535194a51a72bfc8372bc78258c3238124219e35f48cff0,download,1802380486,PROFILE-538ddf5ef83b9c21527c,d9e28a605a179b89f535194a51a72bfc8372bc78258c3238124219e35f48cff0,12207,IAC-37C5B18B57D262215532DE705CB06F66,I_ac,fulfilled
standard_rsp,33,MNO-A,ORDER-0D04CD42A389ED4139BA7E44,ACCOUNT-ddcd456c00e4f5aad0fb405e,aura-smdpp.test,307bd9923e0376fe4c665841b6ecdf5086de998f07d4d4f8dc4ff5eea8cb580e,download,1802523933,PROFILE-3f760ceda23a19c1e317,307bd9923e0376fe4c665841b6ecdf5086de998f07d4d4f8dc4ff5eea8cb580e,12207,MID-4C85015418D3894440BAB8AD722312AB,matching_id,fulfilled
aura_rsp,33,MNO-A,ORDER-2B57AF7642B2C14AE6D44E1A,ACCOUNT-fffe7e7d4b33768a1811ba8b,aura-smdpp.test,307bd9923e0376fe4c665841b6ecdf5086de998f07d4d4f8dc4ff5eea8cb580e,download,1802523933,PROFILE-3f760ceda23a19c1e317,307bd9923e0376fe4c665841b6ecdf5086de998f07d4d4f8dc4ff5eea8cb580e,12207,IAC-3BE23F1C81C375C98A354034608F3874,I_ac,fulfilled
standard_rsp,34,MNO-A,ORDER-B2EAB5712FD1F0020CD8E7FD,ACCOUNT-be571c420802f2939556666e,aura-smdpp.test,3eb6bf663ab31bfd0355915217820d8ca91caada504171090c0d6c46c2785811,download,1800039237,PROFILE-954b9790c33207914af7,3eb6bf663ab31bfd0355915217820d8ca91caada504171090c0d6c46c2785811,12207,MID-D6FBA6D1D47A075127A9CFB937CF6941,matching_id,fulfilled
aura_rsp,34,MNO-A,ORDER-1574B575B58C50023B1C669C,ACCOUNT-b6b896691a6558e92cd38d85,aura-smdpp.test,3eb6bf663ab31bfd0355915217820d8ca91caada504171090c0d6c46c2785811,download,1800039237,PROFILE-954b9790c33207914af7,3eb6bf663ab31bfd0355915217820d8ca91caada504171090c0d6c46c2785811,12207,IAC-CE8472DE4108DDC85989A3F1E9B5A736,I_ac,fulfilled
standard_rsp,35,MNO-D,ORDER-19CB8D946EEADDBC17200F70,ACCOUNT-6e6efb1701d10fc601e8f9c1,aura-smdpp.test,8fd047239b27eb1e5fe0195f74a397e584737710c9e0accd44f265c4b30103a2,download,1800368047,PROFILE-5225c8fcd63a9f4ecb66,8fd047239b27eb1e5fe0195f74a397e584737710c9e0accd44f265c4b30103a2,12207,MID-8516E4DD79978F99C92BF8C350108FED,matching_id,fulfilled
aura_rsp,35,MNO-D,ORDER-CCFBFD722047D67D54EFD098,ACCOUNT-06618884fb37495d9396ce6f,aura-smdpp.test,8fd047239b27eb1e5fe0195f74a397e584737710c9e0accd44f265c4b30103a2,download,1800368047,PROFILE-5225c8fcd63a9f4ecb66,8fd047239b27eb1e5fe0195f74a397e584737710c9e0accd44f265c4b30103a2,12207,IAC-0371004EAD8415C4DF4365157078BE02,I_ac,fulfilled
standard_rsp,36,MNO-D,ORDER-6F4FF5504485F59996C4106B,ACCOUNT-bdba8c51b118d35ca86dcadd,aura-smdpp.test,85a323264f8c3d7101fe718d7e1e95d59c005ec333561932a9d8ab4f2c0a75c3,download,1802445246,PROFILE-3ecce3ef634ad1032c51,85a323264f8c3d7101fe718d7e1e95d59c005ec333561932a9d8ab4f2c0a75c3,12207,MID-661C85CAD959D6CE8DE0B6B610C02EFB,matching_id,fulfilled
aura_rsp,36,MNO-D,ORDER-0CF7DC7A3A450E915FDC90A5,ACCOUNT-499ce704df2581534934b6a0,aura-smdpp.test,85a323264f8c3d7101fe718d7e1e95d59c005ec333561932a9d8ab4f2c0a75c3,download,1802445246,PROFILE-3ecce3ef634ad1032c51,85a323264f8c3d7101fe718d7e1e95d59c005ec333561932a9d8ab4f2c0a75c3,12207,IAC-0CC2A96A2A8F4E47E1C43C45FC513687,I_ac,fulfilled
standard_rsp,37,MNO-B,ORDER-2FF9C39247A0560BB26299C2,ACCOUNT-0955dd68ef2de3f2480574b6,aura-smdpp.test,52e836c57d149636dd4c5564a0c5ab383c9a71c8535180d97226309e0e630c5f,download,1801252499,PROFILE-7d43e921592694239961,52e836c57d149636dd4c5564a0c5ab383c9a71c8535180d97226309e0e630c5f,12207,MID-4548D36DD97B34BD4D92C7958DC2F459,matching_id,fulfilled
aura_rsp,37,MNO-B,ORDER-59E6FD567119ECD0F3B2DBBF,ACCOUNT-7643ed78dd45e711e843d878,aura-smdpp.test,52e836c57d149636dd4c5564a0c5ab383c9a71c8535180d97226309e0e630c5f,download,1801252499,PROFILE-7d43e921592694239961,52e836c57d149636dd4c5564a0c5ab383c9a71c8535180d97226309e0e630c5f,12207,IAC-29ED7C7C6A5DEEC9E0F8A506F4BD828D,I_ac,fulfilled
standard_rsp,38,MNO-A,ORDER-0D15B756E84C2C9147909D1F,ACCOUNT-d169395795ce7f52c05d3b35,aura-smdpp.test,3b31940b98af8436831954873c181e2d33b93fb2720dec67e74e90fb065f8d2c,download,1800318123,PROFILE-7aefed079b12194d29c8,3b31940b98af8436831954873c181e2d33b93fb2720dec67e74e90fb065f8d2c,12207,MID-7CC5729652E890465D9466936599242A,matching_id,fulfilled
aura_rsp,38,MNO-A,ORDER-A7C00F3987101B3E748BADA1,ACCOUNT-7b840706db55ed209a15868f,aura-smdpp.test,3b31940b98af8436831954873c181e2d33b93fb2720dec67e74e90fb065f8d2c,download,1800318123,PROFILE-7aefed079b12194d29c8,3b31940b98af8436831954873c181e2d33b93fb2720dec67e74e90fb065f8d2c,12207,IAC-8E911D213A852FB37133D0936189A3F3,I_ac,fulfilled
standard_rsp,39,MNO-A,ORDER-6BD0329DB84747B61DA6D5DB,ACCOUNT-489fad890f64581c97c559b1,aura-smdpp.test,5a0aee6c124a8ecb604fed075fbafa61b19b14415afe5280464c4a837a7d0c1a,download,1801438351,PROFILE-ad08951dbd01bd195b35,5a0aee6c124a8ecb604fed075fbafa61b19b14415afe5280464c4a837a7d0c1a,12207,MID-EFE447F6B636982179F06F0F57825F0F,matching_id,fulfilled
aura_rsp,39,MNO-A,ORDER-EF26227552E2B658FDDDDF56,ACCOUNT-026342470e4c10964dbb09ae,aura-smdpp.test,5a0aee6c124a8ecb604fed075fbafa61b19b14415afe5280464c4a837a7d0c1a,download,1801438351,PROFILE-ad08951dbd01bd195b35,5a0aee6c124a8ecb604fed075fbafa61b19b14415afe5280464c4a837a7d0c1a,12207,IAC-9F8185319747A6BE95D566A46E20FF5B,I_ac,fulfilled
standard_rsp,40,MNO-B,ORDER-78716CD748460C91E19C347C,ACCOUNT-8f82d62679d8351110434155,aura-smdpp.test,1b9c8dc7eeb33d5a115c039f56351228254e3ef126d58c1aa630c74a469a3930,download,1801967040,PROFILE-c37e27b48e05139867c9,1b9c8dc7eeb33d5a115c039f56351228254e3ef126d58c1aa630c74a469a3930,12207,MID-6C388148F7BF50462912B12640089C5F,matching_id,fulfilled
aura_rsp,40,MNO-B,ORDER-10E3B025BCEDEFFCF3BE7C1B,ACCOUNT-8f6b77a3f3df05f2c89c57b7,aura-smdpp.test,1b9c8dc7eeb33d5a115c039f56351228254e3ef126d58c1aa630c74a469a3930,download,1801967040,PROFILE-c37e27b48e05139867c9,1b9c8dc7eeb33d5a115c039f56351228254e3ef126d58c1aa630c74a469a3930,12207,IAC-7536CF657239253891FA99A7241AA5E6,I_ac,fulfilled
standard_rsp,41,MNO-C,ORDER-FCAF690D69A5E2370F6DC8FB,ACCOUNT-d6e0c8d4a08e4f6afd01b758,aura-smdpp.test,82aa932e51487f2df761e2790bd94c0ce09665629f50c1a1b2ed7a10afd003c3,download,1800006066,PROFILE-cb27a4825b067898c98f,82aa932e51487f2df761e2790bd94c0ce09665629f50c1a1b2ed7a10afd003c3,12207,MID-2E53AF0F8077D65C544D500FBACB3F50,matching_id,fulfilled
aura_rsp,41,MNO-C,ORDER-034F803D703A369A84925723,ACCOUNT-4e1d42a72b0b3072b01c5281,aura-smdpp.test,82aa932e51487f2df761e2790bd94c0ce09665629f50c1a1b2ed7a10afd003c3,download,1800006066,PROFILE-cb27a4825b067898c98f,82aa932e51487f2df761e2790bd94c0ce09665629f50c1a1b2ed7a10afd003c3,12207,IAC-69215E61725D2F2FBAB17CC3C91A7814,I_ac,fulfilled
standard_rsp,42,MNO-B,ORDER-0707A38BC6F425B5C46587AD,ACCOUNT-a541b63791ddbdd0fdbb94ca,aura-smdpp.test,9a8fd7f15ae7b7712cc87a3f37540d835852dc26d60974a25329b50ff375505b,download,1801854295,PROFILE-ad6b91cf329c89e88811,9a8fd7f15ae7b7712cc87a3f37540d835852dc26d60974a25329b50ff375505b,12207,MID-5109069978D5FBEE97C95FE73B60A66F,matching_id,fulfilled
aura_rsp,42,MNO-B,ORDER-177D383C0006A28026BB95C2,ACCOUNT-38bcd664daa43dff87b3d4a1,aura-smdpp.test,9a8fd7f15ae7b7712cc87a3f37540d835852dc26d60974a25329b50ff375505b,download,1801854295,PROFILE-ad6b91cf329c89e88811,9a8fd7f15ae7b7712cc87a3f37540d835852dc26d60974a25329b50ff375505b,12207,IAC-681B9B29F68363690252A0727E14B38F,I_ac,fulfilled
standard_rsp,43,MNO-D,ORDER-177B21D04616BD46D5EE38E0,ACCOUNT-3fdd6f4bdcfcbdcb76d08c6b,aura-smdpp.test,5844f493540702fe631dfaa751e34d6746d3801b0c07112472de323cb704e888,download,1800733767,PROFILE-a62ec95661f3f3157d63,5844f493540702fe631dfaa751e34d6746d3801b0c07112472de323cb704e888,12207,MID-6579208986954510D58F165ED5C0D17E,matching_id,fulfilled
aura_rsp,43,MNO-D,ORDER-437DE1C8F9733D90E6793814,ACCOUNT-9ab8ae5e35bc5efb6fa1f420,aura-smdpp.test,5844f493540702fe631dfaa751e34d6746d3801b0c07112472de323cb704e888,download,1800733767,PROFILE-a62ec95661f3f3157d63,5844f493540702fe631dfaa751e34d6746d3801b0c07112472de323cb704e888,12207,IAC-FF8812AB2070C52CEC00943F58E0806B,I_ac,fulfilled
standard_rsp,44,MNO-D,ORDER-F9494804658AEDD69F7BE425,ACCOUNT-3484da5832fed62195615f83,aura-smdpp.test,00de97030f1655b0e19639c142093a8ab7afaa0ab9aa3cc4e5e292f6a13025de,download,1800599698,PROFILE-e95ed9ef92e640ad987d,00de97030f1655b0e19639c142093a8ab7afaa0ab9aa3cc4e5e292f6a13025de,12207,MID-F7AD6636A3808219693CCBD5508364B4,matching_id,fulfilled
aura_rsp,44,MNO-D,ORDER-EEFF1E41653F457849DD4489,ACCOUNT-8ea048d9a40930660e50b77c,aura-smdpp.test,00de97030f1655b0e19639c142093a8ab7afaa0ab9aa3cc4e5e292f6a13025de,download,1800599698,PROFILE-e95ed9ef92e640ad987d,00de97030f1655b0e19639c142093a8ab7afaa0ab9aa3cc4e5e292f6a13025de,12207,IAC-1CE5D42C312CEF0C17EAB49B391B8660,I_ac,fulfilled
standard_rsp,45,MNO-D,ORDER-7F50EEC593D25F6F7F841928,ACCOUNT-12545b778f9ed70a7079623e,aura-smdpp.test,0b78f7af96fc8bf43e6d1ad18080920a94bdd702ae92d51a9ab5caace747632c,download,1800413574,PROFILE-6d08c4d65594fdb08479,0b78f7af96fc8bf43e6d1ad18080920a94bdd702ae92d51a9ab5caace747632c,12207,MID-CE688A1FAC2E49F1F915CCAD35B56572,matching_id,fulfilled
aura_rsp,45,MNO-D,ORDER-69A6006E09019D0BE51AD023,ACCOUNT-ffcafede8ccbefaa672dfce2,aura-smdpp.test,0b78f7af96fc8bf43e6d1ad18080920a94bdd702ae92d51a9ab5caace747632c,download,1800413574,PROFILE-6d08c4d65594fdb08479,0b78f7af96fc8bf43e6d1ad18080920a94bdd702ae92d51a9ab5caace747632c,12207,IAC-53245DA22ECD349AEF54083EEF4D4F19,I_ac,fulfilled
standard_rsp,46,MNO-B,ORDER-F6CB87BE224E7919B6A048D5,ACCOUNT-a104ba35f65afb409d0c266a,aura-smdpp.test,a0488c1298bbcfb640836048a7077ba7c42e9839e8dc4853509b5075f1db5d0f,download,1802457499,PROFILE-bc484e99530fca4eac41,a0488c1298bbcfb640836048a7077ba7c42e9839e8dc4853509b5075f1db5d0f,12207,MID-F4A1C6CEC32B0DAE01FF1BD03E99A591,matching_id,fulfilled
aura_rsp,46,MNO-B,ORDER-DA48029771BAA2D4218C13BB,ACCOUNT-80efbbaa123c045796700098,aura-smdpp.test,a0488c1298bbcfb640836048a7077ba7c42e9839e8dc4853509b5075f1db5d0f,download,1802457499,PROFILE-bc484e99530fca4eac41,a0488c1298bbcfb640836048a7077ba7c42e9839e8dc4853509b5075f1db5d0f,12207,IAC-33FC74E90BDC1A1AC9685E248E8BB288,I_ac,fulfilled
standard_rsp,47,MNO-C,ORDER-23A0B9F418092B530D54D4DC,ACCOUNT-6a9b448bd5aba22ba7377f7e,aura-smdpp.test,85758e75195307cd12bf7326e644e5e164c8ce18cefc96cfaa15d938866f2e04,download,1801951821,PROFILE-39d6018d0069cc9315b7,85758e75195307cd12bf7326e644e5e164c8ce18cefc96cfaa15d938866f2e04,12207,MID-DC8126C4ADA42D1CD022CFE0D55A7CF6,matching_id,fulfilled
aura_rsp,47,MNO-C,ORDER-E1E160531B1D32FA68EF7890,ACCOUNT-7ffb378ab898512fe970c728,aura-smdpp.test,85758e75195307cd12bf7326e644e5e164c8ce18cefc96cfaa15d938866f2e04,download,1801951821,PROFILE-39d6018d0069cc9315b7,85758e75195307cd12bf7326e644e5e164c8ce18cefc96cfaa15d938866f2e04,12207,IAC-409983FA15FA31BD5B034F8BDD174A70,I_ac,fulfilled
standard_rsp,48,MNO-D,ORDER-A5316E300F8141D2DC2E0082,ACCOUNT-77e6d802c7f525c53799ec39,aura-smdpp.test,dcd42bf0e6fbbdafa8ce2e1c0425e1375606c5f66022ff3ff24a16610593c2ca,download,1801699055,PROFILE-ebb7482e9af52be6d731,dcd42bf0e6fbbdafa8ce2e1c0425e1375606c5f66022ff3ff24a16610593c2ca,12207,MID-04C8CD8F422B486D402B3C02DCE05D50,matching_id,fulfilled
aura_rsp,48,MNO-D,ORDER-5354BB2725544F525616C33B,ACCOUNT-32ea3da79d757db68f50885e,aura-smdpp.test,dcd42bf0e6fbbdafa8ce2e1c0425e1375606c5f66022ff3ff24a16610593c2ca,download,1801699055,PROFILE-ebb7482e9af52be6d731,dcd42bf0e6fbbdafa8ce2e1c0425e1375606c5f66022ff3ff24a16610593c2ca,12207,IAC-AA8E43D8E28E77A2E5C69BE55357D832,I_ac,fulfilled
standard_rsp,49,MNO-A,ORDER-6692350495DD1AA8C89F082B,ACCOUNT-ee6a697c07992cb37b84f475,aura-smdpp.test,dc8723997a037684cf815f9e4052b0a723280c98dc00f7564588bb29eac14870,download,1802572329,PROFILE-ded9bb352a075232f556,dc8723997a037684cf815f9e4052b0a723280c98dc00f7564588bb29eac14870,12207,MID-E2F4CE1641E3F23190DDCFFC45FC3688,matching_id,fulfilled
aura_rsp,49,MNO-A,ORDER-9F4A27ED8F6EAC90877F2733,ACCOUNT-e7840204c3ec00d79f683ece,aura-smdpp.test,dc8723997a037684cf815f9e4052b0a723280c98dc00f7564588bb29eac14870,download,1802572329,PROFILE-ded9bb352a075232f556,dc8723997a037684cf815f9e4052b0a723280c98dc00f7564588bb29eac14870,12207,IAC-6EF216FE7380A353C0A8AA6666AA7D61,I_ac,fulfilled
standard_rsp,50,MNO-B,ORDER-700DAB82A8D72B77CC65452B,ACCOUNT-fa4e3f2878283193ac05560a,aura-smdpp.test,8fe60f0afccf5b5077abf80e98d4cdff039a6bcff244952dcac1757ebf9c3537,download,1801851430,PROFILE-5d74d2d0e1f332f0ad50,8fe60f0afccf5b5077abf80e98d4cdff039a6bcff244952dcac1757ebf9c3537,12207,MID-18B57D13454DFC83302C8E48A3A2D96D,matching_id,fulfilled
aura_rsp,50,MNO-B,ORDER-A90380D7D9C7CD24E274E175,ACCOUNT-dda98a1bc2e9247cda0e0257,aura-smdpp.test,8fe60f0afccf5b5077abf80e98d4cdff039a6bcff244952dcac1757ebf9c3537,download,1801851430,PROFILE-5d74d2d0e1f332f0ad50,8fe60f0afccf5b5077abf80e98d4cdff039a6bcff244952dcac1757ebf9c3537,12207,IAC-8B837FDACF88800A62295148B3469482,I_ac,fulfilled
standard_rsp,51,MNO-B,ORDER-1EC5C4F0EF2968F89807C05F,ACCOUNT-884f596f20f747351fab9cbc,aura-smdpp.test,6a2493e3767e401a2d7708d2d5fb876a57cbdaf47e01790962fea8e44d717eb7,download,1800094570,PROFILE-23536f7160c3b18aeffd,6a2493e3767e401a2d7708d2d5fb876a57cbdaf47e01790962fea8e44d717eb7,12207,MID-45720CA9D5721F306669DC60895CA178,matching_id,fulfilled
aura_rsp,51,MNO-B,ORDER-231AF162D72FD79514613FA7,ACCOUNT-84bedca5653d7655e978373d,aura-smdpp.test,6a2493e3767e401a2d7708d2d5fb876a57cbdaf47e01790962fea8e44d717eb7,download,1800094570,PROFILE-23536f7160c3b18aeffd,6a2493e3767e401a2d7708d2d5fb876a57cbdaf47e01790962fea8e44d717eb7,12207,IAC-DCAAE8DC9B75D7ADBDCEBEA8D5A170B7,I_ac,fulfilled
standard_rsp,52,MNO-A,ORDER-ED9E113FE4861621C5FD6147,ACCOUNT-52ac7c851d75e8f0765c78dc,aura-smdpp.test,dc15f1b08970940415850eb5fcb35bd04aa9943e2ade5254775b4dc90e0a4d69,download,1801312352,PROFILE-5c216c90805a5964ef27,dc15f1b08970940415850eb5fcb35bd04aa9943e2ade5254775b4dc90e0a4d69,12207,MID-5EE7D3ADB633F7128D28CC4ADBFC1807,matching_id,fulfilled
aura_rsp,52,MNO-A,ORDER-29B33AC68C8355913CE69BD7,ACCOUNT-a76be373fa7868993f1f8279,aura-smdpp.test,dc15f1b08970940415850eb5fcb35bd04aa9943e2ade5254775b4dc90e0a4d69,download,1801312352,PROFILE-5c216c90805a5964ef27,dc15f1b08970940415850eb5fcb35bd04aa9943e2ade5254775b4dc90e0a4d69,12207,IAC-2BF84495593E42DFAEED652D56E8A5A7,I_ac,fulfilled
standard_rsp,53,MNO-A,ORDER-5EF58B1E42992753CE57459B,ACCOUNT-4fb9bd0d815fb2a65b33bf5d,aura-smdpp.test,f7e8250d0874e3a5022f25e7ff3fb695e42fa673309290c1270ef5f223a85d4d,download,1801264173,PROFILE-cef96f7a28ebae1f92a4,f7e8250d0874e3a5022f25e7ff3fb695e42fa673309290c1270ef5f223a85d4d,12207,MID-8977FA28A47D9A4F835A46E68EAE8FE1,matching_id,fulfilled
aura_rsp,53,MNO-A,ORDER-E1A5A505314BCD7A7B6B3DA5,ACCOUNT-2214c32e8fc012a11500a8ad,aura-smdpp.test,f7e8250d0874e3a5022f25e7ff3fb695e42fa673309290c1270ef5f223a85d4d,download,1801264173,PROFILE-cef96f7a28ebae1f92a4,f7e8250d0874e3a5022f25e7ff3fb695e42fa673309290c1270ef5f223a85d4d,12207,IAC-42D4411521847469E54F5AB5B4BC1694,I_ac,fulfilled
standard_rsp,54,MNO-B,ORDER-4B2C72F384294BC9BCC3EA0F,ACCOUNT-56fa295b874fbbc263af4e63,aura-smdpp.test,ef9951e0a9c302fe064c279ad89470a01f2cbfa9a91f2763801c819cc1385c4f,download,1800198731,PROFILE-fe299785a6c35a89a6d7,ef9951e0a9c302fe064c279ad89470a01f2cbfa9a91f2763801c819cc1385c4f,12207,MID-88AC9060C0BB737783160EDE5F1413A9,matching_id,fulfilled
aura_rsp,54,MNO-B,ORDER-E5053A590BCFA012494F38BF,ACCOUNT-6c59a018c0d731e01d848cf1,aura-smdpp.test,ef9951e0a9c302fe064c279ad89470a01f2cbfa9a91f2763801c819cc1385c4f,download,1800198731,PROFILE-fe299785a6c35a89a6d7,ef9951e0a9c302fe064c279ad89470a01f2cbfa9a91f2763801c819cc1385c4f,12207,IAC-BECD2AE3E14D872C6E40539C0D41DC56,I_ac,fulfilled
standard_rsp,55,MNO-D,ORDER-4F8F5AC3A999C80A2D80ED72,ACCOUNT-b951798add35734cb98dca1a,aura-smdpp.test,9b6516f8d54f79790eb49bc1bbea5a4c58fcd7c952c2faa881b8762af8032cf2,download,1801867072,PROFILE-4331693544ab2028376b,9b6516f8d54f79790eb49bc1bbea5a4c58fcd7c952c2faa881b8762af8032cf2,12207,MID-1AA87E828BC33D58E06C968BD4227F67,matching_id,fulfilled
aura_rsp,55,MNO-D,ORDER-5AAFC14EF145A8E378CD2A0E,ACCOUNT-68b59b4c678925026d69f396,aura-smdpp.test,9b6516f8d54f79790eb49bc1bbea5a4c58fcd7c952c2faa881b8762af8032cf2,download,1801867072,PROFILE-4331693544ab2028376b,9b6516f8d54f79790eb49bc1bbea5a4c58fcd7c952c2faa881b8762af8032cf2,12207,IAC-A47AC5B4FD12D4AE907C87BA56EE357D,I_ac,fulfilled
standard_rsp,56,MNO-D,ORDER-4C39C5C7E6BB2763B9EA42D3,ACCOUNT-c9c71388e1631ff3de8d414a,aura-smdpp.test,0ced0100680dba3d96d30dcb119e488cd975fd54033f5b2240747240e3c730f0,download,1801939795,PROFILE-85188d03b955cae07cde,0ced0100680dba3d96d30dcb119e488cd975fd54033f5b2240747240e3c730f0,12207,MID-72844349DDF640A80F3659648C3B15EB,matching_id,fulfilled
aura_rsp,56,MNO-D,ORDER-600E0BC158033EBBD7479CA7,ACCOUNT-1204bca320d9e0f3153b31c2,aura-smdpp.test,0ced0100680dba3d96d30dcb119e488cd975fd54033f5b2240747240e3c730f0,download,1801939795,PROFILE-85188d03b955cae07cde,0ced0100680dba3d96d30dcb119e488cd975fd54033f5b2240747240e3c730f0,12207,IAC-05A3B46C7D42469071C3E955533CB43C,I_ac,fulfilled
standard_rsp,57,MNO-B,ORDER-CDCF7D6812353217BCE3CC01,ACCOUNT-88e2b4f215ce2186b502ecb0,aura-smdpp.test,aa1e74fa51a91e466fc2e60e48ad2cfa491b7fef163311b894f4dcf5c0c1dfec,download,1802332563,PROFILE-d7f259d4d01085169ad6,aa1e74fa51a91e466fc2e60e48ad2cfa491b7fef163311b894f4dcf5c0c1dfec,12207,MID-05F1E8BBB5F2D07B76902CCD0016F98E,matching_id,fulfilled
aura_rsp,57,MNO-B,ORDER-8A1A5F27D6CD8AC15C1CACF9,ACCOUNT-aed283fec3639a8103d5a3a9,aura-smdpp.test,aa1e74fa51a91e466fc2e60e48ad2cfa491b7fef163311b894f4dcf5c0c1dfec,download,1802332563,PROFILE-d7f259d4d01085169ad6,aa1e74fa51a91e466fc2e60e48ad2cfa491b7fef163311b894f4dcf5c0c1dfec,12207,IAC-B189339B29352AA95D400649D1D8F8F8,I_ac,fulfilled
standard_rsp,58,MNO-D,ORDER-C197F85D382C261D848D6B19,ACCOUNT-b11a3f430764a53c17d525a7,aura-smdpp.test,03c0967dcd1244c1db026a5bc8f20ccb1f913ec46a6134594fce661f13d543d5,download,1802000931,PROFILE-68c716e21f974042c797,03c0967dcd1244c1db026a5bc8f20ccb1f913ec46a6134594fce661f13d543d5,12207,MID-5FA9B4E3F9472BFFA6A28B37FA30BDF8,matching_id,fulfilled
aura_rsp,58,MNO-D,ORDER-C5F6B4DE6D54B8B9DEB602AE,ACCOUNT-062247b5b5ddff003c8225c8,aura-smdpp.test,03c0967dcd1244c1db026a5bc8f20ccb1f913ec46a6134594fce661f13d543d5,download,1802000931,PROFILE-68c716e21f974042c797,03c0967dcd1244c1db026a5bc8f20ccb1f913ec46a6134594fce661f13d543d5,12207,IAC-96EBEF40EDAFCA3B3F8F68DBD82A4820,I_ac,fulfilled
standard_rsp,59,MNO-A,ORDER-BF4FB9B996826C490328BA64,ACCOUNT-2df4b4c1735250aefc78252b,aura-smdpp.test,2d43ba0ab1287a388dea4f57dcc7fe936e9f78b2996fff93744df4603f83b244,download,1800235538,PROFILE-c5854ecd3a60a57ad333,2d43ba0ab1287a388dea4f57dcc7fe936e9f78b2996fff93744df4603f83b244,12207,MID-B762417A549CB4035AC5A4CFCFFA5F12,matching_id,fulfilled
aura_rsp,59,MNO-A,ORDER-5E1443BE77F0071A7F2FB343,ACCOUNT-4459ac0d18534f1c55ec567e,aura-smdpp.test,2d43ba0ab1287a388dea4f57dcc7fe936e9f78b2996fff93744df4603f83b244,download,1800235538,PROFILE-c5854ecd3a60a57ad333,2d43ba0ab1287a388dea4f57dcc7fe936e9f78b2996fff93744df4603f83b244,12207,IAC-14DF4A65376CEB7334CB77DBEAE96EC0,I_ac,fulfilled
standard_rsp,60,MNO-A,ORDER-AC9F955C0EB86D171E78D4C1,ACCOUNT-041f49a44b1efbb2fb7ea42f,aura-smdpp.test,110664d77059b6cc7d68987c06565096ca899fb6fa4b9316da04fcc85a2d7ddd,download,1802200523,PROFILE-424e5d9f2c4dad365fbd,110664d77059b6cc7d68987c06565096ca899fb6fa4b9316da04fcc85a2d7ddd,12207,MID-26313E520FABD3D75A3CB06D089269CD,matching_id,fulfilled
aura_rsp,60,MNO-A,ORDER-59441A6B247DF6366D3EEA27,ACCOUNT-de1585e15908ee0b699c17e2,aura-smdpp.test,110664d77059b6cc7d68987c06565096ca899fb6fa4b9316da04fcc85a2d7ddd,download,1802200523,PROFILE-424e5d9f2c4dad365fbd,110664d77059b6cc7d68987c06565096ca899fb6fa4b9316da04fcc85a2d7ddd,12207,IAC-CB90F52E3B43A85009FDCBE7C6AEAC8F,I_ac,fulfilled
standard_rsp,61,MNO-D,ORDER-C419A4D88F68D828137FC80C,ACCOUNT-24db3731036bdf4267b2af05,aura-smdpp.test,371e45b0795efdf4eaed899c03a56dd98a39713fc0dae3ffd43237d0c51c485b,download,1800298263,PROFILE-9030c3ce8fcccf4a1fb7,371e45b0795efdf4eaed899c03a56dd98a39713fc0dae3ffd43237d0c51c485b,12207,MID-C63B2C5CF9BA5F8D8CD656BB5E1B7032,matching_id,fulfilled
aura_rsp,61,MNO-D,ORDER-53D579838C7E7BBCC3B65A13,ACCOUNT-b7e98e0fb30e3f0607a73b60,aura-smdpp.test,371e45b0795efdf4eaed899c03a56dd98a39713fc0dae3ffd43237d0c51c485b,download,1800298263,PROFILE-9030c3ce8fcccf4a1fb7,371e45b0795efdf4eaed899c03a56dd98a39713fc0dae3ffd43237d0c51c485b,12207,IAC-28A25A0837A132B3EFA07825C8734542,I_ac,fulfilled
standard_rsp,62,MNO-C,ORDER-D149DE8ACD88EE2E52CE336C,ACCOUNT-0a8a7909b30edfeb2e781908,aura-smdpp.test,8737fffe3f9e6043735bce82ed22b9f1bf0e1f3f7ccf09270bb5f406d96bd0ef,download,1801593300,PROFILE-7652d8bbc17ab1c89a4c,8737fffe3f9e6043735bce82ed22b9f1bf0e1f3f7ccf09270bb5f406d96bd0ef,12207,MID-CF96C855AD1FC168E83A67B56951502D,matching_id,fulfilled
aura_rsp,62,MNO-C,ORDER-B1CFC8A0BBC246F14ED62E3C,ACCOUNT-b387aaf957b717e12e6ae738,aura-smdpp.test,8737fffe3f9e6043735bce82ed22b9f1bf0e1f3f7ccf09270bb5f406d96bd0ef,download,1801593300,PROFILE-7652d8bbc17ab1c89a4c,8737fffe3f9e6043735bce82ed22b9f1bf0e1f3f7ccf09270bb5f406d96bd0ef,12207,IAC-E3E34098CDB523EAAB66C14045B3D407,I_ac,fulfilled
standard_rsp,63,MNO-B,ORDER-FE6B3DDB55F1CCDAE82CB2E7,ACCOUNT-8366b51ee3c7f4ee977f9074,aura-smdpp.test,65d892c1f4c15c6a2ee02423ae5849a67bc8d344353d86bae5aaa8180092a6a6,download,1801541688,PROFILE-6bdc1e005296d6890d84,65d892c1f4c15c6a2ee02423ae5849a67bc8d344353d86bae5aaa8180092a6a6,12207,MID-5938C093F51AFEFE90F761E3F08D1ED7,matching_id,fulfilled
aura_rsp,63,MNO-B,ORDER-ECA2DB57D23493959D105622,ACCOUNT-8061f62b6a43d5da775e0ddc,aura-smdpp.test,65d892c1f4c15c6a2ee02423ae5849a67bc8d344353d86bae5aaa8180092a6a6,download,1801541688,PROFILE-6bdc1e005296d6890d84,65d892c1f4c15c6a2ee02423ae5849a67bc8d344353d86bae5aaa8180092a6a6,12207,IAC-AA8FEE2AF7D815B1DC8BCC1A72BCA55B,I_ac,fulfilled
standard_rsp,64,MNO-D,ORDER-FA28C9D2DB9040A22FC84861,ACCOUNT-b6e0ecba9fb4680ab4b25c17,aura-smdpp.test,78458e39126c4537c24dacde559c34da630473b9abea75e05bd6ec96e94cf89a,download,1800081939,PROFILE-6480ba5f5b6f81952579,78458e39126c4537c24dacde559c34da630473b9abea75e05bd6ec96e94cf89a,12207,MID-CA71078CEE41544ADDB69E680D7B4E5D,matching_id,fulfilled
aura_rsp,64,MNO-D,ORDER-265CBE62B67C3E83A0EDE0BD,ACCOUNT-e608ebe9db3b2913c31ac49b,aura-smdpp.test,78458e39126c4537c24dacde559c34da630473b9abea75e05bd6ec96e94cf89a,download,1800081939,PROFILE-6480ba5f5b6f81952579,78458e39126c4537c24dacde559c34da630473b9abea75e05bd6ec96e94cf89a,12207,IAC-E63CE674447E1DFC72A57201725506F2,I_ac,fulfilled
standard_rsp,65,MNO-C,ORDER-5ED50DFBE52029C7FFCFD170,ACCOUNT-453bad04415b8f2ed5f2d4ad,aura-smdpp.test,ec287a05153bc9dfc64242b6ee58402c39a04c0229f60852450d1a42999451a1,download,1802487052,PROFILE-0fe80b7c3246f308fe92,ec287a05153bc9dfc64242b6ee58402c39a04c0229f60852450d1a42999451a1,12207,MID-1211747E33AB44293860C9F45E07231F,matching_id,fulfilled
aura_rsp,65,MNO-C,ORDER-AD6F55D33F6BAE1364348CC9,ACCOUNT-4d6398f7278d7756ac472093,aura-smdpp.test,ec287a05153bc9dfc64242b6ee58402c39a04c0229f60852450d1a42999451a1,download,1802487052,PROFILE-0fe80b7c3246f308fe92,ec287a05153bc9dfc64242b6ee58402c39a04c0229f60852450d1a42999451a1,12207,IAC-456B0F122C285F6E831C080544E89DFB,I_ac,fulfilled
standard_rsp,66,MNO-B,ORDER-D345FBC646E43AD93B7DE8AE,ACCOUNT-cce98df131402c2def7dc986,aura-smdpp.test,57a8543a92bde9ef01749bb68401c0107d9d19046c7a86eee55c5bb70fa77f54,download,1802038912,PROFILE-aab4bbf43f0e1010da16,57a8543a92bde9ef01749bb68401c0107d9d19046c7a86eee55c5bb70fa77f54,12207,MID-E5775C71E755CB2C0ADA60247E6B24C2,matching_id,fulfilled
aura_rsp,66,MNO-B,ORDER-AF3959EEBCADB544DC2EA3BE,ACCOUNT-d6ecabd355beff343e373f30,aura-smdpp.test,57a8543a92bde9ef01749bb68401c0107d9d19046c7a86eee55c5bb70fa77f54,download,1802038912,PROFILE-aab4bbf43f0e1010da16,57a8543a92bde9ef01749bb68401c0107d9d19046c7a86eee55c5bb70fa77f54,12207,IAC-C37282E90A0DE46FE16E44F86239F0A3,I_ac,fulfilled
standard_rsp,67,MNO-B,ORDER-6D092FED3704F70C08CE71DB,ACCOUNT-f686ed9c671a60971b24571c,aura-smdpp.test,d747cad50d529c7d1ab0425472696070bc8e99fc069b334faa09bce6ce7389b7,download,1800601324,PROFILE-903e44bcf04e186d43ee,d747cad50d529c7d1ab0425472696070bc8e99fc069b334faa09bce6ce7389b7,12207,MID-35AB8F4BA7E4D602FABF86724241247A,matching_id,fulfilled
aura_rsp,67,MNO-B,ORDER-FD5C24B565B16A2CA22AF89D,ACCOUNT-af6780228a4cea6e5517e718,aura-smdpp.test,d747cad50d529c7d1ab0425472696070bc8e99fc069b334faa09bce6ce7389b7,download,1800601324,PROFILE-903e44bcf04e186d43ee,d747cad50d529c7d1ab0425472696070bc8e99fc069b334faa09bce6ce7389b7,12207,IAC-5574937ADA74303CC1646C6070DDBF5A,I_ac,fulfilled
standard_rsp,68,MNO-C,ORDER-6DB059446E86627CA8FE990C,ACCOUNT-874415772105a166d41d8a5a,aura-smdpp.test,31ce97046c19bef3b0819fe2a55e7c6421b69bb5af1775b1cbe71a4faeb7c4bb,download,1802019171,PROFILE-d0ca812ba525c0270ca8,31ce97046c19bef3b0819fe2a55e7c6421b69bb5af1775b1cbe71a4faeb7c4bb,12207,MID-103AA3C050A7D3539ABFAAE0CB044858,matching_id,fulfilled
aura_rsp,68,MNO-C,ORDER-48AEFF4F3984327B67A88205,ACCOUNT-08fe9fc840ba2230d8970283,aura-smdpp.test,31ce97046c19bef3b0819fe2a55e7c6421b69bb5af1775b1cbe71a4faeb7c4bb,download,1802019171,PROFILE-d0ca812ba525c0270ca8,31ce97046c19bef3b0819fe2a55e7c6421b69bb5af1775b1cbe71a4faeb7c4bb,12207,IAC-5713CFA07E504DA78991CEA871BE14DE,I_ac,fulfilled
standard_rsp,69,MNO-A,ORDER-E2311D20CA9DE80FB5DFD2A4,ACCOUNT-9da8d8cc79bd0c795572aa64,aura-smdpp.test,dd00ffa59a56076c4224f1af22119b467682bc9f26a8b2f8345f990a71e7757e,download,1800982447,PROFILE-b9aec9973b1a4a492e42,dd00ffa59a56076c4224f1af22119b467682bc9f26a8b2f8345f990a71e7757e,12207,MID-3DD61C951B4B0779558EC78FC29D488F,matching_id,fulfilled
aura_rsp,69,MNO-A,ORDER-C9F19A39E632CF87DFF9B067,ACCOUNT-8a45ff36d59a0f32940b6e19,aura-smdpp.test,dd00ffa59a56076c4224f1af22119b467682bc9f26a8b2f8345f990a71e7757e,download,1800982447,PROFILE-b9aec9973b1a4a492e42,dd00ffa59a56076c4224f1af22119b467682bc9f26a8b2f8345f990a71e7757e,12207,IAC-7B4A5DDFD94F3AB1F321AEDA87E2A017,I_ac,fulfilled
standard_rsp,70,MNO-C,ORDER-87834C5EC95C6EFF3EB0614C,ACCOUNT-07eed47d4fe67fcbb1f79e1a,aura-smdpp.test,dd37eed75c0a7c61d3fbcdde8cc1c7feae4514e43d17ca6382f7d9442ab56662,download,1802082794,PROFILE-911f3dcfaac41d61d6b6,dd37eed75c0a7c61d3fbcdde8cc1c7feae4514e43d17ca6382f7d9442ab56662,12207,MID-F5CAD47F38CD11D0DEC84C100D560EDF,matching_id,fulfilled
aura_rsp,70,MNO-C,ORDER-657F19AAB205496963C2DC72,ACCOUNT-3171b168f5a08554d23b5fa1,aura-smdpp.test,dd37eed75c0a7c61d3fbcdde8cc1c7feae4514e43d17ca6382f7d9442ab56662,download,1802082794,PROFILE-911f3dcfaac41d61d6b6,dd37eed75c0a7c61d3fbcdde8cc1c7feae4514e43d17ca6382f7d9442ab56662,12207,IAC-E107DEB51FD1D985BA8E523EEA2737E5,I_ac,fulfilled
standard_rsp,71,MNO-D,ORDER-67F75DC5C5F7E8BB390C53B6,ACCOUNT-9264ebbdd8e7887cdc45359f,aura-smdpp.test,dac8ba91907b540ae79b0a886e9b29827b7f305eda4b314555796080f54c1543,download,1800561489,PROFILE-6be5d83fde21b9741d4e,dac8ba91907b540ae79b0a886e9b29827b7f305eda4b314555796080f54c1543,12207,MID-230CC0AC4DFDD4E1D2BEC545939B4030,matching_id,fulfilled
aura_rsp,71,MNO-D,ORDER-97F773D1C0A675332F66D39A,ACCOUNT-45bfe96e25cac3ccc82383e5,aura-smdpp.test,dac8ba91907b540ae79b0a886e9b29827b7f305eda4b314555796080f54c1543,download,1800561489,PROFILE-6be5d83fde21b9741d4e,dac8ba91907b540ae79b0a886e9b29827b7f305eda4b314555796080f54c1543,12207,IAC-ED10C8C51CED3BF050976FC2C6AEDE53,I_ac,fulfilled
standard_rsp,72,MNO-D,ORDER-24BA2802AB75F072E708E0E3,ACCOUNT-24df70b0d67853590f7b0ac1,aura-smdpp.test,e0f9c10f4609e6b70f107402764a50ef7ab4b2f29d331f92a2b94fe69e8ab479,download,1801808393,PROFILE-ab02d72f09d50bcf4258,e0f9c10f4609e6b70f107402764a50ef7ab4b2f29d331f92a2b94fe69e8ab479,12207,MID-815500EE46D16879E9E3BA895BDD656B,matching_id,fulfilled
aura_rsp,72,MNO-D,ORDER-0CD07165315E8F754CAE4FD0,ACCOUNT-64241a220e7a9a28551bcb5a,aura-smdpp.test,e0f9c10f4609e6b70f107402764a50ef7ab4b2f29d331f92a2b94fe69e8ab479,download,1801808393,PROFILE-ab02d72f09d50bcf4258,e0f9c10f4609e6b70f107402764a50ef7ab4b2f29d331f92a2b94fe69e8ab479,12207,IAC-C769A1FB6693F0F216EA909B4EE25168,I_ac,fulfilled
standard_rsp,73,MNO-A,ORDER-CC541448332A8E2FD1D39C65,ACCOUNT-f7d952680bfae6e53b715249,aura-smdpp.test,cf069dd2153047d54b2234f46f092670a1a8b216c28ea50762d0afb82b9f9612,download,1800174687,PROFILE-8b8af3a68ec9c853d95e,cf069dd2153047d54b2234f46f092670a1a8b216c28ea50762d0afb82b9f9612,12207,MID-3B1CA05749EA885686C9E4E18CD078E4,matching_id,fulfilled
aura_rsp,73,MNO-A,ORDER-D34A33EC945058399E3D8116,ACCOUNT-83bc4b4593b3aed914f76a83,aura-smdpp.test,cf069dd2153047d54b2234f46f092670a1a8b216c28ea50762d0afb82b9f9612,download,1800174687,PROFILE-8b8af3a68ec9c853d95e,cf069dd2153047d54b2234f46f092670a1a8b216c28ea50762d0afb82b9f9612,12207,IAC-6D81B72DE544ECEC2F8EF311ED83C63D,I_ac,fulfilled
standard_rsp,74,MNO-B,ORDER-5344405E6EA0C23E1ED64B95,ACCOUNT-cdd343e730dd8a6b5c123deb,aura-smdpp.test,9e5e4719329b97b568cf59c11075564ad17efce64606cebee311470724755b36,download,1801623059,PROFILE-dab6e79fc38b9a18a6c9,9e5e4719329b97b568cf59c11075564ad17efce64606cebee311470724755b36,12207,MID-AF0CE6A77430E4EEC24085F52950DE96,matching_id,fulfilled
aura_rsp,74,MNO-B,ORDER-40B541A56A1C8A493B1387F5,ACCOUNT-64c5eb7ba83b519658ff712a,aura-smdpp.test,9e5e4719329b97b568cf59c11075564ad17efce64606cebee311470724755b36,download,1801623059,PROFILE-dab6e79fc38b9a18a6c9,9e5e4719329b97b568cf59c11075564ad17efce64606cebee311470724755b36,12207,IAC-D526DBF215C21A3DC405A37186A6D6CD,I_ac,fulfilled
standard_rsp,75,MNO-C,ORDER-71EC8ABEB256F9B9C5B2D968,ACCOUNT-c44e0e694bf64b425507a901,aura-smdpp.test,49affbddba35993ff2af5e23b8c195c0f58bdf746cb7552d6da0c57a02046532,download,1802467408,PROFILE-b1ff4a6de16276d42416,49affbddba35993ff2af5e23b8c195c0f58bdf746cb7552d6da0c57a02046532,12207,MID-CA89D7235B96EEA80925D14EAA0FC3DE,matching_id,fulfilled
aura_rsp,75,MNO-C,ORDER-360240CF096BBE338F0DCDF9,ACCOUNT-5b1d9c4f7dee44fdb9936d71,aura-smdpp.test,49affbddba35993ff2af5e23b8c195c0f58bdf746cb7552d6da0c57a02046532,download,1802467408,PROFILE-b1ff4a6de16276d42416,49affbddba35993ff2af5e23b8c195c0f58bdf746cb7552d6da0c57a02046532,12207,IAC-6197309BD5B410FCD3505E915EB99EBE,I_ac,fulfilled
standard_rsp,76,MNO-C,ORDER-D583AA55D00D39261506590E,ACCOUNT-b4e45cac993ec485a3c789bb,aura-smdpp.test,3019d5ff0da25c5acee246ab84910896ff197e4e241c61576e7b810d05b39ee8,download,1800726065,PROFILE-84b0bb4df8d85c782b53,3019d5ff0da25c5acee246ab84910896ff197e4e241c61576e7b810d05b39ee8,12207,MID-69F56B72A441166C1F9B0B0DCB9B7718,matching_id,fulfilled
aura_rsp,76,MNO-C,ORDER-08F679A1796D37C0F76759FE,ACCOUNT-cc7f23b244945e1017efc77a,aura-smdpp.test,3019d5ff0da25c5acee246ab84910896ff197e4e241c61576e7b810d05b39ee8,download,1800726065,PROFILE-84b0bb4df8d85c782b53,3019d5ff0da25c5acee246ab84910896ff197e4e241c61576e7b810d05b39ee8,12207,IAC-7B0441830C14FF0FC3EC5584712FC940,I_ac,fulfilled
standard_rsp,77,MNO-B,ORDER-A0ED8A34129FC8D37E3C150A,ACCOUNT-f2d2a66ce6b5e0d9064bbd37,aura-smdpp.test,0886296900dc0c6d270080402f194e7d6f88a93c655b79a04aac91a9fdb81435,download,1800464711,PROFILE-c25842038b892616dfa1,0886296900dc0c6d270080402f194e7d6f88a93c655b79a04aac91a9fdb81435,12207,MID-B69331FBFD022B7DF165CED52CEE1C6B,matching_id,fulfilled
aura_rsp,77,MNO-B,ORDER-7DC673E7ACE8202C1EADB401,ACCOUNT-16e1850b0ea9efd259428ffe,aura-smdpp.test,0886296900dc0c6d270080402f194e7d6f88a93c655b79a04aac91a9fdb81435,download,1800464711,PROFILE-c25842038b892616dfa1,0886296900dc0c6d270080402f194e7d6f88a93c655b79a04aac91a9fdb81435,12207,IAC-6C86FD090A89277BA7CD739CC245541E,I_ac,fulfilled
standard_rsp,78,MNO-C,ORDER-43BA448B18D0A7866A915274,ACCOUNT-96b6ec333aa6a4747efb4513,aura-smdpp.test,5211319a5dd2d3f8bebc700449d6f0b016036a09eaf41a451d294c7cbbb023e0,download,1801092104,PROFILE-0276b851d4e63aa79c32,5211319a5dd2d3f8bebc700449d6f0b016036a09eaf41a451d294c7cbbb023e0,12207,MID-BF88C2B2E851C3651B8BAF85F8515A46,matching_id,fulfilled
aura_rsp,78,MNO-C,ORDER-369A8D9D07B999D9D1FB7841,ACCOUNT-bb6962bd62aecc98b19b32b3,aura-smdpp.test,5211319a5dd2d3f8bebc700449d6f0b016036a09eaf41a451d294c7cbbb023e0,download,1801092104,PROFILE-0276b851d4e63aa79c32,5211319a5dd2d3f8bebc700449d6f0b016036a09eaf41a451d294c7cbbb023e0,12207,IAC-6DD790B8EA66D937F16024CAF115B4DA,I_ac,fulfilled
standard_rsp,79,MNO-C,ORDER-F3E4814F78F58054BD9D36C1,ACCOUNT-6e1352bde0ea876b174d2901,aura-smdpp.test,326d631906dc4570eec39016235fe3fd80a08f3b4ca66551a270eefa5f9f992b,download,1800696088,PROFILE-5b0330737136e6913c16,326d631906dc4570eec39016235fe3fd80a08f3b4ca66551a270eefa5f9f992b,12207,MID-A44D7F61E5143DB61FE87C6BA36CB98B,matching_id,fulfilled
aura_rsp,79,MNO-C,ORDER-805C6F8C08657C814E8E86DA,ACCOUNT-534c13931991c517548b6ca3,aura-smdpp.test,326d631906dc4570eec39016235fe3fd80a08f3b4ca66551a270eefa5f9f992b,download,1800696088,PROFILE-5b0330737136e6913c16,326d631906dc4570eec39016235fe3fd80a08f3b4ca66551a270eefa5f9f992b,12207,IAC-3CB7E0DB60EBEE83188A09152A993E11,I_ac,fulfilled
standard_rsp,80,MNO-C,ORDER-9386B3B326AE3E015680E3B8,ACCOUNT-b8e5c8fd8f06fe36ae21817f,aura-smdpp.test,540e0b3f19e96b49e95c8820c6692129a4d0c9d942a523f4adce229736a7494f,download,1801024412,PROFILE-e39cfe88e9626e56b836,540e0b3f19e96b49e95c8820c6692129a4d0c9d942a523f4adce229736a7494f,12207,MID-F32DF5A9323D4099443EB33E725825A3,matching_id,fulfilled
aura_rsp,80,MNO-C,ORDER-89849AE7B81685DC54E6E865,ACCOUNT-faf08ed3084941bfa0d2c2b4,aura-smdpp.test,540e0b3f19e96b49e95c8820c6692129a4d0c9d942a523f4adce229736a7494f,download,1801024412,PROFILE-e39cfe88e9626e56b836,540e0b3f19e96b49e95c8820c6692129a4d0c9d942a523f4adce229736a7494f,12207,IAC-0D407B247A5CAFCCE15D9E72FD74D193,I_ac,fulfilled
standard_rsp,81,MNO-B,ORDER-F9FCC1BAEA9B826118D966DF,ACCOUNT-a3b6b26d613eeae9f84fdd30,aura-smdpp.test,5bdd6f4f8ca9f6188943e45f7b551a3869f1190dbc1bcec87bbb1e67ff7709d5,download,1801702753,PROFILE-421e1c08193d82e40a6a,5bdd6f4f8ca9f6188943e45f7b551a3869f1190dbc1bcec87bbb1e67ff7709d5,12207,MID-377BB424BADDC3CD9636EBF1CCF099BE,matching_id,fulfilled
aura_rsp,81,MNO-B,ORDER-C4B63E7AEA688368FB9B1C15,ACCOUNT-f7412dd8384f1fc6c4be1693,aura-smdpp.test,5bdd6f4f8ca9f6188943e45f7b551a3869f1190dbc1bcec87bbb1e67ff7709d5,download,1801702753,PROFILE-421e1c08193d82e40a6a,5bdd6f4f8ca9f6188943e45f7b551a3869f1190dbc1bcec87bbb1e67ff7709d5,12207,IAC-1F0270858320511BB4C816B3D37B6BCB,I_ac,fulfilled
standard_rsp,82,MNO-C,ORDER-72382F4946FAE0440B5FB0A1,ACCOUNT-a033edb84bc4ec94980487df,aura-smdpp.test,c13cf9718a36f1b11dde0965fee08090d5cd5c1d62bba773d121c4010f7df94a,download,1802147060,PROFILE-29f2123330838d5ec5a1,c13cf9718a36f1b11dde0965fee08090d5cd5c1d62bba773d121c4010f7df94a,12207,MID-2CE194AFAC8CDF171137FF29DA9FC285,matching_id,fulfilled
aura_rsp,82,MNO-C,ORDER-D80310E8EB1429F0CBBA8CDD,ACCOUNT-ddfb338b3b3deb22fe7c9336,aura-smdpp.test,c13cf9718a36f1b11dde0965fee08090d5cd5c1d62bba773d121c4010f7df94a,download,1802147060,PROFILE-29f2123330838d5ec5a1,c13cf9718a36f1b11dde0965fee08090d5cd5c1d62bba773d121c4010f7df94a,12207,IAC-6127FB963EC8C2E0CA94C8DB78AC7C49,I_ac,fulfilled
standard_rsp,83,MNO-B,ORDER-0EB07F2717C94AB3FFD0EA13,ACCOUNT-926dbec6ba8bbbd1a234d77e,aura-smdpp.test,c611ac07dd8f297dc6986678972ebe438abee6f40cc29cbe20229a6cdc9ced88,download,1802546186,PROFILE-fd326a662292bc7eae4f,c611ac07dd8f297dc6986678972ebe438abee6f40cc29cbe20229a6cdc9ced88,12207,MID-F3A926176A7133D1264C305EA1CD3FA4,matching_id,fulfilled
aura_rsp,83,MNO-B,ORDER-11B29B146B05380AFB49571C,ACCOUNT-6dfd2eb99c664007b8227ea2,aura-smdpp.test,c611ac07dd8f297dc6986678972ebe438abee6f40cc29cbe20229a6cdc9ced88,download,1802546186,PROFILE-fd326a662292bc7eae4f,c611ac07dd8f297dc6986678972ebe438abee6f40cc29cbe20229a6cdc9ced88,12207,IAC-D5F9EBBDDF415701ED2A56AF15706C4A,I_ac,fulfilled
standard_rsp,84,MNO-C,ORDER-E3261ECDD3A0360656B55C1B,ACCOUNT-93fb9d774b0d3ffeaac97b88,aura-smdpp.test,b77068e3475e88aa134e8b28fd593c753c28e80069cb7e879dae451d7c8dfa22,download,1800894172,PROFILE-d34ac5ceb2ce480da101,b77068e3475e88aa134e8b28fd593c753c28e80069cb7e879dae451d7c8dfa22,12207,MID-D1158A32473B0455C7AAA4DB50F901C1,matching_id,fulfilled
aura_rsp,84,MNO-C,ORDER-AE64591B8BBD644961AF1898,ACCOUNT-2dc8f6fa69d11097b0abb06b,aura-smdpp.test,b77068e3475e88aa134e8b28fd593c753c28e80069cb7e879dae451d7c8dfa22,download,1800894172,PROFILE-d34ac5ceb2ce480da101,b77068e3475e88aa134e8b28fd593c753c28e80069cb7e879dae451d7c8dfa22,12207,IAC-E775D1AE8BBBB8F709C302441A061AA4,I_ac,fulfilled
standard_rsp,85,MNO-C,ORDER-3A0FEA2B34A45AEA13E508B9,ACCOUNT-77dd8abe225b9960e6c47134,aura-smdpp.test,9acc98d5bb74bae679897a811ba9515fddae8fc47db064db3c9dac69e61c9d0e,download,1800478902,PROFILE-df7430ec0deba1771d40,9acc98d5bb74bae679897a811ba9515fddae8fc47db064db3c9dac69e61c9d0e,12207,MID-D501A2321099F4A337D049645A6D3E28,matching_id,fulfilled
aura_rsp,85,MNO-C,ORDER-2A3535E756FDEB04BFAD0EF1,ACCOUNT-b37fb5f326f0001fba7a0731,aura-smdpp.test,9acc98d5bb74bae679897a811ba9515fddae8fc47db064db3c9dac69e61c9d0e,download,1800478902,PROFILE-df7430ec0deba1771d40,9acc98d5bb74bae679897a811ba9515fddae8fc47db064db3c9dac69e61c9d0e,12207,IAC-24F39965EDEFB82F927A6DD1B36EB32C,I_ac,fulfilled
standard_rsp,86,MNO-C,ORDER-706A7251BAD227DB3CE874C1,ACCOUNT-4d23547f6098950698b47952,aura-smdpp.test,fa6e2bb48badb15bac815ecfa3d4125685b7026a69270893f7d178bb5481b0af,download,1801883826,PROFILE-3aeb80c8b0a00f196b4b,fa6e2bb48badb15bac815ecfa3d4125685b7026a69270893f7d178bb5481b0af,12207,MID-4CCD00A2BA4F32A7734664ED0E2DE7C2,matching_id,fulfilled
aura_rsp,86,MNO-C,ORDER-417DA42552A73216BE3C0B8E,ACCOUNT-1572eef3d2f816a0b040cdd7,aura-smdpp.test,fa6e2bb48badb15bac815ecfa3d4125685b7026a69270893f7d178bb5481b0af,download,1801883826,PROFILE-3aeb80c8b0a00f196b4b,fa6e2bb48badb15bac815ecfa3d4125685b7026a69270893f7d178bb5481b0af,12207,IAC-D8B34BB617EF810536270C577192FCA0,I_ac,fulfilled
standard_rsp,87,MNO-D,ORDER-FAB63CB8E95BA9EF914818CE,ACCOUNT-2cc0ef4d4add6d1a115caa08,aura-smdpp.test,177eefb1d1f3b20ba4afcb9e60be4e5f059e93a601edd86e62de7c234cb66acc,download,1801486691,PROFILE-e3273d1589ba443ccdf2,177eefb1d1f3b20ba4afcb9e60be4e5f059e93a601edd86e62de7c234cb66acc,12207,MID-B5E2110E7F87DC4D513C7279EBF6C1A7,matching_id,fulfilled
aura_rsp,87,MNO-D,ORDER-275F63ADBD6B4CE3150FB0A7,ACCOUNT-c0eb16c4f481e7e4432911cc,aura-smdpp.test,177eefb1d1f3b20ba4afcb9e60be4e5f059e93a601edd86e62de7c234cb66acc,download,1801486691,PROFILE-e3273d1589ba443ccdf2,177eefb1d1f3b20ba4afcb9e60be4e5f059e93a601edd86e62de7c234cb66acc,12207,IAC-5A16F75932317C01A1EF089125DE7045,I_ac,fulfilled
standard_rsp,88,MNO-A,ORDER-B94943E85DE8A7FCE428CC97,ACCOUNT-5dbf33d8233f567ce547f101,aura-smdpp.test,d5422297dcb0e42e74d2d98d222b7b75432237a105bc172d466fbf48f3756f00,download,1802517160,PROFILE-ee3725b3ce875ca0be13,d5422297dcb0e42e74d2d98d222b7b75432237a105bc172d466fbf48f3756f00,12207,MID-CF53E7C455ACFDE12726F8E10AEE130B,matching_id,fulfilled
aura_rsp,88,MNO-A,ORDER-6579E1DDF66B98933ADBC9E5,ACCOUNT-18b8863032d645c9ea1bcbb6,aura-smdpp.test,d5422297dcb0e42e74d2d98d222b7b75432237a105bc172d466fbf48f3756f00,download,1802517160,PROFILE-ee3725b3ce875ca0be13,d5422297dcb0e42e74d2d98d222b7b75432237a105bc172d466fbf48f3756f00,12207,IAC-6D408CFEED9057437FBAAB5C58FE70F8,I_ac,fulfilled
standard_rsp,89,MNO-C,ORDER-E038274C148E56ADEF4E0BC2,ACCOUNT-fa9a30a81c156718ddee3b50,aura-smdpp.test,1647e576460172341b31885f77d9dfc51c3a1043ac4394deb52f4162fc02535d,download,1800128242,PROFILE-4bf66e6d35986ee64165,1647e576460172341b31885f77d9dfc51c3a1043ac4394deb52f4162fc02535d,12207,MID-241D2B3766B75B74FF1CE2864803927B,matching_id,fulfilled
aura_rsp,89,MNO-C,ORDER-8F3708CBB4BECDEBC7781A12,ACCOUNT-443a56c78c8c28dca6168027,aura-smdpp.test,1647e576460172341b31885f77d9dfc51c3a1043ac4394deb52f4162fc02535d,download,1800128242,PROFILE-4bf66e6d35986ee64165,1647e576460172341b31885f77d9dfc51c3a1043ac4394deb52f4162fc02535d,12207,IAC-88277393B19230A852E7F89B9FA2A57A,I_ac,fulfilled
standard_rsp,90,MNO-C,ORDER-10BEDBFED6DD100445F613B7,ACCOUNT-eb2accdb8ed25da7975b2e7c,aura-smdpp.test,de5e32cc0ac0aea2d04e09f585f1155aa6e8ce01354c9a7efb7e38844091b78f,download,1802519132,PROFILE-1b145a671a1b78e573e6,de5e32cc0ac0aea2d04e09f585f1155aa6e8ce01354c9a7efb7e38844091b78f,12207,MID-0F165B1567879F529CF672BDB41FF857,matching_id,fulfilled
aura_rsp,90,MNO-C,ORDER-3A785B088D4A94DA7841F8A5,ACCOUNT-d3a8d834bfcd26cdbd39e492,aura-smdpp.test,de5e32cc0ac0aea2d04e09f585f1155aa6e8ce01354c9a7efb7e38844091b78f,download,1802519132,PROFILE-1b145a671a1b78e573e6,de5e32cc0ac0aea2d04e09f585f1155aa6e8ce01354c9a7efb7e38844091b78f,12207,IAC-7380F3C0A8E0DCC9053F45BED4825C89,I_ac,fulfilled
standard_rsp,91,MNO-D,ORDER-E52713AC1EDF8C7AF04CCC51,ACCOUNT-f8880c9764c7dbe72e8c9619,aura-smdpp.test,cd01892359e4e051e12b4d22c3d3733decb904b32243e2693e06dd64f7b3c30b,download,1801383183,PROFILE-c3b94abdaed6d5070746,cd01892359e4e051e12b4d22c3d3733decb904b32243e2693e06dd64f7b3c30b,12207,MID-67760B4AC8D437CEC544330DE52B4423,matching_id,fulfilled
aura_rsp,91,MNO-D,ORDER-FD8B85252F2BF02443610E21,ACCOUNT-1eac85fb6986318da0f59b32,aura-smdpp.test,cd01892359e4e051e12b4d22c3d3733decb904b32243e2693e06dd64f7b3c30b,download,1801383183,PROFILE-c3b94abdaed6d5070746,cd01892359e4e051e12b4d22c3d3733decb904b32243e2693e06dd64f7b3c30b,12207,IAC-D6BCE3289BC5665AABA76F09126D596B,I_ac,fulfilled
standard_rsp,92,MNO-D,ORDER-E6AD0F047D6D4BEFB6604C72,ACCOUNT-b428376ae15f8d19446e301c,aura-smdpp.test,926f3ebdd7f1e28814c8160193b3bf3e05f85da5ed32168ed5d8ff348ac226ae,download,1801690339,PROFILE-d6a874c68dc1f8e612da,926f3ebdd7f1e28814c8160193b3bf3e05f85da5ed32168ed5d8ff348ac226ae,12207,MID-D31ADDF2CC9D541B8EF6A30EEFF61DF8,matching_id,fulfilled
aura_rsp,92,MNO-D,ORDER-51579109E6D9B4A2D25E712A,ACCOUNT-93ec6b6be57fcbf562b6ba2a,aura-smdpp.test,926f3ebdd7f1e28814c8160193b3bf3e05f85da5ed32168ed5d8ff348ac226ae,download,1801690339,PROFILE-d6a874c68dc1f8e612da,926f3ebdd7f1e28814c8160193b3bf3e05f85da5ed32168ed5d8ff348ac226ae,12207,IAC-B62E036D5C1B84B7DFEE4EC7893B44E5,I_ac,fulfilled
standard_rsp,93,MNO-C,ORDER-22A5E41DFF83868B5100DEB0,ACCOUNT-b44c07b79b41046e4de9d999,aura-smdpp.test,2d020a7c7963d1f29e60374f01e15f106fc0b1e44f2c42fa881e43622571ce2e,download,1802147414,PROFILE-97ee1bd1f22170b09dc5,2d020a7c7963d1f29e60374f01e15f106fc0b1e44f2c42fa881e43622571ce2e,12207,MID-A906235C543E52F26A4CCC410388C1A7,matching_id,fulfilled
aura_rsp,93,MNO-C,ORDER-D0F1D384D048CA55BE18FC94,ACCOUNT-6f35d58d53dd152ecf6b7adf,aura-smdpp.test,2d020a7c7963d1f29e60374f01e15f106fc0b1e44f2c42fa881e43622571ce2e,download,1802147414,PROFILE-97ee1bd1f22170b09dc5,2d020a7c7963d1f29e60374f01e15f106fc0b1e44f2c42fa881e43622571ce2e,12207,IAC-C2359D69DC7EA9042378DC71474FB38A,I_ac,fulfilled
standard_rsp,94,MNO-A,ORDER-1F514DB23A7A5D9A2E6E1046,ACCOUNT-b2165e371502e66d80887486,aura-smdpp.test,085e38199309bda2afb596c0493eb0146b8e8a62c2cd5a3e280cab3214071692,download,1801420273,PROFILE-a79300564be4cea33bf1,085e38199309bda2afb596c0493eb0146b8e8a62c2cd5a3e280cab3214071692,12207,MID-7BC306020B18B2266FA6B3343FDC9494,matching_id,fulfilled
aura_rsp,94,MNO-A,ORDER-E05E6B0C117F575492B6EBD5,ACCOUNT-6c5f016359d1439fd0b8e1b1,aura-smdpp.test,085e38199309bda2afb596c0493eb0146b8e8a62c2cd5a3e280cab3214071692,download,1801420273,PROFILE-a79300564be4cea33bf1,085e38199309bda2afb596c0493eb0146b8e8a62c2cd5a3e280cab3214071692,12207,IAC-F92F2A8CC3406AA0669B9AD08D4CFAE6,I_ac,fulfilled
standard_rsp,95,MNO-A,ORDER-5D63A82E8B5E544B854F163A,ACCOUNT-57c930cd77340bd6477acb72,aura-smdpp.test,cd4c2049707e0a10364fd9373bd0bd1cefd9c3a471ce4427bb6dc15c4c1bb434,download,1800702801,PROFILE-bff5dd4af96bf69b8172,cd4c2049707e0a10364fd9373bd0bd1cefd9c3a471ce4427bb6dc15c4c1bb434,12207,MID-94F7209E1110625C8D94EE6899DCE42A,matching_id,fulfilled
aura_rsp,95,MNO-A,ORDER-909D762956420959236B62C0,ACCOUNT-f2c1579d0a6580789a85faff,aura-smdpp.test,cd4c2049707e0a10364fd9373bd0bd1cefd9c3a471ce4427bb6dc15c4c1bb434,download,1800702801,PROFILE-bff5dd4af96bf69b8172,cd4c2049707e0a10364fd9373bd0bd1cefd9c3a471ce4427bb6dc15c4c1bb434,12207,IAC-BE45271BC930348EFE43A9E883E61969,I_ac,fulfilled
standard_rsp,96,MNO-D,ORDER-4F3B7F0C3CBCF4B9DD621F50,ACCOUNT-9de1ba0bf29bfa14fa851068,aura-smdpp.test,39442bb023e959ec665880d473c93b60aabcbac0f5578e980b80babfa09510dc,download,1802411945,PROFILE-f6d3417aa49be38e71eb,39442bb023e959ec665880d473c93b60aabcbac0f5578e980b80babfa09510dc,12207,MID-BF6E20DB41E6ED6CE35F40773B00B846,matching_id,fulfilled
aura_rsp,96,MNO-D,ORDER-53BD4FEF1B49FD20122E97BA,ACCOUNT-cb23d229e99bde9fa1e9c09c,aura-smdpp.test,39442bb023e959ec665880d473c93b60aabcbac0f5578e980b80babfa09510dc,download,1802411945,PROFILE-f6d3417aa49be38e71eb,39442bb023e959ec665880d473c93b60aabcbac0f5578e980b80babfa09510dc,12207,IAC-BD6565DB59E2CDA33B7BA151D2F4520A,I_ac,fulfilled
standard_rsp,97,MNO-A,ORDER-5272A384C68B49A97D64BB2A,ACCOUNT-44627eb9b882aa68a96d8911,aura-smdpp.test,efe23e6821a1d4e48f6e8b030738bd5cd1c0f09f322cdc6ed4729597b2e37786,download,1802197780,PROFILE-38c829afaf48d7e8d510,efe23e6821a1d4e48f6e8b030738bd5cd1c0f09f322cdc6ed4729597b2e37786,12207,MID-CDE223902BCD3E69C1032948BC0288F4,matching_id,fulfilled
aura_rsp,97,MNO-A,ORDER-4AB8DC4E29AAC0624993356B,ACCOUNT-e28fb2660a61b50abc399446,aura-smdpp.test,efe23e6821a1d4e48f6e8b030738bd5cd1c0f09f322cdc6ed4729597b2e37786,download,1802197780,PROFILE-38c829afaf48d7e8d510,efe23e6821a1d4e48f6e8b030738bd5cd1c0f09f322cdc6ed4729597b2e37786,12207,IAC-C526B5D9E110600885B354B9C9598075,I_ac,fulfilled
standard_rsp,98,MNO-B,ORDER-6DB4EDCDAD3D21F2DAE8897A,ACCOUNT-703d174d72f6a2bb51591551,aura-smdpp.test,b64144428b0e516b192de7d934f04196f5550a90a3521509e0a43ca15d2a1ddf,download,1800658542,PROFILE-8ffc1d5f8093305b65c4,b64144428b0e516b192de7d934f04196f5550a90a3521509e0a43ca15d2a1ddf,12207,MID-D6DCC4BAF0BFF934697BC134BBAF0B07,matching_id,fulfilled
aura_rsp,98,MNO-B,ORDER-6D405203C3CA54EB9D2222DF,ACCOUNT-c9b0dc0915ecc16d2c6d02c2,aura-smdpp.test,b64144428b0e516b192de7d934f04196f5550a90a3521509e0a43ca15d2a1ddf,download,1800658542,PROFILE-8ffc1d5f8093305b65c4,b64144428b0e516b192de7d934f04196f5550a90a3521509e0a43ca15d2a1ddf,12207,IAC-B8C6D0DF4C870A87FF109F7CD3171F44,I_ac,fulfilled
standard_rsp,99,MNO-B,ORDER-A1EC0C7CA9C71B8BDE0D4CC3,ACCOUNT-7f4d77b2bab26cf5212a3bbd,aura-smdpp.test,a36323bcd1aeeab6f5ff6c44b7469bc3e05a1301246641b2b68c701afdfda5e3,download,1802091819,PROFILE-cbfd3693ae675d6aaa28,a36323bcd1aeeab6f5ff6c44b7469bc3e05a1301246641b2b68c701afdfda5e3,12207,MID-C1481625BB0BC999FC0FF5686248B48B,matching_id,fulfilled
aura_rsp,99,MNO-B,ORDER-83F3D5B2087E34E7DB57E494,ACCOUNT-b62ab76236b1631716b8b123,aura-smdpp.test,a36323bcd1aeeab6f5ff6c44b7469bc3e05a1301246641b2b68c701afdfda5e3,download,1802091819,PROFILE-cbfd3693ae675d6aaa28,a36323bcd1aeeab6f5ff6c44b7469bc3e05a1301246641b2b68c701afdfda5e3,12207,IAC-80185A43FA301D10801965CB7A48797F,I_ac,fulfilled
standard_rsp,100,MNO-B,ORDER-31B35E2B3A7F1815748D29CC,ACCOUNT-deaf25e75c1a7f0065b78265,aura-smdpp.test,5deca2b4f127dda8c1c086a29c2cb29f24e7c9f7308dc731b37e0b605e2733f2,download,1800980676,PROFILE-3539ec149f5bbab10d64,5deca2b4f127dda8c1c086a29c2cb29f24e7c9f7308dc731b37e0b605e2733f2,12207,MID-B493F3A0D038F527CEC87D00B6235081,matching_id,fulfilled
aura_rsp,100,MNO-B,ORDER-30C3CC3AF2857D6E4BBC4B5F,ACCOUNT-5c674381fade44c6ac78ec82,aura-smdpp.test,5deca2b4f127dda8c1c086a29c2cb29f24e7c9f7308dc731b37e0b605e2733f2,download,1800980676,PROFILE-3539ec149f5bbab10d64,5deca2b4f127dda8c1c086a29c2cb29f24e7c9f7308dc731b37e0b605e2733f2,12207,IAC-0452017247451635C6C17DDA4C260ECE,I_ac,fulfilled
standard_rsp,101,MNO-D,ORDER-9AF1E92054A814C53A5487FD,ACCOUNT-1511ab89c131464a36bb4e46,aura-smdpp.test,3ae2a0de3ac92907f7214784d2356a427c809897b768abddc9cdd523751439b1,download,1800239292,PROFILE-af50fc4b2fb43f056260,3ae2a0de3ac92907f7214784d2356a427c809897b768abddc9cdd523751439b1,12207,MID-DF3A10C8717940654DC812313FCDF017,matching_id,fulfilled
aura_rsp,101,MNO-D,ORDER-A8C2FBAD11F90FBB6B207227,ACCOUNT-0765edb0b05f0d646e228305,aura-smdpp.test,3ae2a0de3ac92907f7214784d2356a427c809897b768abddc9cdd523751439b1,download,1800239292,PROFILE-af50fc4b2fb43f056260,3ae2a0de3ac92907f7214784d2356a427c809897b768abddc9cdd523751439b1,12207,IAC-B20A11666F8BC6280D34D900D456B509,I_ac,fulfilled
standard_rsp,102,MNO-A,ORDER-A93B3294B2D2A2AD7899BBBD,ACCOUNT-05a1a7bb2faf84586048f600,aura-smdpp.test,c19cd1be42338d5da2b9805305c26b6dd8901b4a2d31d0d07c7fd71b8d96b22b,download,1801605313,PROFILE-5439d4ae93a02e3d0284,c19cd1be42338d5da2b9805305c26b6dd8901b4a2d31d0d07c7fd71b8d96b22b,12207,MID-BA984347A09191486D4E8866158F6A75,matching_id,fulfilled
aura_rsp,102,MNO-A,ORDER-66B720D89718971CC38E98B9,ACCOUNT-a33441e24acfe2c01ad9da53,aura-smdpp.test,c19cd1be42338d5da2b9805305c26b6dd8901b4a2d31d0d07c7fd71b8d96b22b,download,1801605313,PROFILE-5439d4ae93a02e3d0284,c19cd1be42338d5da2b9805305c26b6dd8901b4a2d31d0d07c7fd71b8d96b22b,12207,IAC-C6A1182C2FE48416BDC7C163561FF08B,I_ac,fulfilled
standard_rsp,103,MNO-C,ORDER-AC7E95B69E8BBAC1DE2F546C,ACCOUNT-41f69f33cdc4d104b41630e5,aura-smdpp.test,728db5e39cf09f4557f3f903d3cf5a7f16654ede54388c99c30c9b7b0144dd1a,download,1802134006,PROFILE-0ad210a5d7c6595e1570,728db5e39cf09f4557f3f903d3cf5a7f16654ede54388c99c30c9b7b0144dd1a,12207,MID-792E7DD8CA594A4BC1F7176F1AB588BA,matching_id,fulfilled
aura_rsp,103,MNO-C,ORDER-9FD8DF97191D02B2457B5090,ACCOUNT-7a324730bf595ca4520cfb7e,aura-smdpp.test,728db5e39cf09f4557f3f903d3cf5a7f16654ede54388c99c30c9b7b0144dd1a,download,1802134006,PROFILE-0ad210a5d7c6595e1570,728db5e39cf09f4557f3f903d3cf5a7f16654ede54388c99c30c9b7b0144dd1a,12207,IAC-185622B6275DD0B77C9D581CD9BFED21,I_ac,fulfilled
standard_rsp,104,MNO-A,ORDER-8E6154B19117E729A2C31AAB,ACCOUNT-368e661154ba2e15357cfe8d,aura-smdpp.test,e6e4e9a08316f68a255c26205ca3718950496e816b7ca8eae137d83c637ba6c6,download,1801564270,PROFILE-6a82627c4507a8daa90f,e6e4e9a08316f68a255c26205ca3718950496e816b7ca8eae137d83c637ba6c6,12207,MID-A2FCC3F96891C84DD9099EE5CC85928B,matching_id,fulfilled
aura_rsp,104,MNO-A,ORDER-1B740BE8DEC32DCA8A6B5483,ACCOUNT-f52909016176486e006028cb,aura-smdpp.test,e6e4e9a08316f68a255c26205ca3718950496e816b7ca8eae137d83c637ba6c6,download,1801564270,PROFILE-6a82627c4507a8daa90f,e6e4e9a08316f68a255c26205ca3718950496e816b7ca8eae137d83c637ba6c6,12207,IAC-CC85363D2646CD503392BAA45C71F1B9,I_ac,fulfilled
standard_rsp,105,MNO-C,ORDER-3FF2A5764E74739F04584E55,ACCOUNT-3e6e6055a610b44422628f22,aura-smdpp.test,c438af2925f9a4920a0aa1c49e92f29a5f591e738ef790201d66bf8ec6321bbd,download,1801055944,PROFILE-50db5a169aba2dce1808,c438af2925f9a4920a0aa1c49e92f29a5f591e738ef790201d66bf8ec6321bbd,12207,MID-EABD10278FCC1A4B978A1055602FEEFC,matching_id,fulfilled
aura_rsp,105,MNO-C,ORDER-11E2EC311201CEE4DF3682E4,ACCOUNT-966ca782d91df12e698f7b6e,aura-smdpp.test,c438af2925f9a4920a0aa1c49e92f29a5f591e738ef790201d66bf8ec6321bbd,download,1801055944,PROFILE-50db5a169aba2dce1808,c438af2925f9a4920a0aa1c49e92f29a5f591e738ef790201d66bf8ec6321bbd,12207,IAC-F3362FADC9E58357A97705D3AF4328F6,I_ac,fulfilled
standard_rsp,106,MNO-A,ORDER-B73621ECC3789B08D0EC0141,ACCOUNT-a71b487760272db0ef4606f9,aura-smdpp.test,0ccb5afe1ebc115c84a67b6f7f9afd4bafeb6cd47395e3223091b2f9d7ddafd3,download,1801834477,PROFILE-ef4d555668fac5bb058d,0ccb5afe1ebc115c84a67b6f7f9afd4bafeb6cd47395e3223091b2f9d7ddafd3,12207,MID-59ACF35D9387567FA9D292354F7313F8,matching_id,fulfilled
aura_rsp,106,MNO-A,ORDER-B744618059527E7994129A5E,ACCOUNT-b575950f2c87408898b59ada,aura-smdpp.test,0ccb5afe1ebc115c84a67b6f7f9afd4bafeb6cd47395e3223091b2f9d7ddafd3,download,1801834477,PROFILE-ef4d555668fac5bb058d,0ccb5afe1ebc115c84a67b6f7f9afd4bafeb6cd47395e3223091b2f9d7ddafd3,12207,IAC-8397A872525F9B050C6902B76ECE0ED6,I_ac,fulfilled
standard_rsp,107,MNO-B,ORDER-1A0E43A7411BEDA2548DA781,ACCOUNT-bfc8b777123fdd803d0a13b5,aura-smdpp.test,e044e4bc551d4d7bee57fb119d694b76609c7c031b502870f66e5ee29a4caf55,download,1802555569,PROFILE-9ee0fd4bf8edb7c085b2,e044e4bc551d4d7bee57fb119d694b76609c7c031b502870f66e5ee29a4caf55,12207,MID-E9C480BD167CFF15E003407F86EFEE32,matching_id,fulfilled
aura_rsp,107,MNO-B,ORDER-D4BA1145EC4822BC3E6D38A5,ACCOUNT-820e7542a8d868701bdce9da,aura-smdpp.test,e044e4bc551d4d7bee57fb119d694b76609c7c031b502870f66e5ee29a4caf55,download,1802555569,PROFILE-9ee0fd4bf8edb7c085b2,e044e4bc551d4d7bee57fb119d694b76609c7c031b502870f66e5ee29a4caf55,12207,IAC-5F3D80EF26914FE6CF991011A0CDDB5B,I_ac,fulfilled
standard_rsp,108,MNO-A,ORDER-0A31BC3E2686EFE77A5475B9,ACCOUNT-e492d5e507c5ec463f7a1da7,aura-smdpp.test,a6475a8163f129c2911c74ff824abeac6248ad88cb4a830739344fc74c526f01,download,1801200490,PROFILE-74ef9fd6bb5e1d2eb0b7,a6475a8163f129c2911c74ff824abeac6248ad88cb4a830739344fc74c526f01,12207,MID-AE077ACD537F5941709EA15BA0EB2070,matching_id,fulfilled
aura_rsp,108,MNO-A,ORDER-86445056E4034C50379FCF59,ACCOUNT-da2253275863bad0e9955965,aura-smdpp.test,a6475a8163f129c2911c74ff824abeac6248ad88cb4a830739344fc74c526f01,download,1801200490,PROFILE-74ef9fd6bb5e1d2eb0b7,a6475a8163f129c2911c74ff824abeac6248ad88cb4a830739344fc74c526f01,12207,IAC-1CB1816A76DC8C5299D05492E8F62532,I_ac,fulfilled
standard_rsp,109,MNO-B,ORDER-F02134EA916DD1A480E19C87,ACCOUNT-2b8d26aca7394d7bcf10fe63,aura-smdpp.test,5bb51ce24f58b9df0b1f9db2f7fd90f3e22dca75d64a3c49f5edcf1501fd0b93,download,1800708453,PROFILE-5f7e5b7bebf1891841d3,5bb51ce24f58b9df0b1f9db2f7fd90f3e22dca75d64a3c49f5edcf1501fd0b93,12207,MID-8B15F830A6989D35638524B5A212E4F9,matching_id,fulfilled
aura_rsp,109,MNO-B,ORDER-1473357D7002080618C905B5,ACCOUNT-739e05a1d3627ef5d2f2f92c,aura-smdpp.test,5bb51ce24f58b9df0b1f9db2f7fd90f3e22dca75d64a3c49f5edcf1501fd0b93,download,1800708453,PROFILE-5f7e5b7bebf1891841d3,5bb51ce24f58b9df0b1f9db2f7fd90f3e22dca75d64a3c49f5edcf1501fd0b93,12207,IAC-935A6229853682EF7A34025FC6A694AD,I_ac,fulfilled
standard_rsp,110,MNO-D,ORDER-FC1E3582C3A03F306109D989,ACCOUNT-e4f2bf2817c944fc94456fdb,aura-smdpp.test,b47cb9d889433a76c714d433964d515cd38ab969cbabddefdc43e038097f38da,download,1802544098,PROFILE-c1573e2a4239bb8e0625,b47cb9d889433a76c714d433964d515cd38ab969cbabddefdc43e038097f38da,12207,MID-93598B6AEC52B424B27C3EA8E7CEAFB0,matching_id,fulfilled
aura_rsp,110,MNO-D,ORDER-6016C003726399E1F2102275,ACCOUNT-dfb8c591470e0a907c69ba24,aura-smdpp.test,b47cb9d889433a76c714d433964d515cd38ab969cbabddefdc43e038097f38da,download,1802544098,PROFILE-c1573e2a4239bb8e0625,b47cb9d889433a76c714d433964d515cd38ab969cbabddefdc43e038097f38da,12207,IAC-CE66EB900FBF1DBE975C85DD17DC6A76,I_ac,fulfilled
standard_rsp,111,MNO-D,ORDER-419BC0077EE54ED535E36A0B,ACCOUNT-820f4d1cfc35e6a2795e53be,aura-smdpp.test,d21c5c3ba62d74a3e6cae902db7940c3f64a687eed766c8cc613efe6bddc189d,download,1801958200,PROFILE-35c0afe1acd3da3fea10,d21c5c3ba62d74a3e6cae902db7940c3f64a687eed766c8cc613efe6bddc189d,12207,MID-28BB6D2F9EF15FC18E66DF0FF901BA0A,matching_id,fulfilled
aura_rsp,111,MNO-D,ORDER-1CE328E9F3D84F8F33BA9C82,ACCOUNT-cad1980937f2ab24629c5e97,aura-smdpp.test,d21c5c3ba62d74a3e6cae902db7940c3f64a687eed766c8cc613efe6bddc189d,download,1801958200,PROFILE-35c0afe1acd3da3fea10,d21c5c3ba62d74a3e6cae902db7940c3f64a687eed766c8cc613efe6bddc189d,12207,IAC-D9BFEE3339EB8168E3EA446E88CCAE46,I_ac,fulfilled
standard_rsp,112,MNO-A,ORDER-6439E0165C6D3161538FF910,ACCOUNT-3c9e6d141afe6acf75a281a3,aura-smdpp.test,17243c95bba6fa2bf4e0b9b12b4567c05f63b84ab3fba75e18b176ca200c85f6,download,1800567903,PROFILE-00f6b465ab9459ebc771,17243c95bba6fa2bf4e0b9b12b4567c05f63b84ab3fba75e18b176ca200c85f6,12207,MID-5657253BADE5A7A89CC120905D9866C1,matching_id,fulfilled
aura_rsp,112,MNO-A,ORDER-2682BD6AB2C5F313504B3606,ACCOUNT-d66067e2dffd747df1665121,aura-smdpp.test,17243c95bba6fa2bf4e0b9b12b4567c05f63b84ab3fba75e18b176ca200c85f6,download,1800567903,PROFILE-00f6b465ab9459ebc771,17243c95bba6fa2bf4e0b9b12b4567c05f63b84ab3fba75e18b176ca200c85f6,12207,IAC-2CC10C7DD806DC0382B7A648E17CA161,I_ac,fulfilled
standard_rsp,113,MNO-B,ORDER-E2DBC744406C14F45C527E99,ACCOUNT-7bf0f9d1f3c5200a90983b4a,aura-smdpp.test,644609b704b1d2e3bbfd04b68a3393eee47e6b7557b306e55e9ce45be831d22b,download,1800799021,PROFILE-2e3b22d3c5951a44aa59,644609b704b1d2e3bbfd04b68a3393eee47e6b7557b306e55e9ce45be831d22b,12207,MID-95CC65401ADED83EC50BFE5560FD60F7,matching_id,fulfilled
aura_rsp,113,MNO-B,ORDER-1EC2B973B1E57BC8C624B0DF,ACCOUNT-8dffa360c3e54598736abe00,aura-smdpp.test,644609b704b1d2e3bbfd04b68a3393eee47e6b7557b306e55e9ce45be831d22b,download,1800799021,PROFILE-2e3b22d3c5951a44aa59,644609b704b1d2e3bbfd04b68a3393eee47e6b7557b306e55e9ce45be831d22b,12207,IAC-2B6600F5E219909F664258A51724F2F8,I_ac,fulfilled
standard_rsp,114,MNO-C,ORDER-C34929698F285910769F4534,ACCOUNT-67704f1000121d46e24acf8b,aura-smdpp.test,9272b21120a393e2a077c03ca533f8630333852042f80acb41653d1107ec8c38,download,1800241816,PROFILE-a1a736f899c22cf24baa,9272b21120a393e2a077c03ca533f8630333852042f80acb41653d1107ec8c38,12207,MID-4350FE4184562699260275C326262817,matching_id,fulfilled
aura_rsp,114,MNO-C,ORDER-001C174898D1A72F245CA974,ACCOUNT-870f8900e1ecc010c4febffa,aura-smdpp.test,9272b21120a393e2a077c03ca533f8630333852042f80acb41653d1107ec8c38,download,1800241816,PROFILE-a1a736f899c22cf24baa,9272b21120a393e2a077c03ca533f8630333852042f80acb41653d1107ec8c38,12207,IAC-7980C2D741113F0D3BC2154206E93E1C,I_ac,fulfilled
standard_rsp,115,MNO-D,ORDER-D8A95174936D5AF401417199,ACCOUNT-4acda6550c7c9afdbb1e240b,aura-smdpp.test,9d1614a4feef929e535c3ba75213128a7c1cc86ce58abf16d0ab28d3e6d83962,download,1802099473,PROFILE-22ed2cc742709646133f,9d1614a4feef929e535c3ba75213128a7c1cc86ce58abf16d0ab28d3e6d83962,12207,MID-5D6C7691836C6B4B84D716B793F696D7,matching_id,fulfilled
aura_rsp,115,MNO-D,ORDER-C4CA8B282F48CB07A15AA098,ACCOUNT-c385de125db12c2cea5bf060,aura-smdpp.test,9d1614a4feef929e535c3ba75213128a7c1cc86ce58abf16d0ab28d3e6d83962,download,1802099473,PROFILE-22ed2cc742709646133f,9d1614a4feef929e535c3ba75213128a7c1cc86ce58abf16d0ab28d3e6d83962,12207,IAC-5398F543E860B2890D776BBBF5A358DF,I_ac,fulfilled
standard_rsp,116,MNO-B,ORDER-611B02F472BB70B9C7C378B5,ACCOUNT-3b204db93ed699f0542a60c4,aura-smdpp.test,fba45a2e75a91500feabd2129fa9bc411340dfc2123e0234c3c9a45d7ffd0c6f,download,1802156321,PROFILE-c78c674aaf17fc478d94,fba45a2e75a91500feabd2129fa9bc411340dfc2123e0234c3c9a45d7ffd0c6f,12207,MID-8A202CFBAAD074D380D32918D8C9CE93,matching_id,fulfilled
aura_rsp,116,MNO-B,ORDER-4335CFED6BB993C35813BB97,ACCOUNT-487da657efff69041bdc2655,aura-smdpp.test,fba45a2e75a91500feabd2129fa9bc411340dfc2123e0234c3c9a45d7ffd0c6f,download,1802156321,PROFILE-c78c674aaf17fc478d94,fba45a2e75a91500feabd2129fa9bc411340dfc2123e0234c3c9a45d7ffd0c6f,12207,IAC-C58F7666CEABCE407B275013FB3D513B,I_ac,fulfilled
standard_rsp,117,MNO-B,ORDER-E4F0FDCEFB0B1580081651A7,ACCOUNT-bfda8dfcc7f1b953cfd8b1f8,aura-smdpp.test,a1e16747be7a05dba1916a3e09344dd319f5541dd4bd485ed63093e50e953fd7,download,1800316843,PROFILE-74c4b72991442d14c90c,a1e16747be7a05dba1916a3e09344dd319f5541dd4bd485ed63093e50e953fd7,12207,MID-B7409191097DE8752B9824408BEFA51E,matching_id,fulfilled
aura_rsp,117,MNO-B,ORDER-1A0ED49369B0CB9655C1FCBA,ACCOUNT-24319c31565a232de80094d3,aura-smdpp.test,a1e16747be7a05dba1916a3e09344dd319f5541dd4bd485ed63093e50e953fd7,download,1800316843,PROFILE-74c4b72991442d14c90c,a1e16747be7a05dba1916a3e09344dd319f5541dd4bd485ed63093e50e953fd7,12207,IAC-605D84CF6B8220D425EF4BE68EDBAE38,I_ac,fulfilled
standard_rsp,118,MNO-B,ORDER-30630567FB99FF515B75EFFE,ACCOUNT-2975d83eef456320db8f632a,aura-smdpp.test,d588701f26fe9c4c5f5824b1e3ebee874e19bc64fd217b2fcd791e04027f255d,download,1800511982,PROFILE-cfe428cc499db00da891,d588701f26fe9c4c5f5824b1e3ebee874e19bc64fd217b2fcd791e04027f255d,12207,MID-C9108AF9AEF2B54A56186B55C88CBE89,matching_id,fulfilled
aura_rsp,118,MNO-B,ORDER-8CC052008E6C23D9DC71AA83,ACCOUNT-7aad369c2aa55944a502b32b,aura-smdpp.test,d588701f26fe9c4c5f5824b1e3ebee874e19bc64fd217b2fcd791e04027f255d,download,1800511982,PROFILE-cfe428cc499db00da891,d588701f26fe9c4c5f5824b1e3ebee874e19bc64fd217b2fcd791e04027f255d,12207,IAC-30C2BB1E042AE965EE4923864C1C59D2,I_ac,fulfilled
standard_rsp,119,MNO-A,ORDER-F752BFF0B9AA7B57658171E3,ACCOUNT-a25e07315fe6398a48109e1c,aura-smdpp.test,fa7972fbb0d0b89801683c0a2b5ad9d8b86d8ca27ef0861b2f5efc14c29118b1,download,1801399424,PROFILE-05c4fc80b38fbfd9ecf6,fa7972fbb0d0b89801683c0a2b5ad9d8b86d8ca27ef0861b2f5efc14c29118b1,12207,MID-2C15275B999C00D6BEB5A02BAFD1E91A,matching_id,fulfilled
aura_rsp,119,MNO-A,ORDER-36526ED509754158E214C2EF,ACCOUNT-6178efc0e556f436f3bc43c8,aura-smdpp.test,fa7972fbb0d0b89801683c0a2b5ad9d8b86d8ca27ef0861b2f5efc14c29118b1,download,1801399424,PROFILE-05c4fc80b38fbfd9ecf6,fa7972fbb0d0b89801683c0a2b5ad9d8b86d8ca27ef0861b2f5efc14c29118b1,12207,IAC-D11B94F24F33E75BDB135A41ED50E2D6,I_ac,fulfilled
standard_rsp,120,MNO-C,ORDER-369D8D782422A3BF974594C0,ACCOUNT-10f1a03aee056a7699869b85,aura-smdpp.test,dab1d01fcae04c27c54545e539e113c56707c4063ec1af31259a66792cbf4b38,download,1801166935,PROFILE-d1aede3f04e0b38cbfe2,dab1d01fcae04c27c54545e539e113c56707c4063ec1af31259a66792cbf4b38,12207,MID-895E70E3145C79DB746633FB71E4F1CB,matching_id,fulfilled
aura_rsp,120,MNO-C,ORDER-E0957901838FAD7E43BB7DFD,ACCOUNT-f1dd2415c060fc47fbcf5c6a,aura-smdpp.test,dab1d01fcae04c27c54545e539e113c56707c4063ec1af31259a66792cbf4b38,download,1801166935,PROFILE-d1aede3f04e0b38cbfe2,dab1d01fcae04c27c54545e539e113c56707c4063ec1af31259a66792cbf4b38,12207,IAC-18D259A80F83E3D0804CB57ADD359013,I_ac,fulfilled
standard_rsp,121,MNO-B,ORDER-28775EF7A4D4A82E2AC4C9B1,ACCOUNT-a591d55afc7c31d125602f77,aura-smdpp.test,e903c5c1d57e2beedc7c7caa413af1b47efc432d5e24d0e1716c24dfd1efb331,download,1800739898,PROFILE-d5b60d77f1de4b1ac832,e903c5c1d57e2beedc7c7caa413af1b47efc432d5e24d0e1716c24dfd1efb331,12207,MID-C467B1C026EF4BA321D5F79497E4867D,matching_id,fulfilled
aura_rsp,121,MNO-B,ORDER-AF01274629238F77BE35FD83,ACCOUNT-dc49763cea09585fbc9f8916,aura-smdpp.test,e903c5c1d57e2beedc7c7caa413af1b47efc432d5e24d0e1716c24dfd1efb331,download,1800739898,PROFILE-d5b60d77f1de4b1ac832,e903c5c1d57e2beedc7c7caa413af1b47efc432d5e24d0e1716c24dfd1efb331,12207,IAC-73F885C7F0F5655C6C2B1D0C1A906365,I_ac,fulfilled
standard_rsp,122,MNO-D,ORDER-BC31BAFFBDB0BFCFCD35FE4A,ACCOUNT-d49dd6cd31624a684f771a1a,aura-smdpp.test,f9802929f869709d36fe6db1e3ca1f50f6754e9cac68914526fbc3375d5fe008,download,1801725342,PROFILE-56b0b9c97a954ef54b53,f9802929f869709d36fe6db1e3ca1f50f6754e9cac68914526fbc3375d5fe008,12207,MID-A4FF4A211EECAACDAAC74EC67929066F,matching_id,fulfilled
aura_rsp,122,MNO-D,ORDER-C84278F91D5EE9EC8F76CC6B,ACCOUNT-a9169634d4dce267164fe2c7,aura-smdpp.test,f9802929f869709d36fe6db1e3ca1f50f6754e9cac68914526fbc3375d5fe008,download,1801725342,PROFILE-56b0b9c97a954ef54b53,f9802929f869709d36fe6db1e3ca1f50f6754e9cac68914526fbc3375d5fe008,12207,IAC-96C8964FE7ED3896371F0E451C5397DC,I_ac,fulfilled
standard_rsp,123,MNO-D,ORDER-2F558C33916C05E865B477F0,ACCOUNT-8da1fccad7680aa245dc9cef,aura-smdpp.test,71b08e54bf545c5689c224693bdc9207008cfc37b6b1c17cd2cd4ebc9b90d37a,download,1800285772,PROFILE-948f150d86dddf1eeb8c,71b08e54bf545c5689c224693bdc9207008cfc37b6b1c17cd2cd4ebc9b90d37a,12207,MID-0035277CF9641D5D0C97F4564FA245AB,matching_id,fulfilled
aura_rsp,123,MNO-D,ORDER-4FE1ABEED7B2768330A8C86F,ACCOUNT-5d69479d749c9b2ad3f5056a,aura-smdpp.test,71b08e54bf545c5689c224693bdc9207008cfc37b6b1c17cd2cd4ebc9b90d37a,download,1800285772,PROFILE-948f150d86dddf1eeb8c,71b08e54bf545c5689c224693bdc9207008cfc37b6b1c17cd2cd4ebc9b90d37a,12207,IAC-1F3ACFBB2E2CBF60B86EC4A24B897ABD,I_ac,fulfilled
standard_rsp,124,MNO-A,ORDER-25D52A22291FC1BA12121980,ACCOUNT-1e4ec90fcf9550d36a7a3a98,aura-smdpp.test,f644c16209e983a27a98e51f7c06b7282b9bc71a99691f27cc5bf2211047acde,download,1802434843,PROFILE-1880fb813be091d6e529,f644c16209e983a27a98e51f7c06b7282b9bc71a99691f27cc5bf2211047acde,12207,MID-F3BB680843555FC83DBA56C881AC2520,matching_id,fulfilled
aura_rsp,124,MNO-A,ORDER-A2678D7A654069486AB1AAFC,ACCOUNT-0ed5c40d7d669d6a20f8089b,aura-smdpp.test,f644c16209e983a27a98e51f7c06b7282b9bc71a99691f27cc5bf2211047acde,download,1802434843,PROFILE-1880fb813be091d6e529,f644c16209e983a27a98e51f7c06b7282b9bc71a99691f27cc5bf2211047acde,12207,IAC-D200392C05976DAA7A6E7DC0A15B4424,I_ac,fulfilled
standard_rsp,125,MNO-A,ORDER-749DEAD0BC1B799A9BA4C1C7,ACCOUNT-4d01dee990a2d6918dc9f865,aura-smdpp.test,591a9e96f1203cb6ffc2a18bd86894ce1a17d7750f8375738be062fb36a746e6,download,1801705109,PROFILE-48772585cbfdbb009910,591a9e96f1203cb6ffc2a18bd86894ce1a17d7750f8375738be062fb36a746e6,12207,MID-2A68CDD2107CE0409142BD3A756C1F08,matching_id,fulfilled
aura_rsp,125,MNO-A,ORDER-8F256FA04C3EB6F274FA0F73,ACCOUNT-2d41c20f6fd1088d8bda815c,aura-smdpp.test,591a9e96f1203cb6ffc2a18bd86894ce1a17d7750f8375738be062fb36a746e6,download,1801705109,PROFILE-48772585cbfdbb009910,591a9e96f1203cb6ffc2a18bd86894ce1a17d7750f8375738be062fb36a746e6,12207,IAC-C81C058FB94359725D90AF5BB08D3108,I_ac,fulfilled
standard_rsp,126,MNO-C,ORDER-1100523CC39F112B3C9135CA,ACCOUNT-e874e99249efb9fdaf4dc90d,aura-smdpp.test,54a805b83240fd5adc141470921eb455559f611d8a6b84e4ca1770e6ad57f065,download,1802066628,PROFILE-bcaf144148d89cdcea9a,54a805b83240fd5adc141470921eb455559f611d8a6b84e4ca1770e6ad57f065,12207,MID-73AEA0C2936375D169416A8E1AD3C989,matching_id,fulfilled
aura_rsp,126,MNO-C,ORDER-E971CAD99D335D3204F92E21,ACCOUNT-67e6c72d5af621327b724384,aura-smdpp.test,54a805b83240fd5adc141470921eb455559f611d8a6b84e4ca1770e6ad57f065,download,1802066628,PROFILE-bcaf144148d89cdcea9a,54a805b83240fd5adc141470921eb455559f611d8a6b84e4ca1770e6ad57f065,12207,IAC-F8D5034D57EE4B0C8849FCCE17CA3CA7,I_ac,fulfilled
standard_rsp,127,MNO-A,ORDER-9A10A171749EA763C7F010AC,ACCOUNT-2676fa3b42d3668ae4b936ec,aura-smdpp.test,1bfc81b9e18e02a1892d836c756db2bf7cd405db73aec6c069ce482394120965,download,1800025876,PROFILE-df8a6c7ff4683668eb1b,1bfc81b9e18e02a1892d836c756db2bf7cd405db73aec6c069ce482394120965,12207,MID-475649D2168CD97FC81C2F71E288E328,matching_id,fulfilled
aura_rsp,127,MNO-A,ORDER-79C2B0F7CF0E17B3849CCA13,ACCOUNT-9b9d30db9e31a4ed3cf5c73c,aura-smdpp.test,1bfc81b9e18e02a1892d836c756db2bf7cd405db73aec6c069ce482394120965,download,1800025876,PROFILE-df8a6c7ff4683668eb1b,1bfc81b9e18e02a1892d836c756db2bf7cd405db73aec6c069ce482394120965,12207,IAC-CB55EF64B88EC72036DBE4892F4B6EA0,I_ac,fulfilled
standard_rsp,128,MNO-C,ORDER-0CCFCA454A948BA941691B2B,ACCOUNT-2202ae8d0789076868ce53b8,aura-smdpp.test,83b7dd0a5806aa8e526017174cf0018a85801da4d8b49d194f1c18a3c471fc4f,download,1801685226,PROFILE-22e38cf53812fe67ea71,83b7dd0a5806aa8e526017174cf0018a85801da4d8b49d194f1c18a3c471fc4f,12207,MID-3E7CF54D64BD8B13149A49BCBBAB9F30,matching_id,fulfilled
aura_rsp,128,MNO-C,ORDER-40458A2088BF0D72DEA69210,ACCOUNT-5fa287131bfe30d727d03493,aura-smdpp.test,83b7dd0a5806aa8e526017174cf0018a85801da4d8b49d194f1c18a3c471fc4f,download,1801685226,PROFILE-22e38cf53812fe67ea71,83b7dd0a5806aa8e526017174cf0018a85801da4d8b49d194f1c18a3c471fc4f,12207,IAC-312EE94D654BFEB7588E7964C112B7E8,I_ac,fulfilled
standard_rsp,129,MNO-D,ORDER-CBA488D507EB91C896F8B381,ACCOUNT-f7d17094bff69e3107ddb4f7,aura-smdpp.test,cec352687612bb2fa114f20f456eae86504769bd5fda45293fb34a7192a81a11,download,1801948614,PROFILE-aaafc51902c0c000a521,cec352687612bb2fa114f20f456eae86504769bd5fda45293fb34a7192a81a11,12207,MID-61EF98BDE3D25DE973859C4D2EA2267D,matching_id,fulfilled
aura_rsp,129,MNO-D,ORDER-F74141EA73BD359788545BC8,ACCOUNT-c2124080bc92d995ba910fa5,aura-smdpp.test,cec352687612bb2fa114f20f456eae86504769bd5fda45293fb34a7192a81a11,download,1801948614,PROFILE-aaafc51902c0c000a521,cec352687612bb2fa114f20f456eae86504769bd5fda45293fb34a7192a81a11,12207,IAC-FA1EA5B1F7B49D249DAC4E41163F822A,I_ac,fulfilled
standard_rsp,130,MNO-C,ORDER-B9BC9AF39DCE83D22789D302,ACCOUNT-d3dd8f8ad925df48fd53fb2e,aura-smdpp.test,3d9ede63ece076886916efa268237691e0e917baa539bf66a3fd4598dc14ee54,download,1800655246,PROFILE-23917cc1aaa5fe31d574,3d9ede63ece076886916efa268237691e0e917baa539bf66a3fd4598dc14ee54,12207,MID-9F1272249FFCA63458DE0D6546B097C0,matching_id,fulfilled
aura_rsp,130,MNO-C,ORDER-687151110D3786CC21813B20,ACCOUNT-6a15e4aa0fba6d5e88fa06f8,aura-smdpp.test,3d9ede63ece076886916efa268237691e0e917baa539bf66a3fd4598dc14ee54,download,1800655246,PROFILE-23917cc1aaa5fe31d574,3d9ede63ece076886916efa268237691e0e917baa539bf66a3fd4598dc14ee54,12207,IAC-B03E0197E30457701DFB6F3BC58EFBAC,I_ac,fulfilled
standard_rsp,131,MNO-A,ORDER-E671F91F666F39F8B6D33EA6,ACCOUNT-66ef7e72588e1b10b3d6457c,aura-smdpp.test,b70e5bb31e15df76cab0d588edf9bc36d553c4a91af9d85c8d89e501a14f35c3,download,1800742626,PROFILE-753a3ef7c75853d75df2,b70e5bb31e15df76cab0d588edf9bc36d553c4a91af9d85c8d89e501a14f35c3,12207,MID-67F3573054BFC706D54A581BBC6C2FFA,matching_id,fulfilled
aura_rsp,131,MNO-A,ORDER-F541BBC440B5744C8E02AF9F,ACCOUNT-aa33db4b8f6c74b531ca51ce,aura-smdpp.test,b70e5bb31e15df76cab0d588edf9bc36d553c4a91af9d85c8d89e501a14f35c3,download,1800742626,PROFILE-753a3ef7c75853d75df2,b70e5bb31e15df76cab0d588edf9bc36d553c4a91af9d85c8d89e501a14f35c3,12207,IAC-F8C40F1162CDA4541E67BE78D451EA24,I_ac,fulfilled
standard_rsp,132,MNO-A,ORDER-7F43F7211D2F682992B4B6EF,ACCOUNT-1c6ca1c492a32a369f5e98ce,aura-smdpp.test,7db9df45393f17e8237fe791ba7f732f70e0c0f204ba2e458eac1854942e6830,download,1800555104,PROFILE-e9c0d856d509e992250e,7db9df45393f17e8237fe791ba7f732f70e0c0f204ba2e458eac1854942e6830,12207,MID-DB3E136D205DA60BC9A1F7B07DC7D0BD,matching_id,fulfilled
aura_rsp,132,MNO-A,ORDER-9988AEA7AE6584BA447F5181,ACCOUNT-e6442e5e997942c8a808f66a,aura-smdpp.test,7db9df45393f17e8237fe791ba7f732f70e0c0f204ba2e458eac1854942e6830,download,1800555104,PROFILE-e9c0d856d509e992250e,7db9df45393f17e8237fe791ba7f732f70e0c0f204ba2e458eac1854942e6830,12207,IAC-61D898FB47402F1581121D0A84F6743D,I_ac,fulfilled
standard_rsp,133,MNO-D,ORDER-E50BD7D0C796A69A2355F778,ACCOUNT-929b4f0eab0005ae7aaf789a,aura-smdpp.test,fd74d97b03802502caabc035f9472b118432c2ab1d8e5ed0a21be34593c6f952,download,1800740943,PROFILE-5d3ce45c6bb3fb3f1fca,fd74d97b03802502caabc035f9472b118432c2ab1d8e5ed0a21be34593c6f952,12207,MID-9A38AAC4FA4EF6FED5D3262BB877ACB4,matching_id,fulfilled
aura_rsp,133,MNO-D,ORDER-1B63E99D3BB0BEB8F1369C9E,ACCOUNT-926f2f062e593a36e107f6ce,aura-smdpp.test,fd74d97b03802502caabc035f9472b118432c2ab1d8e5ed0a21be34593c6f952,download,1800740943,PROFILE-5d3ce45c6bb3fb3f1fca,fd74d97b03802502caabc035f9472b118432c2ab1d8e5ed0a21be34593c6f952,12207,IAC-EA863187D5BDC94EEEED94F8BA96FA94,I_ac,fulfilled
standard_rsp,134,MNO-A,ORDER-4FEBF96E4ADA22EFC5C131B6,ACCOUNT-99dee340af999d8fd91c138e,aura-smdpp.test,60c162ecd91c801a7fe2ed0a76c95f48abb68c5e334cd57fd05be3eb76ee9935,download,1800029932,PROFILE-a2308a4446c275dc5989,60c162ecd91c801a7fe2ed0a76c95f48abb68c5e334cd57fd05be3eb76ee9935,12207,MID-09C83B70AB0B9D0898C23375A7BA9258,matching_id,fulfilled
aura_rsp,134,MNO-A,ORDER-7F1D52C05F02CC917E4A5515,ACCOUNT-5c034b27040bf3c15af5a362,aura-smdpp.test,60c162ecd91c801a7fe2ed0a76c95f48abb68c5e334cd57fd05be3eb76ee9935,download,1800029932,PROFILE-a2308a4446c275dc5989,60c162ecd91c801a7fe2ed0a76c95f48abb68c5e334cd57fd05be3eb76ee9935,12207,IAC-7C3082B365EDF0CD580AC9270194AB4D,I_ac,fulfilled
standard_rsp,135,MNO-D,ORDER-F2E15615478A3FA052E2ACBF,ACCOUNT-5fa8d85e7cd0a94de2e7791d,aura-smdpp.test,6bdc2733c27f51516ab60a62bd156614d36cb82a31b0c79647bd3080b5af23e5,download,1801693592,PROFILE-488cf2d239f2d9b4787b,6bdc2733c27f51516ab60a62bd156614d36cb82a31b0c79647bd3080b5af23e5,12207,MID-B0BC00B48F1CDF190D2873B7D73D4BF3,matching_id,fulfilled
aura_rsp,135,MNO-D,ORDER-162CD194C06E917438D9EDAE,ACCOUNT-9c7e78543cdae8b734d7afa3,aura-smdpp.test,6bdc2733c27f51516ab60a62bd156614d36cb82a31b0c79647bd3080b5af23e5,download,1801693592,PROFILE-488cf2d239f2d9b4787b,6bdc2733c27f51516ab60a62bd156614d36cb82a31b0c79647bd3080b5af23e5,12207,IAC-CC6E0B9803A8BA915D054EBC5E1A37B2,I_ac,fulfilled
standard_rsp,136,MNO-C,ORDER-EA1A171AC4D86D30F1ECAF7B,ACCOUNT-97b9e3a29c437567a3315c42,aura-smdpp.test,a332be6d379d3e5e1e6933c74a639a3e3b97b79c9785508938702181a38d362c,download,1800008037,PROFILE-5940e337c017c744f905,a332be6d379d3e5e1e6933c74a639a3e3b97b79c9785508938702181a38d362c,12207,MID-033831DC6D1112CA4ABC96BD29F17C06,matching_id,fulfilled
aura_rsp,136,MNO-C,ORDER-E1F71EED20733AB580784DC4,ACCOUNT-a21a85386478ca679aa0e5bf,aura-smdpp.test,a332be6d379d3e5e1e6933c74a639a3e3b97b79c9785508938702181a38d362c,download,1800008037,PROFILE-5940e337c017c744f905,a332be6d379d3e5e1e6933c74a639a3e3b97b79c9785508938702181a38d362c,12207,IAC-C19053B415336C8FEDDCB6CE1FF3A3FF,I_ac,fulfilled
standard_rsp,137,MNO-C,ORDER-E19CFEE060FF88CA86FACA8D,ACCOUNT-bfb40699b75412128e7bc807,aura-smdpp.test,3dbe79e109ef0e90066e5593006c5f8d6256ecdf36b0fe7701d72f816f237f10,download,1801422937,PROFILE-d8274fff83bc058663cf,3dbe79e109ef0e90066e5593006c5f8d6256ecdf36b0fe7701d72f816f237f10,12207,MID-EF467C8992445F2ABE6496E81EFE3429,matching_id,fulfilled
aura_rsp,137,MNO-C,ORDER-DC562FD107A09F6538E46346,ACCOUNT-a8f2cd786f4683ef5ac92082,aura-smdpp.test,3dbe79e109ef0e90066e5593006c5f8d6256ecdf36b0fe7701d72f816f237f10,download,1801422937,PROFILE-d8274fff83bc058663cf,3dbe79e109ef0e90066e5593006c5f8d6256ecdf36b0fe7701d72f816f237f10,12207,IAC-93AD844A192E99F07C66DD5720ECDA5B,I_ac,fulfilled
standard_rsp,138,MNO-D,ORDER-DDFECF346870E0FBDF4EEAF2,ACCOUNT-8e0b696fb4139d0c9f7d8bdc,aura-smdpp.test,425f6a984f5cf6cef76de277b5a723e8b26c4dfb640d86550d8d64b4749447c1,download,1801101349,PROFILE-edda5a7c3a5101fc5bb1,425f6a984f5cf6cef76de277b5a723e8b26c4dfb640d86550d8d64b4749447c1,12207,MID-01A0E61264DD89A484A2E65C7275B077,matching_id,fulfilled
aura_rsp,138,MNO-D,ORDER-D61E558AB69A6F0D6D89561A,ACCOUNT-ec2784546f372a7ad7ec059f,aura-smdpp.test,425f6a984f5cf6cef76de277b5a723e8b26c4dfb640d86550d8d64b4749447c1,download,1801101349,PROFILE-edda5a7c3a5101fc5bb1,425f6a984f5cf6cef76de277b5a723e8b26c4dfb640d86550d8d64b4749447c1,12207,IAC-32DB951FFEF69D347B3595103BAFF632,I_ac,fulfilled
standard_rsp,139,MNO-A,ORDER-A2B1AD4BA9927E49DF367E2F,ACCOUNT-4ac0957c39c766738040cba2,aura-smdpp.test,4d5c6a7423ff34c06cf37bc300296de3473600412f6f98de622661972441e3c2,download,1801538131,PROFILE-b56493d552574f2d1570,4d5c6a7423ff34c06cf37bc300296de3473600412f6f98de622661972441e3c2,12207,MID-C0C7FCE4E575D0D880BB366849D579FE,matching_id,fulfilled
aura_rsp,139,MNO-A,ORDER-21DA76BD7B1FCBF6BEF129AE,ACCOUNT-bfa77fad827704fecbdf31d4,aura-smdpp.test,4d5c6a7423ff34c06cf37bc300296de3473600412f6f98de622661972441e3c2,download,1801538131,PROFILE-b56493d552574f2d1570,4d5c6a7423ff34c06cf37bc300296de3473600412f6f98de622661972441e3c2,12207,IAC-C543BBF1A2C9D17BA9EAC69EF8B91508,I_ac,fulfilled
standard_rsp,140,MNO-D,ORDER-404446E8D792DE5EE1DF7D44,ACCOUNT-ed848372f85087a26fb91c2b,aura-smdpp.test,c57753e0bc3bc3c8d4a6ad1e5fe0448682ab7428e7422aa65bc22a5fe6083bfa,download,1801915809,PROFILE-745591845d1e26142998,c57753e0bc3bc3c8d4a6ad1e5fe0448682ab7428e7422aa65bc22a5fe6083bfa,12207,MID-8CD73210B402C7786C61F9EC23C4EF78,matching_id,fulfilled
aura_rsp,140,MNO-D,ORDER-7EE819FBB6478BA19C57E1AC,ACCOUNT-78dca44a69cc4f343d8ccf7b,aura-smdpp.test,c57753e0bc3bc3c8d4a6ad1e5fe0448682ab7428e7422aa65bc22a5fe6083bfa,download,1801915809,PROFILE-745591845d1e26142998,c57753e0bc3bc3c8d4a6ad1e5fe0448682ab7428e7422aa65bc22a5fe6083bfa,12207,IAC-162917E358602579E051397B4614F450,I_ac,fulfilled
standard_rsp,141,MNO-B,ORDER-46D93FC461BE45782AA89D94,ACCOUNT-83cbcef7561e06eb7e6d42c2,aura-smdpp.test,e64dba805c97b1394ccfb15442994a8487e3a8f2d2883bb05e41b909e69e3269,download,1801076737,PROFILE-2e8375eb85e80090b3e7,e64dba805c97b1394ccfb15442994a8487e3a8f2d2883bb05e41b909e69e3269,12207,MID-C3F0661EB30B44D7DC25A3604697A999,matching_id,fulfilled
aura_rsp,141,MNO-B,ORDER-95EEFFA4C99EB11B150DDFCE,ACCOUNT-d98341ec6fdbeaa8e0220375,aura-smdpp.test,e64dba805c97b1394ccfb15442994a8487e3a8f2d2883bb05e41b909e69e3269,download,1801076737,PROFILE-2e8375eb85e80090b3e7,e64dba805c97b1394ccfb15442994a8487e3a8f2d2883bb05e41b909e69e3269,12207,IAC-96E32FFB0AA5A137FC22799F766D70AF,I_ac,fulfilled
standard_rsp,142,MNO-C,ORDER-4DFD5A924C915259492C39F7,ACCOUNT-ad945d6e338c821b2e15b38b,aura-smdpp.test,7154d7a76b886c1429e67d6f20ec227827ff5cb518ee6bbe3b2f6fa3a1c08239,download,1800073113,PROFILE-1b5c269d6d455603e593,7154d7a76b886c1429e67d6f20ec227827ff5cb518ee6bbe3b2f6fa3a1c08239,12207,MID-0992BBE80A09D8330AFF778016F23249,matching_id,fulfilled
aura_rsp,142,MNO-C,ORDER-5A32B3F68DF1BFDBF580719F,ACCOUNT-fd1ec444215515532c6bd511,aura-smdpp.test,7154d7a76b886c1429e67d6f20ec227827ff5cb518ee6bbe3b2f6fa3a1c08239,download,1800073113,PROFILE-1b5c269d6d455603e593,7154d7a76b886c1429e67d6f20ec227827ff5cb518ee6bbe3b2f6fa3a1c08239,12207,IAC-5588E91CF19CB920909C82C174EA4012,I_ac,fulfilled
standard_rsp,143,MNO-C,ORDER-3A1B34A6FA727035919818FD,ACCOUNT-67d6630ecded2c4feb30c313,aura-smdpp.test,708516a40787c15f45cc4b62f3aa94d3168f81596158f66709713805c8472d0e,download,1800169485,PROFILE-44d971823e1b163560e6,708516a40787c15f45cc4b62f3aa94d3168f81596158f66709713805c8472d0e,12207,MID-4968FF70E3CFB0F2BC149AFA74830108,matching_id,fulfilled
aura_rsp,143,MNO-C,ORDER-6F1BE9098E8EBA9479EDB39F,ACCOUNT-baea17c5508812ee60211b60,aura-smdpp.test,708516a40787c15f45cc4b62f3aa94d3168f81596158f66709713805c8472d0e,download,1800169485,PROFILE-44d971823e1b163560e6,708516a40787c15f45cc4b62f3aa94d3168f81596158f66709713805c8472d0e,12207,IAC-FF0D9598FE96561B6E02FB9243FB7229,I_ac,fulfilled
standard_rsp,144,MNO-D,ORDER-45FE12FF8AD4A9C0C0FB19B3,ACCOUNT-9a7f4ca115d065f0fb3efac9,aura-smdpp.test,2026a5a5e2cefc5c0e09483b6e2918129608ce50d8af6bfc64de1b324ccbaf24,download,1802075584,PROFILE-6ce232ccef8f9c6705a2,2026a5a5e2cefc5c0e09483b6e2918129608ce50d8af6bfc64de1b324ccbaf24,12207,MID-C7AE3C6E74A087AA572EAB129DBCE81D,matching_id,fulfilled
aura_rsp,144,MNO-D,ORDER-84D016E1B507BEA6AFF83D19,ACCOUNT-1992ac7829284f12c5f2b7f5,aura-smdpp.test,2026a5a5e2cefc5c0e09483b6e2918129608ce50d8af6bfc64de1b324ccbaf24,download,1802075584,PROFILE-6ce232ccef8f9c6705a2,2026a5a5e2cefc5c0e09483b6e2918129608ce50d8af6bfc64de1b324ccbaf24,12207,IAC-2B1F8D98BC22DFB4C7FE4197899A1600,I_ac,fulfilled
standard_rsp,145,MNO-A,ORDER-D34656627ADB94E404C99E38,ACCOUNT-9eb90a5899112b92014a83f7,aura-smdpp.test,a6512dd16cfc48323358b01e57a79d38bd658bd3b7b939e7790f764320900399,download,1802037394,PROFILE-1c78bc69d13d38601098,a6512dd16cfc48323358b01e57a79d38bd658bd3b7b939e7790f764320900399,12207,MID-84B3D6C4A108DDB44209FF2B6B0B3E0C,matching_id,fulfilled
aura_rsp,145,MNO-A,ORDER-88EBAD11F535C07988E27397,ACCOUNT-a6daaa8347c4464fcc474b69,aura-smdpp.test,a6512dd16cfc48323358b01e57a79d38bd658bd3b7b939e7790f764320900399,download,1802037394,PROFILE-1c78bc69d13d38601098,a6512dd16cfc48323358b01e57a79d38bd658bd3b7b939e7790f764320900399,12207,IAC-088F8527FE394B50BF1352ED377B48E8,I_ac,fulfilled
standard_rsp,146,MNO-B,ORDER-E23AEE09FE7C6DC5C2179601,ACCOUNT-1e3981a1ce27920f2c53c617,aura-smdpp.test,076f64176f58ae7c622f61e68f32e4c9b6e53cacfd2029555c0e40165e84cb12,download,1801657739,PROFILE-14fcb375f6f84e4dfd9e,076f64176f58ae7c622f61e68f32e4c9b6e53cacfd2029555c0e40165e84cb12,12207,MID-D69C50FC547726232CE08508646EB0C7,matching_id,fulfilled
aura_rsp,146,MNO-B,ORDER-4414A6E352A37C7599532BD5,ACCOUNT-7408568fbc1de36f4db0c24b,aura-smdpp.test,076f64176f58ae7c622f61e68f32e4c9b6e53cacfd2029555c0e40165e84cb12,download,1801657739,PROFILE-14fcb375f6f84e4dfd9e,076f64176f58ae7c622f61e68f32e4c9b6e53cacfd2029555c0e40165e84cb12,12207,IAC-CE5D79B1DFE6027D714C749C6A7C868F,I_ac,fulfilled
standard_rsp,147,MNO-C,ORDER-1B4FD90DEB6A3125FBD6E844,ACCOUNT-f76bde2e9ffc4e045c3b7d02,aura-smdpp.test,834112320faef3e388e904e9ee5e23a443f8d932908a42775378f374a719af82,download,1802297914,PROFILE-b8f0c67c4df2d46f0a85,834112320faef3e388e904e9ee5e23a443f8d932908a42775378f374a719af82,12207,MID-FA59197054E02DFE9142164BE95500CA,matching_id,fulfilled
aura_rsp,147,MNO-C,ORDER-6DEC766B2B0CA5B19EB1BD17,ACCOUNT-ded1694974efdaed6a9d3f2c,aura-smdpp.test,834112320faef3e388e904e9ee5e23a443f8d932908a42775378f374a719af82,download,1802297914,PROFILE-b8f0c67c4df2d46f0a85,834112320faef3e388e904e9ee5e23a443f8d932908a42775378f374a719af82,12207,IAC-08649D263AC8517C41E70E435E5659DF,I_ac,fulfilled
standard_rsp,148,MNO-B,ORDER-873323653608A710069AC04A,ACCOUNT-2b3eb407ff7703e09c5dcc74,aura-smdpp.test,4214b583a0e93cc643818520b66a6443c9f6a4df305045436b97d5ada1ca3990,download,1802058538,PROFILE-64d82020a681405e3c68,4214b583a0e93cc643818520b66a6443c9f6a4df305045436b97d5ada1ca3990,12207,MID-860C0B85801026E7961DA6E941306CE3,matching_id,fulfilled
aura_rsp,148,MNO-B,ORDER-9730930DE01550B47D9A98CE,ACCOUNT-bfb900f517f1d052c327482e,aura-smdpp.test,4214b583a0e93cc643818520b66a6443c9f6a4df305045436b97d5ada1ca3990,download,1802058538,PROFILE-64d82020a681405e3c68,4214b583a0e93cc643818520b66a6443c9f6a4df305045436b97d5ada1ca3990,12207,IAC-2C2934EA464C559309AF433DA0BA4252,I_ac,fulfilled
standard_rsp,149,MNO-C,ORDER-D37580B72B680F5CCD7D6D54,ACCOUNT-0a55a61bb9cc39bcb1c48c7b,aura-smdpp.test,092944ee21a607623c2b58da50dde7d277f1bd0e8df05441a6a31261cb32c219,download,1801179132,PROFILE-53b744022dc7fa040dc7,092944ee21a607623c2b58da50dde7d277f1bd0e8df05441a6a31261cb32c219,12207,MID-1247428FC4FA4C35B6EBE720E65ACF91,matching_id,fulfilled
aura_rsp,149,MNO-C,ORDER-F989D81ACE190691A2D046E1,ACCOUNT-8d9e6e4c9cbb4b4b62c9f641,aura-smdpp.test,092944ee21a607623c2b58da50dde7d277f1bd0e8df05441a6a31261cb32c219,download,1801179132,PROFILE-53b744022dc7fa040dc7,092944ee21a607623c2b58da50dde7d277f1bd0e8df05441a6a31261cb32c219,12207,IAC-0A81C79130F7F99C7353A41416AE0440,I_ac,fulfilled
standard_rsp,150,MNO-C,ORDER-58EC9538515B11245435A421,ACCOUNT-c4ebc0e9200cd0d4f37fbcc7,aura-smdpp.test,d8207d301ca6b998ee5e339ee7e9baab9d676e9857664eedf041a2e454ac4717,download,1800936149,PROFILE-bda34d0becf247858a92,d8207d301ca6b998ee5e339ee7e9baab9d676e9857664eedf041a2e454ac4717,12207,MID-34FE51CBED491861F68B764D8FD122ED,matching_id,fulfilled
aura_rsp,150,MNO-C,ORDER-C7DDA7A37662B4F92590042C,ACCOUNT-708bf41d849964a4e0e10cda,aura-smdpp.test,d8207d301ca6b998ee5e339ee7e9baab9d676e9857664eedf041a2e454ac4717,download,1800936149,PROFILE-bda34d0becf247858a92,d8207d301ca6b998ee5e339ee7e9baab9d676e9857664eedf041a2e454ac4717,12207,IAC-DA43939F0E3ACBAD63F71C84FB038D98,I_ac,fulfilled
standard_rsp,151,MNO-B,ORDER-F75B2CC0F77D45DC02FC06D2,ACCOUNT-cc820abc4d1621d99c1e6a3f,aura-smdpp.test,6c358ce5b8670718594207067733a0c1e3f94b1f1f7aa4a7810e6fc3a5ff0ae9,download,1801411427,PROFILE-fd358e6d9f7231cc40c4,6c358ce5b8670718594207067733a0c1e3f94b1f1f7aa4a7810e6fc3a5ff0ae9,12207,MID-8925AA18B322E37DD5F3A84C713DC462,matching_id,fulfilled
aura_rsp,151,MNO-B,ORDER-80A9A74D3ED6AF64F39FBBC2,ACCOUNT-38070a6599b5bc782ae73db1,aura-smdpp.test,6c358ce5b8670718594207067733a0c1e3f94b1f1f7aa4a7810e6fc3a5ff0ae9,download,1801411427,PROFILE-fd358e6d9f7231cc40c4,6c358ce5b8670718594207067733a0c1e3f94b1f1f7aa4a7810e6fc3a5ff0ae9,12207,IAC-BBFFD4883B51081AE2C97F387D2E9184,I_ac,fulfilled
standard_rsp,152,MNO-B,ORDER-2AC7E34329AF79D9F1EEFC29,ACCOUNT-8b0747dea1c88c6a3d6ce52c,aura-smdpp.test,31b3080b0b06c6ac59390286940da2505a54145a6fe8324e8358be85100713d9,download,1800498568,PROFILE-6434ef7221ff610ccba4,31b3080b0b06c6ac59390286940da2505a54145a6fe8324e8358be85100713d9,12207,MID-C30D00E006E7143FD63503DD6BDAEA21,matching_id,fulfilled
aura_rsp,152,MNO-B,ORDER-7412650C3C5ADFEF649593D9,ACCOUNT-aee0e09c23ee359c060d3898,aura-smdpp.test,31b3080b0b06c6ac59390286940da2505a54145a6fe8324e8358be85100713d9,download,1800498568,PROFILE-6434ef7221ff610ccba4,31b3080b0b06c6ac59390286940da2505a54145a6fe8324e8358be85100713d9,12207,IAC-14384E02850C366D7A6A7EE28BAD10ED,I_ac,fulfilled
standard_rsp,153,MNO-D,ORDER-3B7E5EBF141DD285DD5285BE,ACCOUNT-25db9ccef0eaea2a95800d76,aura-smdpp.test,c3727613f11821566d773f5ce68213a90786170069270ac96e9079237f21baa7,download,1800628274,PROFILE-c69ea35d4b8bf170b559,c3727613f11821566d773f5ce68213a90786170069270ac96e9079237f21baa7,12207,MID-AFEE85DF3F26B7ECBD3695FB93E6E567,matching_id,fulfilled
aura_rsp,153,MNO-D,ORDER-FE63B95101012DA82F12677D,ACCOUNT-c8202b6f6856d68a64872116,aura-smdpp.test,c3727613f11821566d773f5ce68213a90786170069270ac96e9079237f21baa7,download,1800628274,PROFILE-c69ea35d4b8bf170b559,c3727613f11821566d773f5ce68213a90786170069270ac96e9079237f21baa7,12207,IAC-F744990AF891F63E8DE74E4DEA86E7FE,I_ac,fulfilled
standard_rsp,154,MNO-D,ORDER-F792EFE762412975CABC4107,ACCOUNT-1b54e666f5f47bbf3bc19f8e,aura-smdpp.test,d0d72dc4f3d68fb1f8bf74088915555a9dac9d5df1605cb351c33054e4017428,download,1800186814,PROFILE-6e180d51d48907d7f25a,d0d72dc4f3d68fb1f8bf74088915555a9dac9d5df1605cb351c33054e4017428,12207,MID-D32DD9EFE73AB3A58ED20E352B0A2BF0,matching_id,fulfilled
aura_rsp,154,MNO-D,ORDER-DEA580D2548252C683758A15,ACCOUNT-1d9afebfa44e2ee5e5def29c,aura-smdpp.test,d0d72dc4f3d68fb1f8bf74088915555a9dac9d5df1605cb351c33054e4017428,download,1800186814,PROFILE-6e180d51d48907d7f25a,d0d72dc4f3d68fb1f8bf74088915555a9dac9d5df1605cb351c33054e4017428,12207,IAC-7DD2F565FFFC869494C6E98DF766CD51,I_ac,fulfilled
standard_rsp,155,MNO-B,ORDER-8A8C73806B7B8D02F3DDFE40,ACCOUNT-4bd572ff323cb17ccf2b7411,aura-smdpp.test,7981969d8ce19de2d5b505f14604b1710f41bbd77eb49fa6d86cdadb86c40581,download,1800290593,PROFILE-61df7c2c556f1f3bac75,7981969d8ce19de2d5b505f14604b1710f41bbd77eb49fa6d86cdadb86c40581,12207,MID-FEC751B95698A5F094593E507F959C03,matching_id,fulfilled
aura_rsp,155,MNO-B,ORDER-CA071C7B262D6A237CBC2B55,ACCOUNT-c214e2d55752b2aace08604a,aura-smdpp.test,7981969d8ce19de2d5b505f14604b1710f41bbd77eb49fa6d86cdadb86c40581,download,1800290593,PROFILE-61df7c2c556f1f3bac75,7981969d8ce19de2d5b505f14604b1710f41bbd77eb49fa6d86cdadb86c40581,12207,IAC-A9BB1C8C7D130B22A5C0B8E567AFD049,I_ac,fulfilled
standard_rsp,156,MNO-D,ORDER-1F859A12E197FAD09B785D86,ACCOUNT-1a9ce2151a2a85348b98bbc5,aura-smdpp.test,4a51a71914dcf5410c576eac5c2e04790b4c763325a5738f178ac26a06eaf1e4,download,1801042606,PROFILE-b41abef6a2b4abfcd5b3,4a51a71914dcf5410c576eac5c2e04790b4c763325a5738f178ac26a06eaf1e4,12207,MID-18EA1377D48EE551EB7C404190F396B4,matching_id,fulfilled
aura_rsp,156,MNO-D,ORDER-3078B5746ADD980F3A839064,ACCOUNT-f65c67790bbaeb18a33a59c1,aura-smdpp.test,4a51a71914dcf5410c576eac5c2e04790b4c763325a5738f178ac26a06eaf1e4,download,1801042606,PROFILE-b41abef6a2b4abfcd5b3,4a51a71914dcf5410c576eac5c2e04790b4c763325a5738f178ac26a06eaf1e4,12207,IAC-18B17215118BE01029BBE01D9A2DD6DA,I_ac,fulfilled
standard_rsp,157,MNO-B,ORDER-2CAEB6DD6F31A29CDE8F73A4,ACCOUNT-0233cd4b432832c875f856f1,aura-smdpp.test,76230dd8fd199c258173855058225f20c395e68e91ec7307ab87e5771dabaad0,download,1800148135,PROFILE-68a3c81fcd61515b2b85,76230dd8fd199c258173855058225f20c395e68e91ec7307ab87e5771dabaad0,12207,MID-3FF3B801E521D732C784CCBA9321C875,matching_id,fulfilled
aura_rsp,157,MNO-B,ORDER-40A210DF2D11EB0715389FD0,ACCOUNT-bec15713790135c1b3b96aad,aura-smdpp.test,76230dd8fd199c258173855058225f20c395e68e91ec7307ab87e5771dabaad0,download,1800148135,PROFILE-68a3c81fcd61515b2b85,76230dd8fd199c258173855058225f20c395e68e91ec7307ab87e5771dabaad0,12207,IAC-0053CC73B03C737A7752EE6F539E0F08,I_ac,fulfilled
standard_rsp,158,MNO-C,ORDER-8E8A93CDA75326E0BC1A2506,ACCOUNT-6e0acfc872b6b8d7285e00ef,aura-smdpp.test,b9bb32d7c25711935224108813e2d663aefe31fd36be28ed5aff3ff3ab012b19,download,1800378974,PROFILE-39311fe35145c8e52e7b,b9bb32d7c25711935224108813e2d663aefe31fd36be28ed5aff3ff3ab012b19,12207,MID-C7AB4B92E062EFFF3B3449BED497D20F,matching_id,fulfilled
aura_rsp,158,MNO-C,ORDER-15ABAB8668FF3BB7E70F87FE,ACCOUNT-dc0ca42932021c10a2e34292,aura-smdpp.test,b9bb32d7c25711935224108813e2d663aefe31fd36be28ed5aff3ff3ab012b19,download,1800378974,PROFILE-39311fe35145c8e52e7b,b9bb32d7c25711935224108813e2d663aefe31fd36be28ed5aff3ff3ab012b19,12207,IAC-92AD8B6113ACE2DD7A7CEAA0496C76EF,I_ac,fulfilled
standard_rsp,159,MNO-D,ORDER-9AA079E00785CE3701B7C90E,ACCOUNT-c5c8c74c357aa867e5831fba,aura-smdpp.test,f6d014d83080d3829c6b78f745ddd45c2fb7a0b2d4c3f1169c4fb7d509f0ed3d,download,1801270726,PROFILE-02d32993192a18799c5f,f6d014d83080d3829c6b78f745ddd45c2fb7a0b2d4c3f1169c4fb7d509f0ed3d,12207,MID-5C9EFDE42D8A40E7B4F2C2D851425CFA,matching_id,fulfilled
aura_rsp,159,MNO-D,ORDER-928D747B227370DCE22D4B17,ACCOUNT-b7148bd1d34212df0d433bb8,aura-smdpp.test,f6d014d83080d3829c6b78f745ddd45c2fb7a0b2d4c3f1169c4fb7d509f0ed3d,download,1801270726,PROFILE-02d32993192a18799c5f,f6d014d83080d3829c6b78f745ddd45c2fb7a0b2d4c3f1169c4fb7d509f0ed3d,12207,IAC-BD6D99E9D3C75A3A85DED454FDCDE41D,I_ac,fulfilled
standard_rsp,160,MNO-D,ORDER-0E8BAC2C9B583441FC4510EB,ACCOUNT-c8da138e10aaf5b68171fd81,aura-smdpp.test,f8cfbffb374fd4892c4e0cb5e957e7b31cf6da463f76fe9cc72a6071eaae0404,download,1800941376,PROFILE-1850b304544efcb4527b,f8cfbffb374fd4892c4e0cb5e957e7b31cf6da463f76fe9cc72a6071eaae0404,12207,MID-DCF9BDFBDA5BBD7E77FA2EF31E54AF0E,matching_id,fulfilled
aura_rsp,160,MNO-D,ORDER-911E5DDD14DC95138E88215D,ACCOUNT-6d6c3366b2f7b42c9f8e0d87,aura-smdpp.test,f8cfbffb374fd4892c4e0cb5e957e7b31cf6da463f76fe9cc72a6071eaae0404,download,1800941376,PROFILE-1850b304544efcb4527b,f8cfbffb374fd4892c4e0cb5e957e7b31cf6da463f76fe9cc72a6071eaae0404,12207,IAC-9D1423D90C9812487A309056354B7252,I_ac,fulfilled
standard_rsp,161,MNO-D,ORDER-D12E407268174C2476B83694,ACCOUNT-9d2c785cb684d49d74ef7ad0,aura-smdpp.test,ff7936fc137e94280ff37ab59df69ff573b6e5e056502e03ba88a6d00024d29a,download,1801469436,PROFILE-0c18e78e918a7e961b06,ff7936fc137e94280ff37ab59df69ff573b6e5e056502e03ba88a6d00024d29a,12207,MID-0E21C6629025A6A5F70E99005E6FD853,matching_id,fulfilled
aura_rsp,161,MNO-D,ORDER-28D113A86C5110092709DB62,ACCOUNT-bd2c8c1240c0a14f8a7a0b4e,aura-smdpp.test,ff7936fc137e94280ff37ab59df69ff573b6e5e056502e03ba88a6d00024d29a,download,1801469436,PROFILE-0c18e78e918a7e961b06,ff7936fc137e94280ff37ab59df69ff573b6e5e056502e03ba88a6d00024d29a,12207,IAC-542066B5D1E5A8001B6E77D2C9122BE3,I_ac,fulfilled
standard_rsp,162,MNO-A,ORDER-7D9C89811EE18E2C8356E85E,ACCOUNT-c1507e9638551b53ae428d91,aura-smdpp.test,09546e5ae868221c3889758c2ceb1c9c02426d9bd7325c2c44cffa3448446471,download,1801056857,PROFILE-1914623cadf5c046d49f,09546e5ae868221c3889758c2ceb1c9c02426d9bd7325c2c44cffa3448446471,12207,MID-29E4EB5AEECF55A6E7068447D587D485,matching_id,fulfilled
aura_rsp,162,MNO-A,ORDER-84BBFD7A2830B1A57688BFF7,ACCOUNT-264d8728b373b646eb26f84a,aura-smdpp.test,09546e5ae868221c3889758c2ceb1c9c02426d9bd7325c2c44cffa3448446471,download,1801056857,PROFILE-1914623cadf5c046d49f,09546e5ae868221c3889758c2ceb1c9c02426d9bd7325c2c44cffa3448446471,12207,IAC-895A6106824236C331BD7B7C30B974E7,I_ac,fulfilled
standard_rsp,163,MNO-D,ORDER-5EDB86A88D3582A501911014,ACCOUNT-e2d6d15a93fc88182f778d17,aura-smdpp.test,68281d6da7869c169e1e0d8102d08fd63a3a4cd8aa9564bd147924ad6a2d26d2,download,1800092088,PROFILE-1ac295c6e257f60fa7f6,68281d6da7869c169e1e0d8102d08fd63a3a4cd8aa9564bd147924ad6a2d26d2,12207,MID-A4288B2BCBB1FBCC7368C746E52C595D,matching_id,fulfilled
aura_rsp,163,MNO-D,ORDER-5975C109C8C6CAE096FC521B,ACCOUNT-53051f2a89e25ea29758bbaf,aura-smdpp.test,68281d6da7869c169e1e0d8102d08fd63a3a4cd8aa9564bd147924ad6a2d26d2,download,1800092088,PROFILE-1ac295c6e257f60fa7f6,68281d6da7869c169e1e0d8102d08fd63a3a4cd8aa9564bd147924ad6a2d26d2,12207,IAC-C841E349B044CDC9EF5DA6BC8E7C9BBE,I_ac,fulfilled
standard_rsp,164,MNO-C,ORDER-B2A846400EDB269C20C30F03,ACCOUNT-3b573afc375f58cf19242554,aura-smdpp.test,e551e7c359630338163e2e050ee48c8e72ab42be0ab0a78680ab9d54b2d99ad7,download,1802346646,PROFILE-09b5e59e6b852b84ab46,e551e7c359630338163e2e050ee48c8e72ab42be0ab0a78680ab9d54b2d99ad7,12207,MID-B80BB81039BCF436AD4F1A8AF4B85CF4,matching_id,fulfilled
aura_rsp,164,MNO-C,ORDER-6DDEBA94EDFF9E65ACC91180,ACCOUNT-764ed9a8b19bbf516227ef86,aura-smdpp.test,e551e7c359630338163e2e050ee48c8e72ab42be0ab0a78680ab9d54b2d99ad7,download,1802346646,PROFILE-09b5e59e6b852b84ab46,e551e7c359630338163e2e050ee48c8e72ab42be0ab0a78680ab9d54b2d99ad7,12207,IAC-A7538CA8C58994F29F4E1EEF17BCA533,I_ac,fulfilled
standard_rsp,165,MNO-C,ORDER-EA54CA0FD77A1BD18B27ED4D,ACCOUNT-0b4a73b12532cfb667f3d967,aura-smdpp.test,2fbeaa239f48f95e0e55427e1c381801580ba89b8ef155fd2d88fa6ae31dcdf9,download,1800009023,PROFILE-0ec2b9f336c69845ccd5,2fbeaa239f48f95e0e55427e1c381801580ba89b8ef155fd2d88fa6ae31dcdf9,12207,MID-A25B8C2CF5183F784AFCCA2583687E6F,matching_id,fulfilled
aura_rsp,165,MNO-C,ORDER-34B44A226B705F2FF04FC50E,ACCOUNT-70c4c3f9fbf310c0151773e8,aura-smdpp.test,2fbeaa239f48f95e0e55427e1c381801580ba89b8ef155fd2d88fa6ae31dcdf9,download,1800009023,PROFILE-0ec2b9f336c69845ccd5,2fbeaa239f48f95e0e55427e1c381801580ba89b8ef155fd2d88fa6ae31dcdf9,12207,IAC-9F452E65BD1B6AB9BEA04C2639F0F50B,I_ac,fulfilled
standard_rsp,166,MNO-B,ORDER-D24F2C61BF73BE1D76B4A2DB,ACCOUNT-b564ebad2e54b3a9994db7d6,aura-smdpp.test,56927d1eba060f82dab5b6b986da28ed3e4dae48884ec9889ea39f6bc88380c6,download,1801611347,PROFILE-f1719e043030f3494bbd,56927d1eba060f82dab5b6b986da28ed3e4dae48884ec9889ea39f6bc88380c6,12207,MID-844189DC15E01E39084AAA09C168D27D,matching_id,fulfilled
aura_rsp,166,MNO-B,ORDER-D6EC3B08AC153E0AD29AAB40,ACCOUNT-5bd2b6bffc2267d4026cf095,aura-smdpp.test,56927d1eba060f82dab5b6b986da28ed3e4dae48884ec9889ea39f6bc88380c6,download,1801611347,PROFILE-f1719e043030f3494bbd,56927d1eba060f82dab5b6b986da28ed3e4dae48884ec9889ea39f6bc88380c6,12207,IAC-CA08CB2FC5BF7C5CB2AEEC8250C255B8,I_ac,fulfilled
standard_rsp,167,MNO-B,ORDER-0A10987C3486C7A64B1D5D97,ACCOUNT-2daf75f851d24e4ca87b0130,aura-smdpp.test,bbbafdaed7be82704d7118270ab5330467e6b7e25fe6a028feeb9410ed21f6c0,download,1800382850,PROFILE-0b2a18d59b489f6b60be,bbbafdaed7be82704d7118270ab5330467e6b7e25fe6a028feeb9410ed21f6c0,12207,MID-8177295CA566B3F59164EFA4B0EA6C28,matching_id,fulfilled
aura_rsp,167,MNO-B,ORDER-4FDE37C05AAA84DEFDBC7A12,ACCOUNT-a1415d2ba472aa48bc586e28,aura-smdpp.test,bbbafdaed7be82704d7118270ab5330467e6b7e25fe6a028feeb9410ed21f6c0,download,1800382850,PROFILE-0b2a18d59b489f6b60be,bbbafdaed7be82704d7118270ab5330467e6b7e25fe6a028feeb9410ed21f6c0,12207,IAC-50BC5738ABB453C8B39F20DE7A357FB5,I_ac,fulfilled
standard_rsp,168,MNO-B,ORDER-E9CB87AC4C8F69E35B28BA8A,ACCOUNT-63f0976704e369904d2b2f0a,aura-smdpp.test,b77e5afd27410a1c1077d89ddb12a6e2c4939c61eac6ba0a4f4e01324842805e,download,1801518887,PROFILE-bfd482b7829b0e3d50c4,b77e5afd27410a1c1077d89ddb12a6e2c4939c61eac6ba0a4f4e01324842805e,12207,MID-17F2263D5F1AF3A627811CB3E22B1062,matching_id,fulfilled
aura_rsp,168,MNO-B,ORDER-95138D6B5A89AB8DCF82098D,ACCOUNT-22780b2a4c7871811d14eeb3,aura-smdpp.test,b77e5afd27410a1c1077d89ddb12a6e2c4939c61eac6ba0a4f4e01324842805e,download,1801518887,PROFILE-bfd482b7829b0e3d50c4,b77e5afd27410a1c1077d89ddb12a6e2c4939c61eac6ba0a4f4e01324842805e,12207,IAC-E2DE7625ADECEE431ACEC18CFCB376C6,I_ac,fulfilled
standard_rsp,169,MNO-A,ORDER-A44FCB10ECD51A51C95B4661,ACCOUNT-75be6dc1a0f355e7913df486,aura-smdpp.test,93c317a6e2182a64b934eaf12a0960bdd139073d9cca31c297580ac7d24a8ae4,download,1801362428,PROFILE-596d3079e2887cc0bdc3,93c317a6e2182a64b934eaf12a0960bdd139073d9cca31c297580ac7d24a8ae4,12207,MID-E11B72AA3FF40C03CEC1568B35CD3D2F,matching_id,fulfilled
aura_rsp,169,MNO-A,ORDER-59EFD9E27D4258DBCF784852,ACCOUNT-1655c425f0ee46ce6df18625,aura-smdpp.test,93c317a6e2182a64b934eaf12a0960bdd139073d9cca31c297580ac7d24a8ae4,download,1801362428,PROFILE-596d3079e2887cc0bdc3,93c317a6e2182a64b934eaf12a0960bdd139073d9cca31c297580ac7d24a8ae4,12207,IAC-2763FB2229EAB04AF98C73CE29A0629F,I_ac,fulfilled
standard_rsp,170,MNO-D,ORDER-52CC9619D72AAE3372E9D953,ACCOUNT-a249de982a3d86a9805e716f,aura-smdpp.test,7323877cbd110345556cd675e5c0d7089b826ea0c13581b2b7a06cd6bc273dea,download,1800854990,PROFILE-810d52cb1adc6700dfa2,7323877cbd110345556cd675e5c0d7089b826ea0c13581b2b7a06cd6bc273dea,12207,MID-86C3223CAC9F236DD9DFA003A64BEACD,matching_id,fulfilled
aura_rsp,170,MNO-D,ORDER-DDCEAF5642ABBCD5A7589274,ACCOUNT-04286e18912043934c0acb54,aura-smdpp.test,7323877cbd110345556cd675e5c0d7089b826ea0c13581b2b7a06cd6bc273dea,download,1800854990,PROFILE-810d52cb1adc6700dfa2,7323877cbd110345556cd675e5c0d7089b826ea0c13581b2b7a06cd6bc273dea,12207,IAC-C63A7DC6711159465747517BCEBF4D7C,I_ac,fulfilled
standard_rsp,171,MNO-C,ORDER-6DCFBBED5CADA695EE5AC8DC,ACCOUNT-69cecd23f947b22a22c30fd6,aura-smdpp.test,36996447c37dd36df6eef10d01216708070538929e1dc267b4e573ae427b61c7,download,1800773900,PROFILE-f580e8ef327f6d131dc4,36996447c37dd36df6eef10d01216708070538929e1dc267b4e573ae427b61c7,12207,MID-D910329A4B72BEFBB46BF76D56810131,matching_id,fulfilled
aura_rsp,171,MNO-C,ORDER-D4F43A98DEEC445565AC5A55,ACCOUNT-e05ea7a10affbfa4fc78e737,aura-smdpp.test,36996447c37dd36df6eef10d01216708070538929e1dc267b4e573ae427b61c7,download,1800773900,PROFILE-f580e8ef327f6d131dc4,36996447c37dd36df6eef10d01216708070538929e1dc267b4e573ae427b61c7,12207,IAC-B777BB3071FDEB13C17BB67CF3F9D5D2,I_ac,fulfilled
standard_rsp,172,MNO-D,ORDER-FBA3ECE121E07955F535BDA1,ACCOUNT-3c9fa5a8c16c2a490f859d9a,aura-smdpp.test,f16144f07f483878a6efb0299fb2b1336f282597aab6bcc4bb74f7848093154b,download,1801908066,PROFILE-38ee1ca101baa46e3f4a,f16144f07f483878a6efb0299fb2b1336f282597aab6bcc4bb74f7848093154b,12207,MID-0D3ED70E4B3BCA0C3D87183B766BD384,matching_id,fulfilled
aura_rsp,172,MNO-D,ORDER-83AF6D926E906FC2F44918A9,ACCOUNT-2a76c4ff76674f857407e56c,aura-smdpp.test,f16144f07f483878a6efb0299fb2b1336f282597aab6bcc4bb74f7848093154b,download,1801908066,PROFILE-38ee1ca101baa46e3f4a,f16144f07f483878a6efb0299fb2b1336f282597aab6bcc4bb74f7848093154b,12207,IAC-5DB20E9D2F0EDEAA4C17702822215296,I_ac,fulfilled
standard_rsp,173,MNO-B,ORDER-51BC3EE87A0B06555AF936D7,ACCOUNT-10ca52606dff03976df23f9a,aura-smdpp.test,ff618da7508ae74595e23230c96162fd02ae952671fc765d91b74e1b6f006024,download,1800000347,PROFILE-a14dd2d45a6bd086652e,ff618da7508ae74595e23230c96162fd02ae952671fc765d91b74e1b6f006024,12207,MID-9F99A03B989610C05C06E0634E711857,matching_id,fulfilled
aura_rsp,173,MNO-B,ORDER-500A3892A3A38761FBEAC624,ACCOUNT-62567c5543bed35ca2332aca,aura-smdpp.test,ff618da7508ae74595e23230c96162fd02ae952671fc765d91b74e1b6f006024,download,1800000347,PROFILE-a14dd2d45a6bd086652e,ff618da7508ae74595e23230c96162fd02ae952671fc765d91b74e1b6f006024,12207,IAC-1E00C551EC8EA4F7693F800709DF987B,I_ac,fulfilled
standard_rsp,174,MNO-D,ORDER-85C889F9D01E0828DC8CCA59,ACCOUNT-2306efd71c5d0dae38444754,aura-smdpp.test,c77ff37f2240c1f0ce375f18af5028c84afb23ff3d46b3b7a3bd8d599e9fa334,download,1801063028,PROFILE-1f51ce6efe7598e9a663,c77ff37f2240c1f0ce375f18af5028c84afb23ff3d46b3b7a3bd8d599e9fa334,12207,MID-90C08D677DEF8231DA62F61B71F5834C,matching_id,fulfilled
aura_rsp,174,MNO-D,ORDER-C4B8CE56B74730875BC3ACDA,ACCOUNT-db6a2d321d2559fea626d656,aura-smdpp.test,c77ff37f2240c1f0ce375f18af5028c84afb23ff3d46b3b7a3bd8d599e9fa334,download,1801063028,PROFILE-1f51ce6efe7598e9a663,c77ff37f2240c1f0ce375f18af5028c84afb23ff3d46b3b7a3bd8d599e9fa334,12207,IAC-D076F77C49B946D1A83F253EB966144F,I_ac,fulfilled
standard_rsp,175,MNO-A,ORDER-31FBE6909A080EF6D845B3B2,ACCOUNT-dcee1c97ac6c6976ed060620,aura-smdpp.test,eba90341f43e24efe2dd3845abdc5083b434cd6c1cd2ff1882421be53a50162b,download,1800524965,PROFILE-edb5740ed46658b5b283,eba90341f43e24efe2dd3845abdc5083b434cd6c1cd2ff1882421be53a50162b,12207,MID-BCDE7053E8483B3FE1A3AD528F51D358,matching_id,fulfilled
aura_rsp,175,MNO-A,ORDER-7D682E5AC09579B81772919B,ACCOUNT-116eb89df99370e561240684,aura-smdpp.test,eba90341f43e24efe2dd3845abdc5083b434cd6c1cd2ff1882421be53a50162b,download,1800524965,PROFILE-edb5740ed46658b5b283,eba90341f43e24efe2dd3845abdc5083b434cd6c1cd2ff1882421be53a50162b,12207,IAC-5D0161DE76BB713DE95C0B967D18D5CC,I_ac,fulfilled
standard_rsp,176,MNO-A,ORDER-3ECC0850E6CB098EAC680FCE,ACCOUNT-b5c749272b0adb050fa49e7c,aura-smdpp.test,bc65ae981a399f2625d6c9dcdaf631d1dc3afb5a413abb2a5888b5024815b773,download,1800531296,PROFILE-2c533cfba21caa3aae24,bc65ae981a399f2625d6c9dcdaf631d1dc3afb5a413abb2a5888b5024815b773,12207,MID-A5B36F5817EEF6CD79DEEBA06E87CBCB,matching_id,fulfilled
aura_rsp,176,MNO-A,ORDER-9A11CD10EAC1F48B78F38113,ACCOUNT-959c26e60c885d735f1b8078,aura-smdpp.test,bc65ae981a399f2625d6c9dcdaf631d1dc3afb5a413abb2a5888b5024815b773,download,1800531296,PROFILE-2c533cfba21caa3aae24,bc65ae981a399f2625d6c9dcdaf631d1dc3afb5a413abb2a5888b5024815b773,12207,IAC-2D81879D47EF763D077EA15943628E93,I_ac,fulfilled
standard_rsp,177,MNO-D,ORDER-C1B82D7FCE78CE3917638A5D,ACCOUNT-d79db62aa2d7e56f92652f54,aura-smdpp.test,e38fbac0a9557dedb096c9f3a8bd6e5e192254dec3c20d4861dc6ed40dedb36e,download,1800873907,PROFILE-74d9416a3c5b08abe06e,e38fbac0a9557dedb096c9f3a8bd6e5e192254dec3c20d4861dc6ed40dedb36e,12207,MID-2F5A1E2E49C91DD2777C45433D6E234C,matching_id,fulfilled
aura_rsp,177,MNO-D,ORDER-A91F22C9189C4483358E7338,ACCOUNT-410c09f30f6a1a76996dd3ba,aura-smdpp.test,e38fbac0a9557dedb096c9f3a8bd6e5e192254dec3c20d4861dc6ed40dedb36e,download,1800873907,PROFILE-74d9416a3c5b08abe06e,e38fbac0a9557dedb096c9f3a8bd6e5e192254dec3c20d4861dc6ed40dedb36e,12207,IAC-FED8E5C2C2E55311469526A19E19B5D1,I_ac,fulfilled
standard_rsp,178,MNO-D,ORDER-5D96278E51CB27B0CE59C1D6,ACCOUNT-e8e27a71d15ab4282499f58c,aura-smdpp.test,0e3d262e7823258606a1a2c9ef46b6d4a0e8eb370878f764d30c70275c178e3f,download,1802588305,PROFILE-d75710cefa05da287169,0e3d262e7823258606a1a2c9ef46b6d4a0e8eb370878f764d30c70275c178e3f,12207,MID-70E97BD7522CE89C0BB0A48131B20121,matching_id,fulfilled
aura_rsp,178,MNO-D,ORDER-15FDC0DC0080842298C7799F,ACCOUNT-7904c035b98828adf3173f20,aura-smdpp.test,0e3d262e7823258606a1a2c9ef46b6d4a0e8eb370878f764d30c70275c178e3f,download,1802588305,PROFILE-d75710cefa05da287169,0e3d262e7823258606a1a2c9ef46b6d4a0e8eb370878f764d30c70275c178e3f,12207,IAC-49E21010A3EB7D03B8EB95CDF2B41B81,I_ac,fulfilled
standard_rsp,179,MNO-D,ORDER-2228B838EB5A6687C46A9346,ACCOUNT-2ca6b5ad2eccf8092beafd3a,aura-smdpp.test,399f017bcd2ddd947fa82438d85ac4e96a422f6047ab61b7fb47f3fb6e45ea95,download,1801652063,PROFILE-07a41323ff3b42917bf9,399f017bcd2ddd947fa82438d85ac4e96a422f6047ab61b7fb47f3fb6e45ea95,12207,MID-47417642D94B97765AC361FC4F8796C3,matching_id,fulfilled
aura_rsp,179,MNO-D,ORDER-DC7D595FD6DC7C1532FF330A,ACCOUNT-04a08dcd0d089529dc4ff906,aura-smdpp.test,399f017bcd2ddd947fa82438d85ac4e96a422f6047ab61b7fb47f3fb6e45ea95,download,1801652063,PROFILE-07a41323ff3b42917bf9,399f017bcd2ddd947fa82438d85ac4e96a422f6047ab61b7fb47f3fb6e45ea95,12207,IAC-6873FF4CBE15DE9FF4EE958A418181D6,I_ac,fulfilled
standard_rsp,180,MNO-D,ORDER-879903A383B2834960417AE1,ACCOUNT-e45a87b5f5aea62cf081c285,aura-smdpp.test,be72ba5894efe5215b62366375612e6d777ceb4b6ebbc53ab89f455562382b52,download,1800388672,PROFILE-7bf21fe551ec500e0fc2,be72ba5894efe5215b62366375612e6d777ceb4b6ebbc53ab89f455562382b52,12207,MID-6CFCDEF00327548ADC7ADC4EE58F5B86,matching_id,fulfilled
aura_rsp,180,MNO-D,ORDER-293FC618DD6D0AE2DB5637B0,ACCOUNT-4018a8e7ed22c283cd541735,aura-smdpp.test,be72ba5894efe5215b62366375612e6d777ceb4b6ebbc53ab89f455562382b52,download,1800388672,PROFILE-7bf21fe551ec500e0fc2,be72ba5894efe5215b62366375612e6d777ceb4b6ebbc53ab89f455562382b52,12207,IAC-8FACF0DF1C0CAB26D3F5AC342D0AC958,I_ac,fulfilled
standard_rsp,181,MNO-B,ORDER-0BFB3CC8EC8393CDE9852538,ACCOUNT-6dbb32723b56f848a233f3a3,aura-smdpp.test,6a3469687a72be6565118f7f825dc818d769a871a494e5b53eda80f377392601,download,1801593412,PROFILE-dfd54496b48b4d6601f5,6a3469687a72be6565118f7f825dc818d769a871a494e5b53eda80f377392601,12207,MID-A5FD851283849047705DD3178283424E,matching_id,fulfilled
aura_rsp,181,MNO-B,ORDER-A0E92875E900E51664803F94,ACCOUNT-55d57987308418e944352ef9,aura-smdpp.test,6a3469687a72be6565118f7f825dc818d769a871a494e5b53eda80f377392601,download,1801593412,PROFILE-dfd54496b48b4d6601f5,6a3469687a72be6565118f7f825dc818d769a871a494e5b53eda80f377392601,12207,IAC-B35CCF2AE165F6B684757C856E7C857D,I_ac,fulfilled
standard_rsp,182,MNO-A,ORDER-166FECA8525D7B5EEB26449F,ACCOUNT-5cea05327d34e9ecedf82501,aura-smdpp.test,b161ceabe0c9dfe8a95bad9aeb51f226c6b6b9b5ce685ee497a7578dec41583c,download,1802184839,PROFILE-4d7f1395a19741033e12,b161ceabe0c9dfe8a95bad9aeb51f226c6b6b9b5ce685ee497a7578dec41583c,12207,MID-ECBC0E939B1349CE785EDDA6A4AF17E6,matching_id,fulfilled
aura_rsp,182,MNO-A,ORDER-3D753CFB2C446053244DB959,ACCOUNT-6fdb4f910ab17ed29c50b46f,aura-smdpp.test,b161ceabe0c9dfe8a95bad9aeb51f226c6b6b9b5ce685ee497a7578dec41583c,download,1802184839,PROFILE-4d7f1395a19741033e12,b161ceabe0c9dfe8a95bad9aeb51f226c6b6b9b5ce685ee497a7578dec41583c,12207,IAC-5A7E11937B16EAF9DFD22D4DAF77AC60,I_ac,fulfilled
standard_rsp,183,MNO-A,ORDER-9E7D5ED5B01131F3E36915A0,ACCOUNT-b3a94350e1c10181e4114002,aura-smdpp.test,da1c6ecfdc738e47714645d96401d9b3e483b95066d0f3a6ad312851f2ea85ca,download,1801479885,PROFILE-03ad4bc502cb39f864dc,da1c6ecfdc738e47714645d96401d9b3e483b95066d0f3a6ad312851f2ea85ca,12207,MID-C3F875F6FDD3E8DF8913C309C5736A16,matching_id,fulfilled
aura_rsp,183,MNO-A,ORDER-8B6DD0CE23F0D23DE3191489,ACCOUNT-5ffbb225ecce4443597f2e00,aura-smdpp.test,da1c6ecfdc738e47714645d96401d9b3e483b95066d0f3a6ad312851f2ea85ca,download,1801479885,PROFILE-03ad4bc502cb39f864dc,da1c6ecfdc738e47714645d96401d9b3e483b95066d0f3a6ad312851f2ea85ca,12207,IAC-54D64018A646AF8DE32E6C71DB00652F,I_ac,fulfilled
standard_rsp,184,MNO-C,ORDER-108A07C35AB56E1443C3A5E0,ACCOUNT-0af80dd439d29774a6d38886,aura-smdpp.test,5e39dfcd3c047d2fe247f96bec4cc6293860d0696a12a708a591f66c19c3f234,download,1801468958,PROFILE-3506c1c4f9103bc92e98,5e39dfcd3c047d2fe247f96bec4cc6293860d0696a12a708a591f66c19c3f234,12207,MID-EB68E35469E29E90D3BDD9F429060F3E,matching_id,fulfilled
aura_rsp,184,MNO-C,ORDER-A8D805C1BD0637BB07382CD8,ACCOUNT-23c22f3491b994466031c0e7,aura-smdpp.test,5e39dfcd3c047d2fe247f96bec4cc6293860d0696a12a708a591f66c19c3f234,download,1801468958,PROFILE-3506c1c4f9103bc92e98,5e39dfcd3c047d2fe247f96bec4cc6293860d0696a12a708a591f66c19c3f234,12207,IAC-841F3938D1C35927AEF9E2B0B0990210,I_ac,fulfilled
standard_rsp,185,MNO-B,ORDER-4FD8F672B014B9764EF1CBC2,ACCOUNT-57aa3e2b85af8c7b45ec4555,aura-smdpp.test,7771a3bc76024cabc113d7c6036004202e80875da6ca6c79eb21ebd47c048b94,download,1801131354,PROFILE-1632651fe9242615a24e,7771a3bc76024cabc113d7c6036004202e80875da6ca6c79eb21ebd47c048b94,12207,MID-8CD7D75E60757643FBC86F4CE5295C0A,matching_id,fulfilled
aura_rsp,185,MNO-B,ORDER-B63A6366F3FACC54AEFD4954,ACCOUNT-3b25dab3191b26990b0a0fc6,aura-smdpp.test,7771a3bc76024cabc113d7c6036004202e80875da6ca6c79eb21ebd47c048b94,download,1801131354,PROFILE-1632651fe9242615a24e,7771a3bc76024cabc113d7c6036004202e80875da6ca6c79eb21ebd47c048b94,12207,IAC-C989EA609BB34CAE6125275B4BC1759F,I_ac,fulfilled
standard_rsp,186,MNO-C,ORDER-EC24E1CD19A812B9F02452C3,ACCOUNT-45124759a8bb8b733734dc2f,aura-smdpp.test,dc3f987fc32b54ba93be6249ce366d8e91f69447a94ba2c7282fcda7cb246596,download,1801901847,PROFILE-5904ac62c3bf1cf8602f,dc3f987fc32b54ba93be6249ce366d8e91f69447a94ba2c7282fcda7cb246596,12207,MID-DDCBDE40889BE2A481BB4DD72E02D569,matching_id,fulfilled
aura_rsp,186,MNO-C,ORDER-CEAC7ABC1EF28007A422AAF1,ACCOUNT-4ac7f84fa918bfbe596097c8,aura-smdpp.test,dc3f987fc32b54ba93be6249ce366d8e91f69447a94ba2c7282fcda7cb246596,download,1801901847,PROFILE-5904ac62c3bf1cf8602f,dc3f987fc32b54ba93be6249ce366d8e91f69447a94ba2c7282fcda7cb246596,12207,IAC-EC0A9923054561AC96AC9E4A8080A978,I_ac,fulfilled
standard_rsp,187,MNO-D,ORDER-9B896A48F5B9A5F8E421A11E,ACCOUNT-4922c167f79b88d197b01416,aura-smdpp.test,e665a877a3a0687f5ceedfe6517b4f5e411734e35d7bf0b4819bc6098fad44b5,download,1800153702,PROFILE-ef7a9612cd20984a04cb,e665a877a3a0687f5ceedfe6517b4f5e411734e35d7bf0b4819bc6098fad44b5,12207,MID-ABA7B97AEF41FD39E781DDB40E638DD4,matching_id,fulfilled
aura_rsp,187,MNO-D,ORDER-76EB5CAE23BD7D1C75B60CF2,ACCOUNT-a701f79ec06eb48e64d39bd3,aura-smdpp.test,e665a877a3a0687f5ceedfe6517b4f5e411734e35d7bf0b4819bc6098fad44b5,download,1800153702,PROFILE-ef7a9612cd20984a04cb,e665a877a3a0687f5ceedfe6517b4f5e411734e35d7bf0b4819bc6098fad44b5,12207,IAC-A371B3D6EF3E5F37F392292B1BA8E7BE,I_ac,fulfilled
standard_rsp,188,MNO-C,ORDER-39A6096290C608B4D8353336,ACCOUNT-5f776100f7aec69f5ff160c0,aura-smdpp.test,c50ea6925037fc72f8cde27f97a808892e620c0b8ab413fdab8e6acfd3ec8ead,download,1800620452,PROFILE-735b2a2959457fc1e4d5,c50ea6925037fc72f8cde27f97a808892e620c0b8ab413fdab8e6acfd3ec8ead,12207,MID-AD126F22B1A14089D26CA70D840B1903,matching_id,fulfilled
aura_rsp,188,MNO-C,ORDER-AD71DD11B86C7A4737ED5D0F,ACCOUNT-c78ca5de66da7bb3601df06b,aura-smdpp.test,c50ea6925037fc72f8cde27f97a808892e620c0b8ab413fdab8e6acfd3ec8ead,download,1800620452,PROFILE-735b2a2959457fc1e4d5,c50ea6925037fc72f8cde27f97a808892e620c0b8ab413fdab8e6acfd3ec8ead,12207,IAC-7CA235CD16B3954AF884E1208414D427,I_ac,fulfilled
standard_rsp,189,MNO-B,ORDER-5AE53E3C8B166E89A1F3EF9A,ACCOUNT-e11e64e25d9f99f84e0f9dbf,aura-smdpp.test,3c27a7c9398c64051ed1241d69a10699dcfe7f2c1f5a3d4b97d0e16f069746be,download,1800484248,PROFILE-31ec9670ff39e03f9046,3c27a7c9398c64051ed1241d69a10699dcfe7f2c1f5a3d4b97d0e16f069746be,12207,MID-940BA3687F055D526F4C0AE1E7AEF5C4,matching_id,fulfilled
aura_rsp,189,MNO-B,ORDER-1A27AB44B7DA92ECA05512DA,ACCOUNT-20cb3e82ea9576699dd82ac4,aura-smdpp.test,3c27a7c9398c64051ed1241d69a10699dcfe7f2c1f5a3d4b97d0e16f069746be,download,1800484248,PROFILE-31ec9670ff39e03f9046,3c27a7c9398c64051ed1241d69a10699dcfe7f2c1f5a3d4b97d0e16f069746be,12207,IAC-3DDF26BE06853B004F11C4FDD49F5D97,I_ac,fulfilled
standard_rsp,190,MNO-A,ORDER-3C13B465EA3035C64C9AD984,ACCOUNT-4124df665e1caab261c4b463,aura-smdpp.test,f1258e758994f8babd6d50887fe2e5a9795c95b9ad58b6c0597a16ff4ae52e54,download,1801180480,PROFILE-ecc0102a15df90dc6177,f1258e758994f8babd6d50887fe2e5a9795c95b9ad58b6c0597a16ff4ae52e54,12207,MID-4B2B073C8EB6BE903B92F4701D100079,matching_id,fulfilled
aura_rsp,190,MNO-A,ORDER-D511D89199469CA0046C2C12,ACCOUNT-196ed3b2331a25c951e89a1b,aura-smdpp.test,f1258e758994f8babd6d50887fe2e5a9795c95b9ad58b6c0597a16ff4ae52e54,download,1801180480,PROFILE-ecc0102a15df90dc6177,f1258e758994f8babd6d50887fe2e5a9795c95b9ad58b6c0597a16ff4ae52e54,12207,IAC-8BE42DC76C3667177F606D044D44DB40,I_ac,fulfilled
standard_rsp,191,MNO-D,ORDER-7BA7453AC9E1FFA6B333B9E8,ACCOUNT-6227355f003125cc553ba4d3,aura-smdpp.test,2b766058e8d7a5623ca8c2905e96213bd54b670f55516bb2b0e03cfdfa3e81bc,download,1800258501,PROFILE-2b40eade8266f07fc6d6,2b766058e8d7a5623ca8c2905e96213bd54b670f55516bb2b0e03cfdfa3e81bc,12207,MID-94D545F115CDF4923C3EE5F7600851FF,matching_id,fulfilled
aura_rsp,191,MNO-D,ORDER-B401933830CB6413D8CA0021,ACCOUNT-26f33a99f40191c6bb203e89,aura-smdpp.test,2b766058e8d7a5623ca8c2905e96213bd54b670f55516bb2b0e03cfdfa3e81bc,download,1800258501,PROFILE-2b40eade8266f07fc6d6,2b766058e8d7a5623ca8c2905e96213bd54b670f55516bb2b0e03cfdfa3e81bc,12207,IAC-286EACD920C9D11DD1080F91726C9B1B,I_ac,fulfilled
standard_rsp,192,MNO-C,ORDER-20BD4CA4230940ABD94F0B22,ACCOUNT-1783621fb2c2f0cf5b245ba6,aura-smdpp.test,bb5e418715a97ca20e1e35db1e8184f5d7e8a1d7d966c9f0ec335e806a972f17,download,1801940117,PROFILE-91bb97e870b388696c76,bb5e418715a97ca20e1e35db1e8184f5d7e8a1d7d966c9f0ec335e806a972f17,12207,MID-4A6FADB6848A7039A5AA7ED928AD2B42,matching_id,fulfilled
aura_rsp,192,MNO-C,ORDER-53B7DAB70E6676C543A16EBF,ACCOUNT-fe64a09e40d02f7a7ebc4c07,aura-smdpp.test,bb5e418715a97ca20e1e35db1e8184f5d7e8a1d7d966c9f0ec335e806a972f17,download,1801940117,PROFILE-91bb97e870b388696c76,bb5e418715a97ca20e1e35db1e8184f5d7e8a1d7d966c9f0ec335e806a972f17,12207,IAC-45D08DDEAB1C123010AF5F699E3F5F39,I_ac,fulfilled
standard_rsp,193,MNO-C,ORDER-C453613CD5ED3789C59771DA,ACCOUNT-6636527f0073b2466cd688c5,aura-smdpp.test,57d2f6c678d1c2a4d92d090b515b942f9f902f46c1dd50707c5b11b0de9cd22f,download,1802233739,PROFILE-bddd4e93c3d9afa9fef7,57d2f6c678d1c2a4d92d090b515b942f9f902f46c1dd50707c5b11b0de9cd22f,12207,MID-39AE6DDFE1146A0095305EBFBF7E7971,matching_id,fulfilled
aura_rsp,193,MNO-C,ORDER-AD2D2D7A4E57F5DF89434174,ACCOUNT-b4c4d07cda6a8b7abb8d7849,aura-smdpp.test,57d2f6c678d1c2a4d92d090b515b942f9f902f46c1dd50707c5b11b0de9cd22f,download,1802233739,PROFILE-bddd4e93c3d9afa9fef7,57d2f6c678d1c2a4d92d090b515b942f9f902f46c1dd50707c5b11b0de9cd22f,12207,IAC-65E45199A93B9E155C48CACE3214128D,I_ac,fulfilled
standard_rsp,194,MNO-B,ORDER-F042CE02DB7A80D871E6D637,ACCOUNT-61065ca55d3ff363f4beb1e0,aura-smdpp.test,b2878cfa3593becccbef601b12a69fb468f02a69d00a0ee5b01a3c8f1d28cc64,download,1800545462,PROFILE-2c271bf6b95a29b5588b,b2878cfa3593becccbef601b12a69fb468f02a69d00a0ee5b01a3c8f1d28cc64,12207,MID-6F2DBA9B7856F3F6D09B32736A687FBC,matching_id,fulfilled
aura_rsp,194,MNO-B,ORDER-212F3C92CCADBA09C07D52AA,ACCOUNT-9427e4c074878b0128264393,aura-smdpp.test,b2878cfa3593becccbef601b12a69fb468f02a69d00a0ee5b01a3c8f1d28cc64,download,1800545462,PROFILE-2c271bf6b95a29b5588b,b2878cfa3593becccbef601b12a69fb468f02a69d00a0ee5b01a3c8f1d28cc64,12207,IAC-CCE94F34D1C86759D84AEB18951D3028,I_ac,fulfilled
standard_rsp,195,MNO-D,ORDER-86689355F2CB9F6E46442993,ACCOUNT-787a46902dcc95f9630450ec,aura-smdpp.test,69a0dbd9f2a275c4e5739e0515d5a1d8ba42889c2f1096d3be296ca18bf17c7d,download,1800998642,PROFILE-54ea8943420d493ca9cf,69a0dbd9f2a275c4e5739e0515d5a1d8ba42889c2f1096d3be296ca18bf17c7d,12207,MID-606CC04E426E2AA2C3F1D3F2CC3C1E55,matching_id,fulfilled
aura_rsp,195,MNO-D,ORDER-ECBBD7D36135BE6C13EF5BC0,ACCOUNT-88824dce161f02e15cd748c5,aura-smdpp.test,69a0dbd9f2a275c4e5739e0515d5a1d8ba42889c2f1096d3be296ca18bf17c7d,download,1800998642,PROFILE-54ea8943420d493ca9cf,69a0dbd9f2a275c4e5739e0515d5a1d8ba42889c2f1096d3be296ca18bf17c7d,12207,IAC-B89EC7DBB6AE1E91261FA8D89A248438,I_ac,fulfilled
standard_rsp,196,MNO-A,ORDER-F98EE501D6F66DC615DE2A68,ACCOUNT-1adc3c968bde8b20d07df459,aura-smdpp.test,69161a4a8d96540c5a1f059c88ba51fa8728ba31bd1be9572ccdc84a3d7df8d5,download,1801873013,PROFILE-410d7efa82627c61bc22,69161a4a8d96540c5a1f059c88ba51fa8728ba31bd1be9572ccdc84a3d7df8d5,12207,MID-2B6EFA069843662E83DFF8E735716581,matching_id,fulfilled
aura_rsp,196,MNO-A,ORDER-54B2C4DC2712D3AA7A95D10F,ACCOUNT-414beab89093c47d40532c32,aura-smdpp.test,69161a4a8d96540c5a1f059c88ba51fa8728ba31bd1be9572ccdc84a3d7df8d5,download,1801873013,PROFILE-410d7efa82627c61bc22,69161a4a8d96540c5a1f059c88ba51fa8728ba31bd1be9572ccdc84a3d7df8d5,12207,IAC-F4A824ABF1C37F62A9DAC5CA9A698A88,I_ac,fulfilled
standard_rsp,197,MNO-D,ORDER-3236653A35A3EFE1C35B01C8,ACCOUNT-5c417fbfb00b5e6aa5b6bd4d,aura-smdpp.test,f991d8dd9061cf6b7416ebb2bb4f7eb03613bd885ac3a6b5ef3f3018ed709f41,download,1800407310,PROFILE-f09667c8fced73626ba9,f991d8dd9061cf6b7416ebb2bb4f7eb03613bd885ac3a6b5ef3f3018ed709f41,12207,MID-845F4F2C650AA2F6F4A42D39094B40EC,matching_id,fulfilled
aura_rsp,197,MNO-D,ORDER-64DD802A225B9C875046A7A5,ACCOUNT-b0f7f4f34b85dab9f5214f0b,aura-smdpp.test,f991d8dd9061cf6b7416ebb2bb4f7eb03613bd885ac3a6b5ef3f3018ed709f41,download,1800407310,PROFILE-f09667c8fced73626ba9,f991d8dd9061cf6b7416ebb2bb4f7eb03613bd885ac3a6b5ef3f3018ed709f41,12207,IAC-F7D995D8E3B09BC89928AE6E4329892C,I_ac,fulfilled
standard_rsp,198,MNO-A,ORDER-D5ED69FC2D4971D0E6FFF465,ACCOUNT-06796a5c0ce7e616924fdbf8,aura-smdpp.test,24e263911ad05a4b4ace7b95b11b6dc5404661958252f7e02bd54de023cf2957,download,1800435867,PROFILE-544adc0b8345544e33cd,24e263911ad05a4b4ace7b95b11b6dc5404661958252f7e02bd54de023cf2957,12207,MID-7D1E1ABD30D76F6572BBDBD984256EC0,matching_id,fulfilled
aura_rsp,198,MNO-A,ORDER-BBBB7ECF138EF7C4BB71520F,ACCOUNT-ca44f849b28294775ba9a1ee,aura-smdpp.test,24e263911ad05a4b4ace7b95b11b6dc5404661958252f7e02bd54de023cf2957,download,1800435867,PROFILE-544adc0b8345544e33cd,24e263911ad05a4b4ace7b95b11b6dc5404661958252f7e02bd54de023cf2957,12207,IAC-869825FB0722ADE940B33E9FC3838D44,I_ac,fulfilled
standard_rsp,199,MNO-B,ORDER-A795C5EA6DD0212FB3BB0082,ACCOUNT-12b0cfc4d11a192042078525,aura-smdpp.test,c64bb97556feb7d713f63be0199b8d8e7c9cc6523374d0bdca76dae7b998b241,download,1800949091,PROFILE-3d85f3664b8ff8f49eaa,c64bb97556feb7d713f63be0199b8d8e7c9cc6523374d0bdca76dae7b998b241,12207,MID-95F3D77A8AA1CB915DE8F91637DDD310,matching_id,fulfilled
aura_rsp,199,MNO-B,ORDER-DA9E1F5A3FD0515EDC37D1DB,ACCOUNT-7c967e01d778668002b0cbdf,aura-smdpp.test,c64bb97556feb7d713f63be0199b8d8e7c9cc6523374d0bdca76dae7b998b241,download,1800949091,PROFILE-3d85f3664b8ff8f49eaa,c64bb97556feb7d713f63be0199b8d8e7c9cc6523374d0bdca76dae7b998b241,12207,IAC-1DB058D6B4F606C865C36DF130E42929,I_ac,fulfilled
standard_rsp,200,MNO-A,ORDER-EE1ED0862134ED405BFC5E93,ACCOUNT-6e8843e922c47dc1d81e3705,aura-smdpp.test,56015dae72b2f931d135b9e73987a10bcc7ca1b91d18ed98f63b1a6a54088aea,download,1802303683,PROFILE-95d4be5ff2359bb91ec3,56015dae72b2f931d135b9e73987a10bcc7ca1b91d18ed98f63b1a6a54088aea,12207,MID-52CD1DA66E6C2127053C03B21A903B44,matching_id,fulfilled
aura_rsp,200,MNO-A,ORDER-44D9EEC53C222D0C0044BDAB,ACCOUNT-0c5f5e1733cadbda4d574181,aura-smdpp.test,56015dae72b2f931d135b9e73987a10bcc7ca1b91d18ed98f63b1a6a54088aea,download,1802303683,PROFILE-95d4be5ff2359bb91ec3,56015dae72b2f931d135b9e73987a10bcc7ca1b91d18ed98f63b1a6a54088aea,12207,IAC-9509B172C4533C6F750CE659AC456B73,I_ac,fulfilled
standard_rsp,201,MNO-B,ORDER-CCB7B544E69AEA2AE8BAE8D1,ACCOUNT-c9d31ff0ce423f8f78217c4b,aura-smdpp.test,7eeea7a53da48a59b0a3f6ef5e0525292474f4795f1876aa4218ee3a6887bb27,download,1800293925,PROFILE-9b5bdb5916ea131f682d,7eeea7a53da48a59b0a3f6ef5e0525292474f4795f1876aa4218ee3a6887bb27,12207,MID-05820A97D69363C0A9B27F07F5D220E1,matching_id,fulfilled
aura_rsp,201,MNO-B,ORDER-FFFDB0707CBF99AD6BC47076,ACCOUNT-939605c4ff26042f2cb605d8,aura-smdpp.test,7eeea7a53da48a59b0a3f6ef5e0525292474f4795f1876aa4218ee3a6887bb27,download,1800293925,PROFILE-9b5bdb5916ea131f682d,7eeea7a53da48a59b0a3f6ef5e0525292474f4795f1876aa4218ee3a6887bb27,12207,IAC-B6E053965263BDB5BE25F20E0F8C2D23,I_ac,fulfilled
standard_rsp,202,MNO-D,ORDER-8185DBA43E1A6DC1614BFD66,ACCOUNT-a29ecd8934c11b6dc26271b2,aura-smdpp.test,b833b66c1405bcf1ddfdb717676ea78e42f209dc452ae2c424372cde7ea933a1,download,1800900636,PROFILE-e1be947464aec7b03b3e,b833b66c1405bcf1ddfdb717676ea78e42f209dc452ae2c424372cde7ea933a1,12207,MID-B8050AC9106C016E5F8A5A7301BDFAFF,matching_id,fulfilled
aura_rsp,202,MNO-D,ORDER-D9983980509F2876D2BE9905,ACCOUNT-b1d5506ca6758485f13a0d35,aura-smdpp.test,b833b66c1405bcf1ddfdb717676ea78e42f209dc452ae2c424372cde7ea933a1,download,1800900636,PROFILE-e1be947464aec7b03b3e,b833b66c1405bcf1ddfdb717676ea78e42f209dc452ae2c424372cde7ea933a1,12207,IAC-556DB3CECF2A93706ED814BA4C28929B,I_ac,fulfilled
standard_rsp,203,MNO-C,ORDER-1E2784AF04FF5E41FDDD4D85,ACCOUNT-87d9841c0b5f4a09e0d7a7fa,aura-smdpp.test,fd74bb813b3428c40e10aeef277eae5c89918570a5156538ac68d44c4866283f,download,1801148765,PROFILE-4d26128abae7a4281f10,fd74bb813b3428c40e10aeef277eae5c89918570a5156538ac68d44c4866283f,12207,MID-17951AC0574C77E8A56556E850042D91,matching_id,fulfilled
aura_rsp,203,MNO-C,ORDER-40D60482E3FD171AFF4D52A6,ACCOUNT-fa9bb49066a9229261ad30f8,aura-smdpp.test,fd74bb813b3428c40e10aeef277eae5c89918570a5156538ac68d44c4866283f,download,1801148765,PROFILE-4d26128abae7a4281f10,fd74bb813b3428c40e10aeef277eae5c89918570a5156538ac68d44c4866283f,12207,IAC-C6C7FB6765B327E463273F996235EEAB,I_ac,fulfilled
standard_rsp,204,MNO-D,ORDER-ED4DD2C89F61155C25910681,ACCOUNT-317a9f8a38d695131c7f7374,aura-smdpp.test,1f0670f9bb3f040cf231f8df1130e97de5faaca7e1d16bf577e906342225f9ad,download,1802587743,PROFILE-adf267485ebfdf43752f,1f0670f9bb3f040cf231f8df1130e97de5faaca7e1d16bf577e906342225f9ad,12207,MID-3ACDAD4DA05A7413EB31BAD920683742,matching_id,fulfilled
aura_rsp,204,MNO-D,ORDER-19274371872A2E875F06D603,ACCOUNT-a7acc65ab349b976c7a49777,aura-smdpp.test,1f0670f9bb3f040cf231f8df1130e97de5faaca7e1d16bf577e906342225f9ad,download,1802587743,PROFILE-adf267485ebfdf43752f,1f0670f9bb3f040cf231f8df1130e97de5faaca7e1d16bf577e906342225f9ad,12207,IAC-D3CE307DEA09BDA2272F588E3EA739D2,I_ac,fulfilled
standard_rsp,205,MNO-C,ORDER-AB79C1DC9304787A3F7A93D1,ACCOUNT-430a6263b87174c626fd848f,aura-smdpp.test,e48d1f01b5281370d58a1fd39cf78d0821e18b3050956b91c17ef86f255c3ba1,download,1800538598,PROFILE-bcecbd12be8657fecc4b,e48d1f01b5281370d58a1fd39cf78d0821e18b3050956b91c17ef86f255c3ba1,12207,MID-E3D6472E0BB86475E2A0470DB307A121,matching_id,fulfilled
aura_rsp,205,MNO-C,ORDER-4203E1A9B2AE19CA81ED97A3,ACCOUNT-6542192190f08b29855a2f11,aura-smdpp.test,e48d1f01b5281370d58a1fd39cf78d0821e18b3050956b91c17ef86f255c3ba1,download,1800538598,PROFILE-bcecbd12be8657fecc4b,e48d1f01b5281370d58a1fd39cf78d0821e18b3050956b91c17ef86f255c3ba1,12207,IAC-50C63977DAF08129493ECCFD3A288AF8,I_ac,fulfilled
standard_rsp,206,MNO-C,ORDER-BEC16EB6C60168AAF8DCE2AE,ACCOUNT-2526a52ef20ea89fddd58d88,aura-smdpp.test,c625469c6128857da3e5e095a4c87c01cfcce59ec4ec1b900f76661cf426a0fb,download,1801563797,PROFILE-07d72141ee6b75b3c27e,c625469c6128857da3e5e095a4c87c01cfcce59ec4ec1b900f76661cf426a0fb,12207,MID-4AA71031A6209CF7F2C59588B55A93FF,matching_id,fulfilled
aura_rsp,206,MNO-C,ORDER-D6B1D85768682973D7C3319B,ACCOUNT-2bde9e7d0781d515430862b9,aura-smdpp.test,c625469c6128857da3e5e095a4c87c01cfcce59ec4ec1b900f76661cf426a0fb,download,1801563797,PROFILE-07d72141ee6b75b3c27e,c625469c6128857da3e5e095a4c87c01cfcce59ec4ec1b900f76661cf426a0fb,12207,IAC-ADE42BB319E7C5FB386330ADF9F7BEFA,I_ac,fulfilled
standard_rsp,207,MNO-B,ORDER-CA805FFA87651290F0E939B1,ACCOUNT-b088abe0cec3ba5f41ed2630,aura-smdpp.test,a8048a9e3d3da0839aa2ad9ed74929afb59734ffec57f34ba8164f144aab966f,download,1800035159,PROFILE-3c469a4b1710fbfd0a50,a8048a9e3d3da0839aa2ad9ed74929afb59734ffec57f34ba8164f144aab966f,12207,MID-5488CC1A56DA76517BE389AE11EF4ACF,matching_id,fulfilled
aura_rsp,207,MNO-B,ORDER-337E5DE1E7D3E8F09FA31783,ACCOUNT-7aae115898f2ee48af57e47d,aura-smdpp.test,a8048a9e3d3da0839aa2ad9ed74929afb59734ffec57f34ba8164f144aab966f,download,1800035159,PROFILE-3c469a4b1710fbfd0a50,a8048a9e3d3da0839aa2ad9ed74929afb59734ffec57f34ba8164f144aab966f,12207,IAC-487E3BB759AED981298ADE5D217E4A61,I_ac,fulfilled
standard_rsp,208,MNO-B,ORDER-42F8030EE8345CF3582E6541,ACCOUNT-a50b32321ede7fa5fbaaf6ba,aura-smdpp.test,cc0627375760d18994981cc59cadd196be8a19b11040c699b2489fcd0424d6f4,download,1800467803,PROFILE-4b28003d2c70cb137e29,cc0627375760d18994981cc59cadd196be8a19b11040c699b2489fcd0424d6f4,12207,MID-1231297FDA67530DC2AB29F6B5F601C6,matching_id,fulfilled
aura_rsp,208,MNO-B,ORDER-BBD9489F22F5014E11218066,ACCOUNT-253c61f60d7db519324f96a9,aura-smdpp.test,cc0627375760d18994981cc59cadd196be8a19b11040c699b2489fcd0424d6f4,download,1800467803,PROFILE-4b28003d2c70cb137e29,cc0627375760d18994981cc59cadd196be8a19b11040c699b2489fcd0424d6f4,12207,IAC-8AFF2E8B99C55A4545BC84CA49120709,I_ac,fulfilled
standard_rsp,209,MNO-D,ORDER-B6B6AD3659CE321706DEFA05,ACCOUNT-1d6e437272d03063c9ddd754,aura-smdpp.test,42df3fe3ae300fae7965b053c4202251dcf4c371c041779f102eea6207818a7b,download,1801287392,PROFILE-eeff0856f70076179333,42df3fe3ae300fae7965b053c4202251dcf4c371c041779f102eea6207818a7b,12207,MID-77B9CD99AC37BBCAA4BD6E48A9944393,matching_id,fulfilled
aura_rsp,209,MNO-D,ORDER-7648021139D7B03A9D795E39,ACCOUNT-6f86bc7fd0271a9800bb0f09,aura-smdpp.test,42df3fe3ae300fae7965b053c4202251dcf4c371c041779f102eea6207818a7b,download,1801287392,PROFILE-eeff0856f70076179333,42df3fe3ae300fae7965b053c4202251dcf4c371c041779f102eea6207818a7b,12207,IAC-5434190F5C636DD58AFAD2EB5A0FA22A,I_ac,fulfilled
standard_rsp,210,MNO-C,ORDER-7E61C94ABEBE4EE4AAA500A4,ACCOUNT-184bb89704a8e16ab28a4299,aura-smdpp.test,9f76c29acf8cd417e781e7fd92ac0963822d12c4aa0f149b1fe6de822e58e548,download,1802013960,PROFILE-8b5ffbca4133f1d89428,9f76c29acf8cd417e781e7fd92ac0963822d12c4aa0f149b1fe6de822e58e548,12207,MID-730D7B5A69524352C2F898E33F019691,matching_id,fulfilled
aura_rsp,210,MNO-C,ORDER-2570EDC2BD3E9843A38D016F,ACCOUNT-9e67a6b6d5c0a3b78809c08b,aura-smdpp.test,9f76c29acf8cd417e781e7fd92ac0963822d12c4aa0f149b1fe6de822e58e548,download,1802013960,PROFILE-8b5ffbca4133f1d89428,9f76c29acf8cd417e781e7fd92ac0963822d12c4aa0f149b1fe6de822e58e548,12207,IAC-7783C22F44FC2332B9D6FE0AC7DDD698,I_ac,fulfilled
standard_rsp,211,MNO-C,ORDER-D9BADC7EC616052F5C0C6C72,ACCOUNT-c3daf54f05e53140dac7fa3d,aura-smdpp.test,580d6e03176be6ae6ef5e6a24eab9f8c1a28f035e4928bab8d9fc2b367b5642c,download,1802359233,PROFILE-f162844b9ca3d4622db2,580d6e03176be6ae6ef5e6a24eab9f8c1a28f035e4928bab8d9fc2b367b5642c,12207,MID-67FF754DA51A3DA5E0FFA6D846A87DA0,matching_id,fulfilled
aura_rsp,211,MNO-C,ORDER-8A3534461386259CE45A9E7E,ACCOUNT-77fd84eb358dd6d957c9eb2c,aura-smdpp.test,580d6e03176be6ae6ef5e6a24eab9f8c1a28f035e4928bab8d9fc2b367b5642c,download,1802359233,PROFILE-f162844b9ca3d4622db2,580d6e03176be6ae6ef5e6a24eab9f8c1a28f035e4928bab8d9fc2b367b5642c,12207,IAC-01D510792A1A0A6E1424A94412007AE0,I_ac,fulfilled
standard_rsp,212,MNO-B,ORDER-50187878779B1AA96898CE2E,ACCOUNT-6fbffbc0d31a37433e542324,aura-smdpp.test,9b8cbdb4f65b62aaa1161db50fed995547ff7f361f63b821756fea5c2cbade12,download,1800949616,PROFILE-8dfdf2fcb78c5bcdfe85,9b8cbdb4f65b62aaa1161db50fed995547ff7f361f63b821756fea5c2cbade12,12207,MID-89FF54D7C7B81395C14F4CAD6060DFA7,matching_id,fulfilled
aura_rsp,212,MNO-B,ORDER-A489C3D0D903DA200C3DE42A,ACCOUNT-438e792a511089251cabcf68,aura-smdpp.test,9b8cbdb4f65b62aaa1161db50fed995547ff7f361f63b821756fea5c2cbade12,download,1800949616,PROFILE-8dfdf2fcb78c5bcdfe85,9b8cbdb4f65b62aaa1161db50fed995547ff7f361f63b821756fea5c2cbade12,12207,IAC-EB602FAD81E3893AC196A190279352E0,I_ac,fulfilled
standard_rsp,213,MNO-D,ORDER-61E7695B749C7FBDDA2895CD,ACCOUNT-215b72dd65bc6343ecdfd347,aura-smdpp.test,adbff99cf484d46a8e1697f19ed864295640ff9ba5c3561949f1a548618cee22,download,1802568206,PROFILE-ccdd5132a74d6e5110d1,adbff99cf484d46a8e1697f19ed864295640ff9ba5c3561949f1a548618cee22,12207,MID-F584548E450B215E961CB4E03385A152,matching_id,fulfilled
aura_rsp,213,MNO-D,ORDER-FE2CA63D644B1747470A52A6,ACCOUNT-5475b97d44f6166c30553b70,aura-smdpp.test,adbff99cf484d46a8e1697f19ed864295640ff9ba5c3561949f1a548618cee22,download,1802568206,PROFILE-ccdd5132a74d6e5110d1,adbff99cf484d46a8e1697f19ed864295640ff9ba5c3561949f1a548618cee22,12207,IAC-92A11B90A929D78CF5829A7AF2C90A63,I_ac,fulfilled
standard_rsp,214,MNO-C,ORDER-55700B4B82D5236F239AEA01,ACCOUNT-545c5a8c597889d18d4e25e4,aura-smdpp.test,b2c5239db38fd0cc5237d612e4b456dec5a2ba372335e455a40c4cd0ed2a440c,download,1802390959,PROFILE-e66dddb2ec52b51885aa,b2c5239db38fd0cc5237d612e4b456dec5a2ba372335e455a40c4cd0ed2a440c,12207,MID-0E66CFC381BA1DE8582BA418004AF1F1,matching_id,fulfilled
aura_rsp,214,MNO-C,ORDER-A016D8B0B3FEC1504D8372F4,ACCOUNT-3edafd67777cdc651f48c8b3,aura-smdpp.test,b2c5239db38fd0cc5237d612e4b456dec5a2ba372335e455a40c4cd0ed2a440c,download,1802390959,PROFILE-e66dddb2ec52b51885aa,b2c5239db38fd0cc5237d612e4b456dec5a2ba372335e455a40c4cd0ed2a440c,12207,IAC-B5534865E8D5366A5EBBBD394068E82E,I_ac,fulfilled
standard_rsp,215,MNO-C,ORDER-9F0172F6106630235AA68CE2,ACCOUNT-e5ae68502a15a173700b11b1,aura-smdpp.test,18e27903d1ee96fa0eff009ed9b5b528a7484511b60d5619289377d1b034f495,download,1801981370,PROFILE-a7be1f7589178445643d,18e27903d1ee96fa0eff009ed9b5b528a7484511b60d5619289377d1b034f495,12207,MID-C25DEE1E33B8C3AFAD55BF8BC6058DBB,matching_id,fulfilled
aura_rsp,215,MNO-C,ORDER-195428E5D63695FE8EB9F6A2,ACCOUNT-a28c2adb76c9c89ec5671369,aura-smdpp.test,18e27903d1ee96fa0eff009ed9b5b528a7484511b60d5619289377d1b034f495,download,1801981370,PROFILE-a7be1f7589178445643d,18e27903d1ee96fa0eff009ed9b5b528a7484511b60d5619289377d1b034f495,12207,IAC-EC59551C2651C5BB03435A1AB510FF4D,I_ac,fulfilled
standard_rsp,216,MNO-A,ORDER-B11552362C1984CF208EE1FE,ACCOUNT-8e5088e7083ee52c898f192c,aura-smdpp.test,8b0bedaff9fbee0c0cea0abe063998eccd80399c1dcb452ac88cb79531c57d81,download,1801601619,PROFILE-4e312983aab7da8b7bda,8b0bedaff9fbee0c0cea0abe063998eccd80399c1dcb452ac88cb79531c57d81,12207,MID-567F18AE153C9A2BE149B5D8ABAA817F,matching_id,fulfilled
aura_rsp,216,MNO-A,ORDER-58B648B8E2FB9ADFFBBE8924,ACCOUNT-11fd34fbdc05fed90b632cd6,aura-smdpp.test,8b0bedaff9fbee0c0cea0abe063998eccd80399c1dcb452ac88cb79531c57d81,download,1801601619,PROFILE-4e312983aab7da8b7bda,8b0bedaff9fbee0c0cea0abe063998eccd80399c1dcb452ac88cb79531c57d81,12207,IAC-DA771AE82EC9BF844BF2DCF385CAB26F,I_ac,fulfilled
standard_rsp,217,MNO-B,ORDER-9FF0FA5233C9883557D347D8,ACCOUNT-03afc1955e2de7b10820d6f3,aura-smdpp.test,e594bab2b6602e75f8b1a3a79879f68797c13707a2ca91f91dd5ec3bcc46e5f8,download,1800320588,PROFILE-b9e4a98cce822adb2916,e594bab2b6602e75f8b1a3a79879f68797c13707a2ca91f91dd5ec3bcc46e5f8,12207,MID-2A9438E6EB4DDBB3B1DA99DE753D9190,matching_id,fulfilled
aura_rsp,217,MNO-B,ORDER-F5E54B85718E596EBFFD4372,ACCOUNT-e278ff98331b2db317f77012,aura-smdpp.test,e594bab2b6602e75f8b1a3a79879f68797c13707a2ca91f91dd5ec3bcc46e5f8,download,1800320588,PROFILE-b9e4a98cce822adb2916,e594bab2b6602e75f8b1a3a79879f68797c13707a2ca91f91dd5ec3bcc46e5f8,12207,IAC-B07ADD18A266E6430676CA3DBD6A4FDA,I_ac,fulfilled
standard_rsp,218,MNO-C,ORDER-93FA54EFB71E1DCB38B8C641,ACCOUNT-d864197742801ac31a466092,aura-smdpp.test,f550638a4d08172e7baed9a369d76a9d0cda0685b28ae179fa976480e5f103e1,download,1801432922,PROFILE-fef9364447dd86bc5a5e,f550638a4d08172e7baed9a369d76a9d0cda0685b28ae179fa976480e5f103e1,12207,MID-454A8AE063CB7B3B96B7868D81BF36BE,matching_id,fulfilled
aura_rsp,218,MNO-C,ORDER-46F7F7E474050C6E976066CE,ACCOUNT-7ed3a3e7a47a6618bc6aa121,aura-smdpp.test,f550638a4d08172e7baed9a369d76a9d0cda0685b28ae179fa976480e5f103e1,download,1801432922,PROFILE-fef9364447dd86bc5a5e,f550638a4d08172e7baed9a369d76a9d0cda0685b28ae179fa976480e5f103e1,12207,IAC-8AD8468F4EEDE997365569653783211D,I_ac,fulfilled
standard_rsp,219,MNO-C,ORDER-2A75ADADCF1F9342FF81C1DE,ACCOUNT-a050d2ec43f8510f505be7cd,aura-smdpp.test,f078d9afd69cd9f0b1572e562186c0391ed3e32d83c975a29839db8014748552,download,1800645309,PROFILE-e15d186761efb3fbc7d1,f078d9afd69cd9f0b1572e562186c0391ed3e32d83c975a29839db8014748552,12207,MID-15DEA2F33FF3167499E7F50CC8C46FC2,matching_id,fulfilled
aura_rsp,219,MNO-C,ORDER-E88440BC90B56D0D588FA918,ACCOUNT-efa9b40f63b596481929deb2,aura-smdpp.test,f078d9afd69cd9f0b1572e562186c0391ed3e32d83c975a29839db8014748552,download,1800645309,PROFILE-e15d186761efb3fbc7d1,f078d9afd69cd9f0b1572e562186c0391ed3e32d83c975a29839db8014748552,12207,IAC-A1A7797C5B4037A923F101B8F7507B81,I_ac,fulfilled
standard_rsp,220,MNO-A,ORDER-78AF9A000DA523FC017FF0B1,ACCOUNT-a7ebb949bb2a30d9529bbc4e,aura-smdpp.test,7f446936047921365ef4f06c1bcf140bbf4a0451a59abc810e5deeb0fd26861f,download,1801840566,PROFILE-0b5712ddf338b40274a1,7f446936047921365ef4f06c1bcf140bbf4a0451a59abc810e5deeb0fd26861f,12207,MID-A039D353178777D9CAB16D0085656529,matching_id,fulfilled
aura_rsp,220,MNO-A,ORDER-2E7CEB1993767ECFB16D9305,ACCOUNT-27ea28d1782e9b5dc1389c21,aura-smdpp.test,7f446936047921365ef4f06c1bcf140bbf4a0451a59abc810e5deeb0fd26861f,download,1801840566,PROFILE-0b5712ddf338b40274a1,7f446936047921365ef4f06c1bcf140bbf4a0451a59abc810e5deeb0fd26861f,12207,IAC-6AF7D5B998EC507CDCD49FD53F50AF7B,I_ac,fulfilled
standard_rsp,221,MNO-D,ORDER-3CAA79E26E3CCA29F6C18B43,ACCOUNT-817a528f2099e57f41fff864,aura-smdpp.test,a7e3ca00648721763576cb7a1692007953c4f06c435b2667cb603f3195fa7687,download,1801389353,PROFILE-4035dc54b9b45c4fab00,a7e3ca00648721763576cb7a1692007953c4f06c435b2667cb603f3195fa7687,12207,MID-279E959FB59F580D56AEC83DFD9D7C8B,matching_id,fulfilled
aura_rsp,221,MNO-D,ORDER-97C3920F48807F47DD6B4820,ACCOUNT-1bad8f286b5b32149800d56d,aura-smdpp.test,a7e3ca00648721763576cb7a1692007953c4f06c435b2667cb603f3195fa7687,download,1801389353,PROFILE-4035dc54b9b45c4fab00,a7e3ca00648721763576cb7a1692007953c4f06c435b2667cb603f3195fa7687,12207,IAC-196E12471053BF624316D10145D5EEB8,I_ac,fulfilled
standard_rsp,222,MNO-A,ORDER-78046EDBCCA7925A870811A6,ACCOUNT-1bab40b54f6134ec7e16fe0a,aura-smdpp.test,8f33e9b946a72efb5324cb8c4b0929591c3a3d90d46068a9937208f0d317fd45,download,1802112277,PROFILE-e2a9fd3fe377296e32ec,8f33e9b946a72efb5324cb8c4b0929591c3a3d90d46068a9937208f0d317fd45,12207,MID-6EA13AC3049BE089188A5C700C424E93,matching_id,fulfilled
aura_rsp,222,MNO-A,ORDER-07140490F174209B50B2F9A3,ACCOUNT-d0368afe5d2f45a2e3d23f43,aura-smdpp.test,8f33e9b946a72efb5324cb8c4b0929591c3a3d90d46068a9937208f0d317fd45,download,1802112277,PROFILE-e2a9fd3fe377296e32ec,8f33e9b946a72efb5324cb8c4b0929591c3a3d90d46068a9937208f0d317fd45,12207,IAC-9EEF24C713B0EA262CD750DFD2E64D16,I_ac,fulfilled
standard_rsp,223,MNO-D,ORDER-64AA5D389D35E70AB9DE2259,ACCOUNT-a2240780992679beb8fd914b,aura-smdpp.test,35c0726908151bb2482b12fe1e21be11955435daa50a2b54f5fd190d2a498ff6,download,1802531902,PROFILE-cbbdc0babd811cf41ddf,35c0726908151bb2482b12fe1e21be11955435daa50a2b54f5fd190d2a498ff6,12207,MID-16644B3FE4EF547536356215FE58BCBE,matching_id,fulfilled
aura_rsp,223,MNO-D,ORDER-C1B58A243845F22283990F8F,ACCOUNT-14cc7bebb1b22f3fab17431d,aura-smdpp.test,35c0726908151bb2482b12fe1e21be11955435daa50a2b54f5fd190d2a498ff6,download,1802531902,PROFILE-cbbdc0babd811cf41ddf,35c0726908151bb2482b12fe1e21be11955435daa50a2b54f5fd190d2a498ff6,12207,IAC-9F42CA6EC4F463985EC49551927BD4AC,I_ac,fulfilled
standard_rsp,224,MNO-A,ORDER-8FAA6832B022FB7744EF7FE9,ACCOUNT-6687d50635f114170a77c62f,aura-smdpp.test,f944defe563ceba702aadf1891d2aa898ff37ac14f75109a3930da7c053fb357,download,1802153654,PROFILE-5567fc046d182e847280,f944defe563ceba702aadf1891d2aa898ff37ac14f75109a3930da7c053fb357,12207,MID-EB35422B7A3ADD69BEAF223D2CF0B4A5,matching_id,fulfilled
aura_rsp,224,MNO-A,ORDER-8230AAF2EA71922C1E255B09,ACCOUNT-aaa50698408867d52966d320,aura-smdpp.test,f944defe563ceba702aadf1891d2aa898ff37ac14f75109a3930da7c053fb357,download,1802153654,PROFILE-5567fc046d182e847280,f944defe563ceba702aadf1891d2aa898ff37ac14f75109a3930da7c053fb357,12207,IAC-A5034D63957C689D322C690ED652C9E6,I_ac,fulfilled
standard_rsp,225,MNO-D,ORDER-2F4919A04234C77D6375E9D8,ACCOUNT-228d8e9c9affb8a5b78ed1b4,aura-smdpp.test,e965aedf7d17558d23a690cae0fd58c78f2d9e565137094eb199cdbc2c4676c4,download,1802109109,PROFILE-c4365ad57db6d39ff633,e965aedf7d17558d23a690cae0fd58c78f2d9e565137094eb199cdbc2c4676c4,12207,MID-86FA3B388CB8FC9CB5343354811B42D4,matching_id,fulfilled
aura_rsp,225,MNO-D,ORDER-A9E136784782AF0D5CA22F61,ACCOUNT-8a805dad16aae70bc7f9c107,aura-smdpp.test,e965aedf7d17558d23a690cae0fd58c78f2d9e565137094eb199cdbc2c4676c4,download,1802109109,PROFILE-c4365ad57db6d39ff633,e965aedf7d17558d23a690cae0fd58c78f2d9e565137094eb199cdbc2c4676c4,12207,IAC-E55EFDF7FCA6A96711FF0F916FE77C2B,I_ac,fulfilled
standard_rsp,226,MNO-A,ORDER-8A7431B43219CA7D003DADCB,ACCOUNT-ab8c2ca4413fae91e561ddb4,aura-smdpp.test,773a9df732e5227f29a822715d4f835ba9c076a829b3ed38f5f1670f2057f7e1,download,1800325364,PROFILE-36e3a8a9b5720681266f,773a9df732e5227f29a822715d4f835ba9c076a829b3ed38f5f1670f2057f7e1,12207,MID-543483C5C21474B1752FB335C7D1B0D9,matching_id,fulfilled
aura_rsp,226,MNO-A,ORDER-2673B380E9E7EE4C49D0B6B5,ACCOUNT-a24fc9abce5d61ffdd6fad2f,aura-smdpp.test,773a9df732e5227f29a822715d4f835ba9c076a829b3ed38f5f1670f2057f7e1,download,1800325364,PROFILE-36e3a8a9b5720681266f,773a9df732e5227f29a822715d4f835ba9c076a829b3ed38f5f1670f2057f7e1,12207,IAC-F88FD98ABBA7927F16B6C51315B0103D,I_ac,fulfilled
standard_rsp,227,MNO-B,ORDER-92852B2CC6DC5379B865E1A5,ACCOUNT-a1de6b0dcaf9b392b1a27ec5,aura-smdpp.test,404dea12082f4edfcdf431b29d83b1717ca391e995c5dddc4601f85e3c6d24ca,download,1800506009,PROFILE-18625a70f21d4163aa33,404dea12082f4edfcdf431b29d83b1717ca391e995c5dddc4601f85e3c6d24ca,12207,MID-E417C247E39D6B3611FAA787C3777291,matching_id,fulfilled
aura_rsp,227,MNO-B,ORDER-6AE876A6E0E380E0A63A1E35,ACCOUNT-9618698f4387490f1f1ef847,aura-smdpp.test,404dea12082f4edfcdf431b29d83b1717ca391e995c5dddc4601f85e3c6d24ca,download,1800506009,PROFILE-18625a70f21d4163aa33,404dea12082f4edfcdf431b29d83b1717ca391e995c5dddc4601f85e3c6d24ca,12207,IAC-680B428221821507D1D6B584B4D1FF5F,I_ac,fulfilled
standard_rsp,228,MNO-C,ORDER-025B95ECAACFB482DCEE255C,ACCOUNT-dc92b6e5efabac6359815925,aura-smdpp.test,d90f2b9276d33267a6b8d23dd6091674665e50e0c52e06c1eb468292e7515669,download,1801979839,PROFILE-45a91ba86239ea0dde48,d90f2b9276d33267a6b8d23dd6091674665e50e0c52e06c1eb468292e7515669,12207,MID-D6D39854009F4BBB14D1664058A40B69,matching_id,fulfilled
aura_rsp,228,MNO-C,ORDER-1CAF2E5128D8B45A07FD122D,ACCOUNT-4bd0ed0e49430a1026b14d08,aura-smdpp.test,d90f2b9276d33267a6b8d23dd6091674665e50e0c52e06c1eb468292e7515669,download,1801979839,PROFILE-45a91ba86239ea0dde48,d90f2b9276d33267a6b8d23dd6091674665e50e0c52e06c1eb468292e7515669,12207,IAC-43D81E367D1C197611FF248227F05751,I_ac,fulfilled
standard_rsp,229,MNO-C,ORDER-FBEFB347C65AEEBC6A1B825E,ACCOUNT-63a1c7764232324a1d3c0a36,aura-smdpp.test,fb099cce2073c71c4e633c22477d9a7d30bf7c3398aa23bd12ca958743b8b80c,download,1800710391,PROFILE-c5a0cadd6956f3bbecc3,fb099cce2073c71c4e633c22477d9a7d30bf7c3398aa23bd12ca958743b8b80c,12207,MID-9A160E655AF5C6B62B15FDAC58BACE07,matching_id,fulfilled
aura_rsp,229,MNO-C,ORDER-DA6A041BB15F17B493ABB1A0,ACCOUNT-75378067f884f380539344f2,aura-smdpp.test,fb099cce2073c71c4e633c22477d9a7d30bf7c3398aa23bd12ca958743b8b80c,download,1800710391,PROFILE-c5a0cadd6956f3bbecc3,fb099cce2073c71c4e633c22477d9a7d30bf7c3398aa23bd12ca958743b8b80c,12207,IAC-41F7D8597E91EE724F1E4B540CCC1511,I_ac,fulfilled
standard_rsp,230,MNO-D,ORDER-FFB248ED728B04B7FFB363DE,ACCOUNT-f8da27416e82dc5f1af0c651,aura-smdpp.test,c940c31183ad6055890a9eaff0cbb0447bd26cb56fd1575d7bb724947a77ba38,download,1800691946,PROFILE-68e9fc499a8af4f68c71,c940c31183ad6055890a9eaff0cbb0447bd26cb56fd1575d7bb724947a77ba38,12207,MID-B3F7A0177A81FB29BB322467A9188B3B,matching_id,fulfilled
aura_rsp,230,MNO-D,ORDER-3497B472BD9902EC5A37BE17,ACCOUNT-a161c22a8fb65c958ab23fa6,aura-smdpp.test,c940c31183ad6055890a9eaff0cbb0447bd26cb56fd1575d7bb724947a77ba38,download,1800691946,PROFILE-68e9fc499a8af4f68c71,c940c31183ad6055890a9eaff0cbb0447bd26cb56fd1575d7bb724947a77ba38,12207,IAC-774CE239A169307804362C19FFAF022D,I_ac,fulfilled
standard_rsp,231,MNO-C,ORDER-A784ACF97603169241AEE907,ACCOUNT-9c3300f00a9540ea5b8f8713,aura-smdpp.test,f9f69df6e9bc5ce010aecce80a92fdba85ae95e22719284d5355b27e5cc28637,download,1800546367,PROFILE-7e09d7c34c19312606f5,f9f69df6e9bc5ce010aecce80a92fdba85ae95e22719284d5355b27e5cc28637,12207,MID-AF5C11005ADD1F7CC7B7A5AB9F1F8FEA,matching_id,fulfilled
aura_rsp,231,MNO-C,ORDER-65C4F80FB1868629C049809A,ACCOUNT-5f0b0f3f4d66fa704f1a6447,aura-smdpp.test,f9f69df6e9bc5ce010aecce80a92fdba85ae95e22719284d5355b27e5cc28637,download,1800546367,PROFILE-7e09d7c34c19312606f5,f9f69df6e9bc5ce010aecce80a92fdba85ae95e22719284d5355b27e5cc28637,12207,IAC-C0F00B6F24D0D4A283654420C8BCA350,I_ac,fulfilled
standard_rsp,232,MNO-A,ORDER-28E1A1DE1A6F0EA21BEF3209,ACCOUNT-2da20dc833061f6819ea2fe9,aura-smdpp.test,5f6ebc67bbd2b3e8573c83771d4165dbddf77423e77d426fc5e882fec5730328,download,1801519015,PROFILE-3bef81418f18077cb6ef,5f6ebc67bbd2b3e8573c83771d4165dbddf77423e77d426fc5e882fec5730328,12207,MID-1CF23B12143D760385D752D69D8EE27F,matching_id,fulfilled
aura_rsp,232,MNO-A,ORDER-35D2E56C4D845490214C04A6,ACCOUNT-f1b8c0ce25deb8bf0987c3e2,aura-smdpp.test,5f6ebc67bbd2b3e8573c83771d4165dbddf77423e77d426fc5e882fec5730328,download,1801519015,PROFILE-3bef81418f18077cb6ef,5f6ebc67bbd2b3e8573c83771d4165dbddf77423e77d426fc5e882fec5730328,12207,IAC-ADFE1BE09B327471241C18177336AB02,I_ac,fulfilled
standard_rsp,233,MNO-A,ORDER-071A96AF9DA8202636886655,ACCOUNT-58cec5dd45f04d6f1b2e972a,aura-smdpp.test,5f79a79943d210420b79f873a38effea3b768688fdf101d96a38161b9a7fa95b,download,1800016039,PROFILE-432dc0a9789d217269fe,5f79a79943d210420b79f873a38effea3b768688fdf101d96a38161b9a7fa95b,12207,MID-38C690F3A4ECF00C994DC0AC67DFF150,matching_id,fulfilled
aura_rsp,233,MNO-A,ORDER-8C05C6DAFC69AADED8EE971C,ACCOUNT-d2d97adb54b240208d1f2478,aura-smdpp.test,5f79a79943d210420b79f873a38effea3b768688fdf101d96a38161b9a7fa95b,download,1800016039,PROFILE-432dc0a9789d217269fe,5f79a79943d210420b79f873a38effea3b768688fdf101d96a38161b9a7fa95b,12207,IAC-0AA61E38D0726FF04A1DF4CB5FBDB731,I_ac,fulfilled
standard_rsp,234,MNO-D,ORDER-B684ABE4ED7D812C6E90A1D4,ACCOUNT-c62d40a0007af9b4041dc7d6,aura-smdpp.test,28a4623c5de6ab6667526aaffad10b10c58111de948ea91491afc426d9de6512,download,1800066875,PROFILE-df4d9e58737c25e5ea4d,28a4623c5de6ab6667526aaffad10b10c58111de948ea91491afc426d9de6512,12207,MID-3EB9CA2AADC4F6ECA802E3215D0DE8EF,matching_id,fulfilled
aura_rsp,234,MNO-D,ORDER-345184D3DD08EFAEE50E4DB5,ACCOUNT-194d3d13eacea97b664bdc02,aura-smdpp.test,28a4623c5de6ab6667526aaffad10b10c58111de948ea91491afc426d9de6512,download,1800066875,PROFILE-df4d9e58737c25e5ea4d,28a4623c5de6ab6667526aaffad10b10c58111de948ea91491afc426d9de6512,12207,IAC-53B5F169BB5C6484FA38BD845F449FA6,I_ac,fulfilled
standard_rsp,235,MNO-A,ORDER-CDCA176BBEFA741D4922A796,ACCOUNT-6f88e4b353e02d92f7d92638,aura-smdpp.test,cd8883cc3e425f740635b5c67c3c308655caab6c8cd43ecf8d8f52e09a4d4016,download,1801480175,PROFILE-86e7cc84c31c0f0f2bd0,cd8883cc3e425f740635b5c67c3c308655caab6c8cd43ecf8d8f52e09a4d4016,12207,MID-949A561F15B026CB777E204190026A69,matching_id,fulfilled
aura_rsp,235,MNO-A,ORDER-55B50E7EED99732C7EF2DD72,ACCOUNT-9c3850263d57c8e9f7d477a7,aura-smdpp.test,cd8883cc3e425f740635b5c67c3c308655caab6c8cd43ecf8d8f52e09a4d4016,download,1801480175,PROFILE-86e7cc84c31c0f0f2bd0,cd8883cc3e425f740635b5c67c3c308655caab6c8cd43ecf8d8f52e09a4d4016,12207,IAC-533C56977C1EF57253220CC5484A1B88,I_ac,fulfilled
standard_rsp,236,MNO-C,ORDER-6BA2B18C2184055ED3800B5C,ACCOUNT-e3cdc9c8f66942a5377504ec,aura-smdpp.test,eb35340583c084b76027ff563b0d610cd1fd004f12eed97089e4401c023dfe49,download,1800739080,PROFILE-223ddf7e8bdd31345382,eb35340583c084b76027ff563b0d610cd1fd004f12eed97089e4401c023dfe49,12207,MID-161490A173F4F1DFD94A46D8E818FB1F,matching_id,fulfilled
aura_rsp,236,MNO-C,ORDER-2F642B8F13B39CDBED2B1A86,ACCOUNT-2a176192b598028c1ab65df3,aura-smdpp.test,eb35340583c084b76027ff563b0d610cd1fd004f12eed97089e4401c023dfe49,download,1800739080,PROFILE-223ddf7e8bdd31345382,eb35340583c084b76027ff563b0d610cd1fd004f12eed97089e4401c023dfe49,12207,IAC-CBABE9B75B11FB2741C1599991364A55,I_ac,fulfilled
standard_rsp,237,MNO-B,ORDER-050CC2BD07A37D1617EBF439,ACCOUNT-39dfd12745fc1d7e0eed9acd,aura-smdpp.test,dacde6ec0894c374dca8c81bc8745501861ccae70b7c0ea5e530145e5c944cff,download,1801811696,PROFILE-505d936d565c75408010,dacde6ec0894c374dca8c81bc8745501861ccae70b7c0ea5e530145e5c944cff,12207,MID-B379655E770333327609FB3CB0C19EB9,matching_id,fulfilled
aura_rsp,237,MNO-B,ORDER-F35CEF3F529B200FDB2E8263,ACCOUNT-c379db997a6bbe01285f8df3,aura-smdpp.test,dacde6ec0894c374dca8c81bc8745501861ccae70b7c0ea5e530145e5c944cff,download,1801811696,PROFILE-505d936d565c75408010,dacde6ec0894c374dca8c81bc8745501861ccae70b7c0ea5e530145e5c944cff,12207,IAC-54F676D5D27771446761C370E654E440,I_ac,fulfilled
standard_rsp,238,MNO-B,ORDER-1BAE79E45E4ADB3B5202159C,ACCOUNT-43d7d505fbe80f2463198e95,aura-smdpp.test,992d78bc6105fcc26366f635ca2ddb17e211f14f8ed5ce6ec160616cbcfd6d3b,download,1800569652,PROFILE-301d9e529d505741e607,992d78bc6105fcc26366f635ca2ddb17e211f14f8ed5ce6ec160616cbcfd6d3b,12207,MID-AA37510F583879190A862D7E925A9C77,matching_id,fulfilled
aura_rsp,238,MNO-B,ORDER-C40D65ABD41314F35268D813,ACCOUNT-65a3fa2f28f7e69f31af6889,aura-smdpp.test,992d78bc6105fcc26366f635ca2ddb17e211f14f8ed5ce6ec160616cbcfd6d3b,download,1800569652,PROFILE-301d9e529d505741e607,992d78bc6105fcc26366f635ca2ddb17e211f14f8ed5ce6ec160616cbcfd6d3b,12207,IAC-F17831CB8087B9BBD1498F9A6FD16BDC,I_ac,fulfilled
standard_rsp,239,MNO-C,ORDER-34695081223F0102EBE5FD99,ACCOUNT-c3748e3ea2d0671a7ba2fc39,aura-smdpp.test,7c97e99280a5d01236013db431363fa2acf92b0fa070a30ec728f752aacd1906,download,1802173188,PROFILE-d549b52b0f46f0ecfc98,7c97e99280a5d01236013db431363fa2acf92b0fa070a30ec728f752aacd1906,12207,MID-D93FBBBA6475229B45EF0D56BD3FAB14,matching_id,fulfilled
aura_rsp,239,MNO-C,ORDER-406C0B04624E6588E9183B49,ACCOUNT-f2bc80c3cfd958f4e4c00bb4,aura-smdpp.test,7c97e99280a5d01236013db431363fa2acf92b0fa070a30ec728f752aacd1906,download,1802173188,PROFILE-d549b52b0f46f0ecfc98,7c97e99280a5d01236013db431363fa2acf92b0fa070a30ec728f752aacd1906,12207,IAC-36C910EED66744887C1C7DF4F08427BC,I_ac,fulfilled
standard_rsp,240,MNO-D,ORDER-1D0A0892CB5F56AC6C19FD60,ACCOUNT-f953975663336949b43be9ff,aura-smdpp.test,b56234a15c9456aee96b6c96c1b1c30b91e3ca4d9722769eee853280b35f75d1,download,1801807650,PROFILE-c3ac0facb3e2cf5d6a60,b56234a15c9456aee96b6c96c1b1c30b91e3ca4d9722769eee853280b35f75d1,12207,MID-4E619731861E42B54213D29E3681EEA0,matching_id,fulfilled
aura_rsp,240,MNO-D,ORDER-2F1AB155AA842E9CE56A2B18,ACCOUNT-2972c1ade492d7eaad00f7c1,aura-smdpp.test,b56234a15c9456aee96b6c96c1b1c30b91e3ca4d9722769eee853280b35f75d1,download,1801807650,PROFILE-c3ac0facb3e2cf5d6a60,b56234a15c9456aee96b6c96c1b1c30b91e3ca4d9722769eee853280b35f75d1,12207,IAC-B3A1AA01DDFD25E62DBA47E56264BFE8,I_ac,fulfilled
standard_rsp,241,MNO-B,ORDER-62C4807E3BF83CE0A8C8129C,ACCOUNT-45edcb5fc5d0494c542ae968,aura-smdpp.test,13f645dd90a7e13fa63ceeb444a7fd3342c402df6cc7ff117243fee5b0a1f0e3,download,1801655349,PROFILE-71e000397096d62025c4,13f645dd90a7e13fa63ceeb444a7fd3342c402df6cc7ff117243fee5b0a1f0e3,12207,MID-A40735C8712CA24C271354BA220118AB,matching_id,fulfilled
aura_rsp,241,MNO-B,ORDER-98F62E3677052943DBC6527F,ACCOUNT-563f16fb29a122b8ef1e6b45,aura-smdpp.test,13f645dd90a7e13fa63ceeb444a7fd3342c402df6cc7ff117243fee5b0a1f0e3,download,1801655349,PROFILE-71e000397096d62025c4,13f645dd90a7e13fa63ceeb444a7fd3342c402df6cc7ff117243fee5b0a1f0e3,12207,IAC-74D0CD57CA85E91798204CDC8790273D,I_ac,fulfilled
standard_rsp,242,MNO-A,ORDER-1FCE230B4689985AC6675D92,ACCOUNT-649041531656e79f76c2d061,aura-smdpp.test,57fdeb808c95754ff0da1573838b16d20348a41a7028d4279a4e0c10c2260d68,download,1801711438,PROFILE-ee7d18da85bd73d622f2,57fdeb808c95754ff0da1573838b16d20348a41a7028d4279a4e0c10c2260d68,12207,MID-900EB830A32BBEDA69B7345C1EF23AB4,matching_id,fulfilled
aura_rsp,242,MNO-A,ORDER-4ECCA8DB717CD07E38F02F3F,ACCOUNT-79e0bef73306399579f14ff4,aura-smdpp.test,57fdeb808c95754ff0da1573838b16d20348a41a7028d4279a4e0c10c2260d68,download,1801711438,PROFILE-ee7d18da85bd73d622f2,57fdeb808c95754ff0da1573838b16d20348a41a7028d4279a4e0c10c2260d68,12207,IAC-4E10D2F68D9E20EADD004012C8E14603,I_ac,fulfilled
standard_rsp,243,MNO-B,ORDER-C8636DD46563B99D29201D2B,ACCOUNT-f6145c8276cd08a798e55d36,aura-smdpp.test,9ca5f865750e76451eb3a10eca39f4ef51b121816c7bdae43031d734a7d932a1,download,1801905000,PROFILE-e5ada90e9a276ae8c0b7,9ca5f865750e76451eb3a10eca39f4ef51b121816c7bdae43031d734a7d932a1,12207,MID-627657916E74652E91D172357D1D9AA6,matching_id,fulfilled
aura_rsp,243,MNO-B,ORDER-4E315D61055F578C19E981FE,ACCOUNT-9a22f4a59aab467ea681ed14,aura-smdpp.test,9ca5f865750e76451eb3a10eca39f4ef51b121816c7bdae43031d734a7d932a1,download,1801905000,PROFILE-e5ada90e9a276ae8c0b7,9ca5f865750e76451eb3a10eca39f4ef51b121816c7bdae43031d734a7d932a1,12207,IAC-FC036904C51FA39DE244C4CD30B5BBFA,I_ac,fulfilled
standard_rsp,244,MNO-C,ORDER-EF2A2655D70EB5A500CD8614,ACCOUNT-aba686cbf348db83298faa20,aura-smdpp.test,e6ed4d4e301ef85c286b19321d31f9eab577dfdd6b6e1fae74b02eddd79c159d,download,1802138474,PROFILE-a32843e3666caacca193,e6ed4d4e301ef85c286b19321d31f9eab577dfdd6b6e1fae74b02eddd79c159d,12207,MID-8509F1AB32E41135140982DE0A0448A1,matching_id,fulfilled
aura_rsp,244,MNO-C,ORDER-5AABBADCEFED9EBF849F7339,ACCOUNT-a544fd9ea2e96becc3079c1c,aura-smdpp.test,e6ed4d4e301ef85c286b19321d31f9eab577dfdd6b6e1fae74b02eddd79c159d,download,1802138474,PROFILE-a32843e3666caacca193,e6ed4d4e301ef85c286b19321d31f9eab577dfdd6b6e1fae74b02eddd79c159d,12207,IAC-FF7B3622E70FB636C6317FE2DD3CFDA7,I_ac,fulfilled
standard_rsp,245,MNO-D,ORDER-9CD365C47E83F7C5997A11DE,ACCOUNT-06e05a3f8f9a3c96ab3deb5d,aura-smdpp.test,771060e268ccc05dbec69ade27f87de7b6ef296abadb780b88d79b71946e88ff,download,1800644913,PROFILE-e21dd1e42bf552214dd0,771060e268ccc05dbec69ade27f87de7b6ef296abadb780b88d79b71946e88ff,12207,MID-4140B9483A09F960F217AD14B3A241EB,matching_id,fulfilled
aura_rsp,245,MNO-D,ORDER-8A4EC556EB89BCF2F04531B7,ACCOUNT-24a7117eb99ddddb5b216241,aura-smdpp.test,771060e268ccc05dbec69ade27f87de7b6ef296abadb780b88d79b71946e88ff,download,1800644913,PROFILE-e21dd1e42bf552214dd0,771060e268ccc05dbec69ade27f87de7b6ef296abadb780b88d79b71946e88ff,12207,IAC-04D550165C926A493D141A5B0C9649EB,I_ac,fulfilled
standard_rsp,246,MNO-D,ORDER-25E4B146D63F0E83B4FF572D,ACCOUNT-a2b9ebe09750deb6ecb8de9b,aura-smdpp.test,2bc4ea51d8166ec56922b8486588981eafa028efcb299446a4d2a61125c697da,download,1801510834,PROFILE-8f3a8d1e63de8a1809b6,2bc4ea51d8166ec56922b8486588981eafa028efcb299446a4d2a61125c697da,12207,MID-B176E79A6C442A00BD0C5D6CDBF272C4,matching_id,fulfilled
aura_rsp,246,MNO-D,ORDER-F14D0681718CC82D4A769A69,ACCOUNT-f5ad6be5dcc07f1626bf66f3,aura-smdpp.test,2bc4ea51d8166ec56922b8486588981eafa028efcb299446a4d2a61125c697da,download,1801510834,PROFILE-8f3a8d1e63de8a1809b6,2bc4ea51d8166ec56922b8486588981eafa028efcb299446a4d2a61125c697da,12207,IAC-C5AC5C1C5B2A20A1F5FE847BC5908B2B,I_ac,fulfilled
standard_rsp,247,MNO-A,ORDER-E838B31424212432F3CEB15C,ACCOUNT-1944bcecdc2848931a899a03,aura-smdpp.test,1cc999bb6c46ac14cb46d6de6a1f9f568774105c38081db62b5b109afbeb3e1a,download,1801425518,PROFILE-305641c105ea206b9ac6,1cc999bb6c46ac14cb46d6de6a1f9f568774105c38081db62b5b109afbeb3e1a,12207,MID-342B1DEAC923C5989BB18DC348349C2B,matching_id,fulfilled
aura_rsp,247,MNO-A,ORDER-3556A1D5D613983B332ACEA9,ACCOUNT-2744790cfc41c9575ca2d269,aura-smdpp.test,1cc999bb6c46ac14cb46d6de6a1f9f568774105c38081db62b5b109afbeb3e1a,download,1801425518,PROFILE-305641c105ea206b9ac6,1cc999bb6c46ac14cb46d6de6a1f9f568774105c38081db62b5b109afbeb3e1a,12207,IAC-9ECAE08E6FF9A556AC2872B694089644,I_ac,fulfilled
standard_rsp,248,MNO-C,ORDER-8AFD5C2659683FB86981E0D0,ACCOUNT-2295a27c94ddbd1b5fe135d8,aura-smdpp.test,7eb1395e47e2198bc16198ae22fc062ff5c9613c4bde6041f2c7beb772e07003,download,1801606617,PROFILE-a01699409f40af70f037,7eb1395e47e2198bc16198ae22fc062ff5c9613c4bde6041f2c7beb772e07003,12207,MID-5088F64B557E213A3266B47CA3CB1E7E,matching_id,fulfilled
aura_rsp,248,MNO-C,ORDER-E90A72E0719C8DADC136E7CD,ACCOUNT-6c6bff461d9f80e562c5b68e,aura-smdpp.test,7eb1395e47e2198bc16198ae22fc062ff5c9613c4bde6041f2c7beb772e07003,download,1801606617,PROFILE-a01699409f40af70f037,7eb1395e47e2198bc16198ae22fc062ff5c9613c4bde6041f2c7beb772e07003,12207,IAC-39EAB955D0565836A2B0B00DEF560B83,I_ac,fulfilled
standard_rsp,249,MNO-A,ORDER-0A18E00E893BCF4CFEE7BD22,ACCOUNT-12df2eeda401db2f5e76d012,aura-smdpp.test,5f302322b308eaecc776dfde07cf18787a3fb8977eac6f6caace3babb48f82f1,download,1802520235,PROFILE-91e0b53d704532426abc,5f302322b308eaecc776dfde07cf18787a3fb8977eac6f6caace3babb48f82f1,12207,MID-7C57F4DC7FC9FA1C47005AA64DF9B654,matching_id,fulfilled
aura_rsp,249,MNO-A,ORDER-82C30B457D50E45A34C0DD30,ACCOUNT-215929c9c28659c946b906c8,aura-smdpp.test,5f302322b308eaecc776dfde07cf18787a3fb8977eac6f6caace3babb48f82f1,download,1802520235,PROFILE-91e0b53d704532426abc,5f302322b308eaecc776dfde07cf18787a3fb8977eac6f6caace3babb48f82f1,12207,IAC-EC377A5822FE7CD69DB98D4803D7B2D5,I_ac,fulfilled
standard_rsp,250,MNO-A,ORDER-C7893311EE06775D212B7D34,ACCOUNT-7b5e36a0d94f8e95f6d4e95a,aura-smdpp.test,93c19785b76664faa450383ff4c108c91e8b655ee9bb80fed26d5646661fb4b1,download,1802186817,PROFILE-9a8658e6aa5b2edf0744,93c19785b76664faa450383ff4c108c91e8b655ee9bb80fed26d5646661fb4b1,12207,MID-C12BCE14D46371DFE472692FDADB2A27,matching_id,fulfilled
aura_rsp,250,MNO-A,ORDER-9A464B2C8DE3A6EA979699A9,ACCOUNT-bfc79ed14bb7fb9bbfa35cff,aura-smdpp.test,93c19785b76664faa450383ff4c108c91e8b655ee9bb80fed26d5646661fb4b1,download,1802186817,PROFILE-9a8658e6aa5b2edf0744,93c19785b76664faa450383ff4c108c91e8b655ee9bb80fed26d5646661fb4b1,12207,IAC-24BDC6E19C53E3F89A5D9DFC625168CE,I_ac,fulfilled
standard_rsp,251,MNO-D,ORDER-18ECB0F9194AC91663FF1C28,ACCOUNT-8b1992b21cdc34e6d1cbd0e2,aura-smdpp.test,c04c3af62872c70927069782a7ac4bea1477621b60e815dbbaa193f49377fb94,download,1801190567,PROFILE-fa0065dd8cc368cc2026,c04c3af62872c70927069782a7ac4bea1477621b60e815dbbaa193f49377fb94,12207,MID-95444FB0C757B23370EA62A9C4D63E1E,matching_id,fulfilled
aura_rsp,251,MNO-D,ORDER-0C053151683D9FBBEF9AC1C5,ACCOUNT-f48711cfc9872df4a5bf9b95,aura-smdpp.test,c04c3af62872c70927069782a7ac4bea1477621b60e815dbbaa193f49377fb94,download,1801190567,PROFILE-fa0065dd8cc368cc2026,c04c3af62872c70927069782a7ac4bea1477621b60e815dbbaa193f49377fb94,12207,IAC-FBEF3843ADB8FAE67ACF90CA7C1DC7B8,I_ac,fulfilled
standard_rsp,252,MNO-D,ORDER-B7137A97FC937FD59BB7CBCC,ACCOUNT-70b93a26fcd211762e6d9b50,aura-smdpp.test,abd61a33166a62bd5ab126a9519eb66aeecded095916388576702275cf67145b,download,1801632337,PROFILE-79bda3e51eab17da0876,abd61a33166a62bd5ab126a9519eb66aeecded095916388576702275cf67145b,12207,MID-DB13060130C8F4CFA6A50229064BB757,matching_id,fulfilled
aura_rsp,252,MNO-D,ORDER-9ACB30B86313B7CA21B78735,ACCOUNT-447620df6630437bb14ef6b8,aura-smdpp.test,abd61a33166a62bd5ab126a9519eb66aeecded095916388576702275cf67145b,download,1801632337,PROFILE-79bda3e51eab17da0876,abd61a33166a62bd5ab126a9519eb66aeecded095916388576702275cf67145b,12207,IAC-88FFFEBA1FF5946190C57D26C0D20E57,I_ac,fulfilled
standard_rsp,253,MNO-B,ORDER-9119F906DCAB54AC132A4EE4,ACCOUNT-8ee5a0d263bb446cd418854d,aura-smdpp.test,dcc73b836a620ba1281ec7286d086333ff947587692f2bd3fe9fc549cb41c9bf,download,1801551615,PROFILE-6e60347675166a34fd07,dcc73b836a620ba1281ec7286d086333ff947587692f2bd3fe9fc549cb41c9bf,12207,MID-BC00EF877AFD3B8721724303D41D894F,matching_id,fulfilled
aura_rsp,253,MNO-B,ORDER-E34709F208819AC269AAE392,ACCOUNT-dc3c9bb8cbc5835afa73ace0,aura-smdpp.test,dcc73b836a620ba1281ec7286d086333ff947587692f2bd3fe9fc549cb41c9bf,download,1801551615,PROFILE-6e60347675166a34fd07,dcc73b836a620ba1281ec7286d086333ff947587692f2bd3fe9fc549cb41c9bf,12207,IAC-C21CD17F2BC4D4D6369F9DE3B5884E68,I_ac,fulfilled
standard_rsp,254,MNO-D,ORDER-8C3DFFEC8E4C3EE1CD570BDA,ACCOUNT-535a8d5de7f8d8cdfc2377b9,aura-smdpp.test,82735ad2c19a382f2d8315c9d6a0136cd54c419c29cc1599dfde24b40f86b975,download,1801761180,PROFILE-8d0b634834d4871ecc37,82735ad2c19a382f2d8315c9d6a0136cd54c419c29cc1599dfde24b40f86b975,12207,MID-2A13348A922D9CBF2BD5FCABE5594983,matching_id,fulfilled
aura_rsp,254,MNO-D,ORDER-A085B82CDBC19D7645D5998C,ACCOUNT-5991b0bb61127be98ef8dddb,aura-smdpp.test,82735ad2c19a382f2d8315c9d6a0136cd54c419c29cc1599dfde24b40f86b975,download,1801761180,PROFILE-8d0b634834d4871ecc37,82735ad2c19a382f2d8315c9d6a0136cd54c419c29cc1599dfde24b40f86b975,12207,IAC-0F863DE8C6A07BD15B1C409B239D1266,I_ac,fulfilled
standard_rsp,255,MNO-A,ORDER-7A1FCCFFBD70D7376CE231CC,ACCOUNT-1ea9b5942ab6abe14732dda5,aura-smdpp.test,4ae9c6ba4e01709ffe24100a35f13ef4ad10602774234e672c53a4a9fbc59ca9,download,1800808277,PROFILE-56c5a6389a87df57736a,4ae9c6ba4e01709ffe24100a35f13ef4ad10602774234e672c53a4a9fbc59ca9,12207,MID-6122CB32B0699D166B6C929178F4302C,matching_id,fulfilled
aura_rsp,255,MNO-A,ORDER-93021C1A2804393C1EC8794C,ACCOUNT-f34918e44d95899384bd65a1,aura-smdpp.test,4ae9c6ba4e01709ffe24100a35f13ef4ad10602774234e672c53a4a9fbc59ca9,download,1800808277,PROFILE-56c5a6389a87df57736a,4ae9c6ba4e01709ffe24100a35f13ef4ad10602774234e672c53a4a9fbc59ca9,12207,IAC-ADD1DBD9209FCD8D8E85C872CE39FACF,I_ac,fulfilled
standard_rsp,256,MNO-C,ORDER-1E22900BB2204A995AA1383A,ACCOUNT-b3c7bf5e76c6ca636d95ec49,aura-smdpp.test,3bf98871d45a5110f260ade004f4f979cae8f83473c421b3ad1c4d5397cf81a5,download,1800523660,PROFILE-74045ad8212a1def433d,3bf98871d45a5110f260ade004f4f979cae8f83473c421b3ad1c4d5397cf81a5,12207,MID-9003D1B94E0C0652A66D0FC25F15E114,matching_id,fulfilled
aura_rsp,256,MNO-C,ORDER-E54D72BEEF6BE574368ACAB4,ACCOUNT-407b91f9d6c2c6a5501be6e0,aura-smdpp.test,3bf98871d45a5110f260ade004f4f979cae8f83473c421b3ad1c4d5397cf81a5,download,1800523660,PROFILE-74045ad8212a1def433d,3bf98871d45a5110f260ade004f4f979cae8f83473c421b3ad1c4d5397cf81a5,12207,IAC-5B67CFB2850E313C10C5D3212044E5DE,I_ac,fulfilled
standard_rsp,257,MNO-B,ORDER-5633BCB03190FD79900C8702,ACCOUNT-91d904843e183569ff34d7fa,aura-smdpp.test,613220b01ee2d1e6122619f3203371b8c2b2f3a70f8cfdb197fb91c20b42f7dc,download,1800282605,PROFILE-f0ae5bcd44800ee3d842,613220b01ee2d1e6122619f3203371b8c2b2f3a70f8cfdb197fb91c20b42f7dc,12207,MID-979890FFD8C122FD5F51A7ADE59453D3,matching_id,fulfilled
aura_rsp,257,MNO-B,ORDER-0C758153247B0F66EAFEB957,ACCOUNT-5d623670e97ecfd89f2f4ed2,aura-smdpp.test,613220b01ee2d1e6122619f3203371b8c2b2f3a70f8cfdb197fb91c20b42f7dc,download,1800282605,PROFILE-f0ae5bcd44800ee3d842,613220b01ee2d1e6122619f3203371b8c2b2f3a70f8cfdb197fb91c20b42f7dc,12207,IAC-ACF4B6698F8A25FBA0F0523BC5FBFABC,I_ac,fulfilled
standard_rsp,258,MNO-D,ORDER-835DDEA102A9BDE18ACC51FD,ACCOUNT-6a305fb0575290ff7eda91f1,aura-smdpp.test,68a859fdb97a7b1115356d3f3594f69d6bdf55777b695f9c3bb74182a534df47,download,1800405789,PROFILE-52d40782bc8a97053a0c,68a859fdb97a7b1115356d3f3594f69d6bdf55777b695f9c3bb74182a534df47,12207,MID-72413530B4C781F830C74D11A48342CD,matching_id,fulfilled
aura_rsp,258,MNO-D,ORDER-F5100677463149E0AE030226,ACCOUNT-687466518e61b0d0a929c28b,aura-smdpp.test,68a859fdb97a7b1115356d3f3594f69d6bdf55777b695f9c3bb74182a534df47,download,1800405789,PROFILE-52d40782bc8a97053a0c,68a859fdb97a7b1115356d3f3594f69d6bdf55777b695f9c3bb74182a534df47,12207,IAC-BF39294847B86B88C022520EBD55F17E,I_ac,fulfilled
standard_rsp,259,MNO-A,ORDER-C4B178BABB99546A9146AE87,ACCOUNT-1c5d9e31c68049d309328e49,aura-smdpp.test,b5e4d357d31dfd1c50153363efaec7684cc15f5b16df90e1fadc7186b99a29b6,download,1800175388,PROFILE-8e137b9366e9576fca94,b5e4d357d31dfd1c50153363efaec7684cc15f5b16df90e1fadc7186b99a29b6,12207,MID-C4F9EF844BFAFA81F7638E5BEC697589,matching_id,fulfilled
aura_rsp,259,MNO-A,ORDER-D208BF3C6CE1AC5A48BF4E95,ACCOUNT-e667d124c4492101f6182ed8,aura-smdpp.test,b5e4d357d31dfd1c50153363efaec7684cc15f5b16df90e1fadc7186b99a29b6,download,1800175388,PROFILE-8e137b9366e9576fca94,b5e4d357d31dfd1c50153363efaec7684cc15f5b16df90e1fadc7186b99a29b6,12207,IAC-32E0202F17109F104B39C966B9BCACFF,I_ac,fulfilled
standard_rsp,260,MNO-A,ORDER-7843446B0864FFC71EFEFE33,ACCOUNT-bfb356f3e36b64317c3b3239,aura-smdpp.test,889090679234a1b3b2144d5d87e24c69e1d831eafd9f628e603392f212a30b29,download,1801435895,PROFILE-3d10b5187ba76c4d91c9,889090679234a1b3b2144d5d87e24c69e1d831eafd9f628e603392f212a30b29,12207,MID-3B0419CA20506101C48047897492C4F4,matching_id,fulfilled
aura_rsp,260,MNO-A,ORDER-1221C399636855615129D11B,ACCOUNT-716e2e0cd89450faec2e7a38,aura-smdpp.test,889090679234a1b3b2144d5d87e24c69e1d831eafd9f628e603392f212a30b29,download,1801435895,PROFILE-3d10b5187ba76c4d91c9,889090679234a1b3b2144d5d87e24c69e1d831eafd9f628e603392f212a30b29,12207,IAC-AF812E7919C42F8B069C182A3028062C,I_ac,fulfilled
standard_rsp,261,MNO-C,ORDER-A7D6B16F703AFD72FF767F36,ACCOUNT-a7277f17bb0a53d8ca768eb2,aura-smdpp.test,ca416594e205c11d0e53fcad830af9d7fb5f3415b1e8fd32fec7c07ad73fa3e7,download,1801476301,PROFILE-c9fdc746d19d38e9db5a,ca416594e205c11d0e53fcad830af9d7fb5f3415b1e8fd32fec7c07ad73fa3e7,12207,MID-714F0A93353E2D26A51434C17C9DD89C,matching_id,fulfilled
aura_rsp,261,MNO-C,ORDER-2DA8D0B9D25592C5C49F6902,ACCOUNT-fa7d49ae3a72a0b421c041ea,aura-smdpp.test,ca416594e205c11d0e53fcad830af9d7fb5f3415b1e8fd32fec7c07ad73fa3e7,download,1801476301,PROFILE-c9fdc746d19d38e9db5a,ca416594e205c11d0e53fcad830af9d7fb5f3415b1e8fd32fec7c07ad73fa3e7,12207,IAC-3B73AE7648FA41D5B6BE028D99D4136C,I_ac,fulfilled
standard_rsp,262,MNO-A,ORDER-3D4B64F792388DF8D5BA4006,ACCOUNT-59cea286cab1307b6866745f,aura-smdpp.test,7cc1656ccc3455c528d2f2af7e34cb48e52d9dd277170fa8400728080443b4cb,download,1801433388,PROFILE-a36b0d3090985e90b60c,7cc1656ccc3455c528d2f2af7e34cb48e52d9dd277170fa8400728080443b4cb,12207,MID-15FAC4D1189EE0AA8104E94641E5D4ED,matching_id,fulfilled
aura_rsp,262,MNO-A,ORDER-2DFDA4A303E98186D0327AFA,ACCOUNT-d2acb34fb9089baa6a82a7d9,aura-smdpp.test,7cc1656ccc3455c528d2f2af7e34cb48e52d9dd277170fa8400728080443b4cb,download,1801433388,PROFILE-a36b0d3090985e90b60c,7cc1656ccc3455c528d2f2af7e34cb48e52d9dd277170fa8400728080443b4cb,12207,IAC-DDAD1A66506F08B4D5D5F7C51814461A,I_ac,fulfilled
standard_rsp,263,MNO-A,ORDER-51DDBEB6682E2F45D1572858,ACCOUNT-8d0e598ca2f9f965f05374c5,aura-smdpp.test,db03f73baa92b4b42aad5881b8cb913606165d8e0d8426535bd102c40904fec2,download,1802087235,PROFILE-6edf3a6abe9f838b66ab,db03f73baa92b4b42aad5881b8cb913606165d8e0d8426535bd102c40904fec2,12207,MID-606356C9832C369EE8F168699344FF6F,matching_id,fulfilled
aura_rsp,263,MNO-A,ORDER-42D908357E6878E9A25672C2,ACCOUNT-c1461085b708a8e56099cbbd,aura-smdpp.test,db03f73baa92b4b42aad5881b8cb913606165d8e0d8426535bd102c40904fec2,download,1802087235,PROFILE-6edf3a6abe9f838b66ab,db03f73baa92b4b42aad5881b8cb913606165d8e0d8426535bd102c40904fec2,12207,IAC-4D200D8F370721BD9929E72E4A1DCE7E,I_ac,fulfilled
standard_rsp,264,MNO-B,ORDER-74A3F02759F76DA539EC56D8,ACCOUNT-9e93b79e8b4b08d6d052ba2f,aura-smdpp.test,ea65a71e72b841e1025ec3a62da802b51d0b18832105f54d7ea9bf202fc6035a,download,1801710074,PROFILE-f3259fd655b80095c89d,ea65a71e72b841e1025ec3a62da802b51d0b18832105f54d7ea9bf202fc6035a,12207,MID-A2CC178EC7B6A451E315A61C116F65CC,matching_id,fulfilled
aura_rsp,264,MNO-B,ORDER-2B5B15A29BB90ACB2714AA5D,ACCOUNT-15a2b0c3c2313c14d62ec456,aura-smdpp.test,ea65a71e72b841e1025ec3a62da802b51d0b18832105f54d7ea9bf202fc6035a,download,1801710074,PROFILE-f3259fd655b80095c89d,ea65a71e72b841e1025ec3a62da802b51d0b18832105f54d7ea9bf202fc6035a,12207,IAC-E5298A7C883B5777AC6ADF4A5B4E7DDF,I_ac,fulfilled
standard_rsp,265,MNO-A,ORDER-8F750E488C754AE1A8DCD8F3,ACCOUNT-26513c23b02e091c8e864d51,aura-smdpp.test,4b3ce3799ac71add822f89d827b7caebde320e617b1a2065ea011a84b82279dc,download,1802423339,PROFILE-c6f8b5d4b09b7ec84627,4b3ce3799ac71add822f89d827b7caebde320e617b1a2065ea011a84b82279dc,12207,MID-2B20BE72866A33F1BD2CE4239C7C8ABA,matching_id,fulfilled
aura_rsp,265,MNO-A,ORDER-7B3A8C3F6AF5FAC560DAEDE1,ACCOUNT-52c2b8b9434f3fa7ce35cde6,aura-smdpp.test,4b3ce3799ac71add822f89d827b7caebde320e617b1a2065ea011a84b82279dc,download,1802423339,PROFILE-c6f8b5d4b09b7ec84627,4b3ce3799ac71add822f89d827b7caebde320e617b1a2065ea011a84b82279dc,12207,IAC-D8A2293D9F8AB4131B50FEE40787D710,I_ac,fulfilled
standard_rsp,266,MNO-D,ORDER-F781D6D602FAF2CBC94FFD42,ACCOUNT-5b4fb1b83138a60f25a99632,aura-smdpp.test,0be0fe031577d651700f1680f5a67280fea462834ea7210d33301218d757121a,download,1801492034,PROFILE-c9bd926d4fff4099b65a,0be0fe031577d651700f1680f5a67280fea462834ea7210d33301218d757121a,12207,MID-3934641D5DEBEE37B8987CBF6007EE47,matching_id,fulfilled
aura_rsp,266,MNO-D,ORDER-762DB4C0797C5F369CB53400,ACCOUNT-c3a22684f9b8a452ffa66c36,aura-smdpp.test,0be0fe031577d651700f1680f5a67280fea462834ea7210d33301218d757121a,download,1801492034,PROFILE-c9bd926d4fff4099b65a,0be0fe031577d651700f1680f5a67280fea462834ea7210d33301218d757121a,12207,IAC-1C6B3C549E649FC8222EE20D91CEA4DB,I_ac,fulfilled
standard_rsp,267,MNO-C,ORDER-4EE97B74B5B8D85A367E9B64,ACCOUNT-242de04ed0e4b3424d849f51,aura-smdpp.test,5869ef51b2a85916f0961535d7ff7423f7581445be99a985fb462eb6aed8a513,download,1802165758,PROFILE-7121395de41715ce0dd2,5869ef51b2a85916f0961535d7ff7423f7581445be99a985fb462eb6aed8a513,12207,MID-F01E7156455FB94DFE3761C6BC10E793,matching_id,fulfilled
aura_rsp,267,MNO-C,ORDER-17DD44CC7443AC10C64E6C76,ACCOUNT-f01cb880eff830a1e200bb52,aura-smdpp.test,5869ef51b2a85916f0961535d7ff7423f7581445be99a985fb462eb6aed8a513,download,1802165758,PROFILE-7121395de41715ce0dd2,5869ef51b2a85916f0961535d7ff7423f7581445be99a985fb462eb6aed8a513,12207,IAC-CB752250E7932197C6599A226F73FC9F,I_ac,fulfilled
standard_rsp,268,MNO-B,ORDER-7290CAAD120EB7FC5B4470A9,ACCOUNT-4dba30199be3634e4598b74e,aura-smdpp.test,584d62d75e16db86f9a9bfafc0c6afe716233b3c722939453d514b1e93a8183a,download,1801893721,PROFILE-2cddd9d675f33a6e6ca5,584d62d75e16db86f9a9bfafc0c6afe716233b3c722939453d514b1e93a8183a,12207,MID-419D726CA1AA9ECB53362DFBE8EB80E9,matching_id,fulfilled
aura_rsp,268,MNO-B,ORDER-BA02574324A7A4BDF98DD310,ACCOUNT-cfd164f4b7cdee52be778cee,aura-smdpp.test,584d62d75e16db86f9a9bfafc0c6afe716233b3c722939453d514b1e93a8183a,download,1801893721,PROFILE-2cddd9d675f33a6e6ca5,584d62d75e16db86f9a9bfafc0c6afe716233b3c722939453d514b1e93a8183a,12207,IAC-3982D90A77E3575E28EC738075FDECD4,I_ac,fulfilled
standard_rsp,269,MNO-C,ORDER-19C773C7AA5D9426F45C4C34,ACCOUNT-704ee2d4e419d955553d5964,aura-smdpp.test,cf00ef0d8774e6949d35adf615c4bcb9bfa9efd00f8d422e4f57e9e080e6a9fe,download,1800981254,PROFILE-fbf956b1159d8b121cc8,cf00ef0d8774e6949d35adf615c4bcb9bfa9efd00f8d422e4f57e9e080e6a9fe,12207,MID-AD07A7FD2D63CBEB6505850F7F29D0DF,matching_id,fulfilled
aura_rsp,269,MNO-C,ORDER-F58F4A8E05E508090F04EEBB,ACCOUNT-a7ef6c77a85ad03e9aca47e7,aura-smdpp.test,cf00ef0d8774e6949d35adf615c4bcb9bfa9efd00f8d422e4f57e9e080e6a9fe,download,1800981254,PROFILE-fbf956b1159d8b121cc8,cf00ef0d8774e6949d35adf615c4bcb9bfa9efd00f8d422e4f57e9e080e6a9fe,12207,IAC-98E398FF4AA7D7EE2E3F216BD51D4FFF,I_ac,fulfilled
standard_rsp,270,MNO-A,ORDER-ACC02C8C23CE5D8FFB54083E,ACCOUNT-429737bae9f43e2b65559bdb,aura-smdpp.test,52f05809c2a3f11a951e96728efcaca7a1e0747ce0c8ef5ef3aed4f6196e1a0c,download,1801025623,PROFILE-347ff8fcef0c64061e9c,52f05809c2a3f11a951e96728efcaca7a1e0747ce0c8ef5ef3aed4f6196e1a0c,12207,MID-5E8D3A6DDA2AFAC017E26808AEDE53A7,matching_id,fulfilled
aura_rsp,270,MNO-A,ORDER-E31B33EC980E6EAD66347170,ACCOUNT-cb81ad3ddc19a9bce748238a,aura-smdpp.test,52f05809c2a3f11a951e96728efcaca7a1e0747ce0c8ef5ef3aed4f6196e1a0c,download,1801025623,PROFILE-347ff8fcef0c64061e9c,52f05809c2a3f11a951e96728efcaca7a1e0747ce0c8ef5ef3aed4f6196e1a0c,12207,IAC-CE6E876E16243212B6B35334D93D81F0,I_ac,fulfilled
standard_rsp,271,MNO-B,ORDER-BF5F295500F1DDF4C2BB1FAF,ACCOUNT-062bb7f638e7612e1689581f,aura-smdpp.test,e21d0fc1c46fd26d9a62d711591f3f4c60663059ac2259add84c84a13853f92e,download,1801051325,PROFILE-495a8ba57f1fb6161ab3,e21d0fc1c46fd26d9a62d711591f3f4c60663059ac2259add84c84a13853f92e,12207,MID-E968F326126D07C566EE737E0FC47277,matching_id,fulfilled
aura_rsp,271,MNO-B,ORDER-457B1405EABA0AB4B454DAE6,ACCOUNT-fd6246171e6ca4019b63574b,aura-smdpp.test,e21d0fc1c46fd26d9a62d711591f3f4c60663059ac2259add84c84a13853f92e,download,1801051325,PROFILE-495a8ba57f1fb6161ab3,e21d0fc1c46fd26d9a62d711591f3f4c60663059ac2259add84c84a13853f92e,12207,IAC-6F2DB282BB55FA13B9438383FA6E4782,I_ac,fulfilled
standard_rsp,272,MNO-C,ORDER-C997E70DEE215607EC75CC83,ACCOUNT-78d63645493a90282a53bea8,aura-smdpp.test,c1494100acbb53c90ef00c49b52795a7041d2f44600f91cf1174389200f7e780,download,1801152291,PROFILE-c4974b82ffce19a4e0aa,c1494100acbb53c90ef00c49b52795a7041d2f44600f91cf1174389200f7e780,12207,MID-5EC6CE6C6288C11EB61F9FF755ED326B,matching_id,fulfilled
aura_rsp,272,MNO-C,ORDER-4A9273E14D98279947515331,ACCOUNT-2cee2094a3b4e19086da7980,aura-smdpp.test,c1494100acbb53c90ef00c49b52795a7041d2f44600f91cf1174389200f7e780,download,1801152291,PROFILE-c4974b82ffce19a4e0aa,c1494100acbb53c90ef00c49b52795a7041d2f44600f91cf1174389200f7e780,12207,IAC-48166F69E10B0D84CD793E87B68B14B8,I_ac,fulfilled
standard_rsp,273,MNO-B,ORDER-567F8E53320EADD79F126F6D,ACCOUNT-ba80aff5fe4b1b0abe769e8c,aura-smdpp.test,c6acdfa5e39020c161630faf48a0dec19c8fc86af0d63136a612d02df6cf69f8,download,1800886617,PROFILE-25a4f5c24abb25647a4e,c6acdfa5e39020c161630faf48a0dec19c8fc86af0d63136a612d02df6cf69f8,12207,MID-D0F118F0801A6176A002EEE30B9E6D68,matching_id,fulfilled
aura_rsp,273,MNO-B,ORDER-E3D37E6AE343E1F753283034,ACCOUNT-d0953ffd570f95481850ac58,aura-smdpp.test,c6acdfa5e39020c161630faf48a0dec19c8fc86af0d63136a612d02df6cf69f8,download,1800886617,PROFILE-25a4f5c24abb25647a4e,c6acdfa5e39020c161630faf48a0dec19c8fc86af0d63136a612d02df6cf69f8,12207,IAC-2C2CA13A02C6245D02B5CA6D0D8CBAC7,I_ac,fulfilled
standard_rsp,274,MNO-A,ORDER-2798994CC06110FCB8501C8D,ACCOUNT-6583466ce6513b1dd30e07a7,aura-smdpp.test,72b906f9bce91161594d1ad624cf097428d2b52b3883aeb53a08cfe576ce551f,download,1802421050,PROFILE-72ff81682d634467c297,72b906f9bce91161594d1ad624cf097428d2b52b3883aeb53a08cfe576ce551f,12207,MID-57EA49BC47E5C8467EED338DA1E256B2,matching_id,fulfilled
aura_rsp,274,MNO-A,ORDER-E3D5B63779C2AA336B6D0A2E,ACCOUNT-4e05de1e30447493fca68275,aura-smdpp.test,72b906f9bce91161594d1ad624cf097428d2b52b3883aeb53a08cfe576ce551f,download,1802421050,PROFILE-72ff81682d634467c297,72b906f9bce91161594d1ad624cf097428d2b52b3883aeb53a08cfe576ce551f,12207,IAC-5FA6E547104D71F7C850C8AFDE0C0FE6,I_ac,fulfilled
standard_rsp,275,MNO-B,ORDER-B72674D938B9E3139E6723C4,ACCOUNT-8cd47415e7aa369318e17749,aura-smdpp.test,467c13a6790a3b080c05adec172cfdffad0bb62c62a97385c8ead318f6bc264a,download,1800347675,PROFILE-1e5c7edcac0cbacba949,467c13a6790a3b080c05adec172cfdffad0bb62c62a97385c8ead318f6bc264a,12207,MID-0EE0DACA15E8475EBA3656B6F71FBA55,matching_id,fulfilled
aura_rsp,275,MNO-B,ORDER-AB10F0333B7A8137EF9A6D12,ACCOUNT-dbe1bbab8fe537b9da6cf77c,aura-smdpp.test,467c13a6790a3b080c05adec172cfdffad0bb62c62a97385c8ead318f6bc264a,download,1800347675,PROFILE-1e5c7edcac0cbacba949,467c13a6790a3b080c05adec172cfdffad0bb62c62a97385c8ead318f6bc264a,12207,IAC-B45B3D3A095E3DEE1FC07F665CFAB2E0,I_ac,fulfilled
standard_rsp,276,MNO-C,ORDER-EF551BE4F30F5142B9FF7F99,ACCOUNT-0af513a796800ac0fe95cc0b,aura-smdpp.test,3cdea333248ea2ad4895e2d2a525657b814c57b9b93778d620b267b8f4199621,download,1800310439,PROFILE-b6da3598bb8c7bd25cc7,3cdea333248ea2ad4895e2d2a525657b814c57b9b93778d620b267b8f4199621,12207,MID-682D1BA71B2E822F64FBD57B98396C9B,matching_id,fulfilled
aura_rsp,276,MNO-C,ORDER-7C046C862B6B326450891461,ACCOUNT-f953eb7c9710b50e009032f4,aura-smdpp.test,3cdea333248ea2ad4895e2d2a525657b814c57b9b93778d620b267b8f4199621,download,1800310439,PROFILE-b6da3598bb8c7bd25cc7,3cdea333248ea2ad4895e2d2a525657b814c57b9b93778d620b267b8f4199621,12207,IAC-C828A929349587F5D4DFBB6AE09D4912,I_ac,fulfilled
standard_rsp,277,MNO-C,ORDER-30EBCA37388838951E608381,ACCOUNT-87a1b623c9f1904129de0583,aura-smdpp.test,76f8006241d112f1f99978e7816aa8740e536b37f4491f3b5a63e1e183c49f52,download,1800276331,PROFILE-eb86eced80e060159fcb,76f8006241d112f1f99978e7816aa8740e536b37f4491f3b5a63e1e183c49f52,12207,MID-047F7852A0238C6285A739C66FDACAB8,matching_id,fulfilled
aura_rsp,277,MNO-C,ORDER-274DF47312509AFAFBD4E07A,ACCOUNT-c26e457aa83b64508b03b369,aura-smdpp.test,76f8006241d112f1f99978e7816aa8740e536b37f4491f3b5a63e1e183c49f52,download,1800276331,PROFILE-eb86eced80e060159fcb,76f8006241d112f1f99978e7816aa8740e536b37f4491f3b5a63e1e183c49f52,12207,IAC-9CF0A22C27774F89B58973864DA4508B,I_ac,fulfilled
standard_rsp,278,MNO-A,ORDER-59C210F97631A42819A8CF79,ACCOUNT-4e3154adb0e39583c07a8d8a,aura-smdpp.test,d4b0ba5021a1a1d7ce00a8f4be05762a8416332d92fe1ef5183a93d39d49a8f9,download,1801505121,PROFILE-289b0d4dc2b4cebe7b9e,d4b0ba5021a1a1d7ce00a8f4be05762a8416332d92fe1ef5183a93d39d49a8f9,12207,MID-14FF253F50C146FFEFE251D4AE23E59A,matching_id,fulfilled
aura_rsp,278,MNO-A,ORDER-0D0BAF88F2B9885C082C78EE,ACCOUNT-fdcde49ee710f6c276873475,aura-smdpp.test,d4b0ba5021a1a1d7ce00a8f4be05762a8416332d92fe1ef5183a93d39d49a8f9,download,1801505121,PROFILE-289b0d4dc2b4cebe7b9e,d4b0ba5021a1a1d7ce00a8f4be05762a8416332d92fe1ef5183a93d39d49a8f9,12207,IAC-FED8AE8F92180387FCBFB654C1E2A789,I_ac,fulfilled
standard_rsp,279,MNO-C,ORDER-90FB7F9F29365C86D7744D02,ACCOUNT-b9cd25c31b4a4b6b1e76b733,aura-smdpp.test,e60168ace20384bf6a9144bb7a99f24d89af0aed3af97f73fb5a69e54e0b7a73,download,1801674837,PROFILE-00b30ad57a460f17a5c7,e60168ace20384bf6a9144bb7a99f24d89af0aed3af97f73fb5a69e54e0b7a73,12207,MID-461ABD8E746EEACF5E115F8CC070DB6F,matching_id,fulfilled
aura_rsp,279,MNO-C,ORDER-EED7BB6F2A2212CF546E0C33,ACCOUNT-aa9f93881b4d419929545d21,aura-smdpp.test,e60168ace20384bf6a9144bb7a99f24d89af0aed3af97f73fb5a69e54e0b7a73,download,1801674837,PROFILE-00b30ad57a460f17a5c7,e60168ace20384bf6a9144bb7a99f24d89af0aed3af97f73fb5a69e54e0b7a73,12207,IAC-B306F9D5AD7D8BB3252B2407E4C52B75,I_ac,fulfilled
standard_rsp,280,MNO-D,ORDER-84A1A94CB32AED2180CC97BD,ACCOUNT-0bdb775d3382efe2a5a0ed39,aura-smdpp.test,0a937032b073112082793aa2d144e54509df24f8098ff9e5590c0b834b395158,download,1801401946,PROFILE-7c065fc8e021594e7951,0a937032b073112082793aa2d144e54509df24f8098ff9e5590c0b834b395158,12207,MID-C423417658C51DA9E5F47937F67B2B32,matching_id,fulfilled
aura_rsp,280,MNO-D,ORDER-B58A0D36E74ED1B0E63C3E3E,ACCOUNT-55d3425a08de263977d62330,aura-smdpp.test,0a937032b073112082793aa2d144e54509df24f8098ff9e5590c0b834b395158,download,1801401946,PROFILE-7c065fc8e021594e7951,0a937032b073112082793aa2d144e54509df24f8098ff9e5590c0b834b395158,12207,IAC-A2CD778592EA23FF7316521F882EB175,I_ac,fulfilled
standard_rsp,281,MNO-D,ORDER-E4730C796113957289A0630C,ACCOUNT-9e8b9e3dfaeeb5f09b4e1bbf,aura-smdpp.test,46efe210d5ef21f5f394fae2185247992b5ff6914b2c8c60b935812af48c491a,download,1802215453,PROFILE-b0895f033e4556da9a63,46efe210d5ef21f5f394fae2185247992b5ff6914b2c8c60b935812af48c491a,12207,MID-89908DBD22A65FA479B4FD5C1BC4D576,matching_id,fulfilled
aura_rsp,281,MNO-D,ORDER-8C677F6EFEC3CE60A9F6CD30,ACCOUNT-774275e04dbf019192cf7abd,aura-smdpp.test,46efe210d5ef21f5f394fae2185247992b5ff6914b2c8c60b935812af48c491a,download,1802215453,PROFILE-b0895f033e4556da9a63,46efe210d5ef21f5f394fae2185247992b5ff6914b2c8c60b935812af48c491a,12207,IAC-441F0F984DF51A55D6AD84DAEBD10CB3,I_ac,fulfilled
standard_rsp,282,MNO-B,ORDER-18E46AE322EC7A01A0A15CD8,ACCOUNT-8d42d32cc67ef413fa9cc1c8,aura-smdpp.test,49e6b3574a71eb4845fa5546572d3b1ab2fcc6720655d80741cdf8db08499c3b,download,1800575992,PROFILE-77538ca31f1d56015ee5,49e6b3574a71eb4845fa5546572d3b1ab2fcc6720655d80741cdf8db08499c3b,12207,MID-AB53ADDDB46184E84820895FA66B927B,matching_id,fulfilled
aura_rsp,282,MNO-B,ORDER-837712DFB911C89FA4561B26,ACCOUNT-17e9791b18b639f721574298,aura-smdpp.test,49e6b3574a71eb4845fa5546572d3b1ab2fcc6720655d80741cdf8db08499c3b,download,1800575992,PROFILE-77538ca31f1d56015ee5,49e6b3574a71eb4845fa5546572d3b1ab2fcc6720655d80741cdf8db08499c3b,12207,IAC-52314E658FACF0B02A5A7D4E244B42FE,I_ac,fulfilled
standard_rsp,283,MNO-C,ORDER-8C994D41C128A144A2D89A53,ACCOUNT-77ada4eaafb0924f8b51f952,aura-smdpp.test,fb9b533613956efe793813580a23da72cdb801b7144f852643a76451984909fd,download,1800573665,PROFILE-80bb2639517a140e89a4,fb9b533613956efe793813580a23da72cdb801b7144f852643a76451984909fd,12207,MID-1E48E7A22A880DB705F1E3CAF257F181,matching_id,fulfilled
aura_rsp,283,MNO-C,ORDER-FE6C4B0BB3A09C71743F4E0E,ACCOUNT-501b53bfdf5a2ffb95e5b46a,aura-smdpp.test,fb9b533613956efe793813580a23da72cdb801b7144f852643a76451984909fd,download,1800573665,PROFILE-80bb2639517a140e89a4,fb9b533613956efe793813580a23da72cdb801b7144f852643a76451984909fd,12207,IAC-AFDF0311E2D94C368C0D62FE28B92D74,I_ac,fulfilled
standard_rsp,284,MNO-C,ORDER-D577C730D75024405EF5B266,ACCOUNT-9d707231dcbfab5509d8f635,aura-smdpp.test,be0776d7023f1e1283e8141d30835bf623f8b06e7dc12c3059f02411de62e4f7,download,1802405508,PROFILE-4f85e53ab3ed396c4c98,be0776d7023f1e1283e8141d30835bf623f8b06e7dc12c3059f02411de62e4f7,12207,MID-B36169640CC86110E1CCED97E593F2C0,matching_id,fulfilled
aura_rsp,284,MNO-C,ORDER-F4660EF3B07FADE53507C71F,ACCOUNT-995da53897e78c830fe79e64,aura-smdpp.test,be0776d7023f1e1283e8141d30835bf623f8b06e7dc12c3059f02411de62e4f7,download,1802405508,PROFILE-4f85e53ab3ed396c4c98,be0776d7023f1e1283e8141d30835bf623f8b06e7dc12c3059f02411de62e4f7,12207,IAC-99E5807909933E25DDE694E6739A0707,I_ac,fulfilled
standard_rsp,285,MNO-B,ORDER-53D4D4A1EB64F3B5072989AA,ACCOUNT-935d7b1f0bb47ea348d9addf,aura-smdpp.test,dace4be9dddcb8bce71e1d39f43afd48401f9790ccef2f0e7ac599f45613bf7d,download,1801429276,PROFILE-534aec4134e547811994,dace4be9dddcb8bce71e1d39f43afd48401f9790ccef2f0e7ac599f45613bf7d,12207,MID-8760E1494D9A802A47C14AC09D8AFC7A,matching_id,fulfilled
aura_rsp,285,MNO-B,ORDER-1FED79F6F71454609EFCEB87,ACCOUNT-b3eb09f744b630122abac7d8,aura-smdpp.test,dace4be9dddcb8bce71e1d39f43afd48401f9790ccef2f0e7ac599f45613bf7d,download,1801429276,PROFILE-534aec4134e547811994,dace4be9dddcb8bce71e1d39f43afd48401f9790ccef2f0e7ac599f45613bf7d,12207,IAC-32D49E20211F992F838D050A6C9A73AB,I_ac,fulfilled
standard_rsp,286,MNO-D,ORDER-468E21C83D286AFC12BE7B41,ACCOUNT-d2003d3d9c4cc7ebe319f1f9,aura-smdpp.test,6d1184a35259691d11804a8a2dfa4cd5df2a8ed53bff60c47ae5f5094f675070,download,1800055744,PROFILE-6efd7fb5d0e3709042ce,6d1184a35259691d11804a8a2dfa4cd5df2a8ed53bff60c47ae5f5094f675070,12207,MID-FA4E4BCB56E871F2786F985D79B64271,matching_id,fulfilled
aura_rsp,286,MNO-D,ORDER-F1D649514F7348825601EC13,ACCOUNT-60a40b01b8d2c6a21e945f39,aura-smdpp.test,6d1184a35259691d11804a8a2dfa4cd5df2a8ed53bff60c47ae5f5094f675070,download,1800055744,PROFILE-6efd7fb5d0e3709042ce,6d1184a35259691d11804a8a2dfa4cd5df2a8ed53bff60c47ae5f5094f675070,12207,IAC-A2BCA9246A0E73783B7E8299C051C9C5,I_ac,fulfilled
standard_rsp,287,MNO-D,ORDER-BA4C78117E08B2F56DC2EBA8,ACCOUNT-9877c99067bf2d9d40c18575,aura-smdpp.test,8d989d645f0471ded0d0ba38ec6b3cbd94da31f5682f7e8127158a2eae1b7e52,download,1802502975,PROFILE-d50cd087a26f354dc1ed,8d989d645f0471ded0d0ba38ec6b3cbd94da31f5682f7e8127158a2eae1b7e52,12207,MID-95755D87A10214DCC3603C2D8B06E8FE,matching_id,fulfilled
aura_rsp,287,MNO-D,ORDER-AB5593065FE0FE956D759577,ACCOUNT-48eefe1426474b95d4ab7d18,aura-smdpp.test,8d989d645f0471ded0d0ba38ec6b3cbd94da31f5682f7e8127158a2eae1b7e52,download,1802502975,PROFILE-d50cd087a26f354dc1ed,8d989d645f0471ded0d0ba38ec6b3cbd94da31f5682f7e8127158a2eae1b7e52,12207,IAC-1BC2A5B5FEBF52F424587E829D1089F6,I_ac,fulfilled
standard_rsp,288,MNO-D,ORDER-592DE123753F19589D7A66DA,ACCOUNT-f118143bc77c2000b3aab064,aura-smdpp.test,22a5b616d7c1d3e5f47466ad5afc04611e79f5f64964527cd7f78a9c6f876a6d,download,1800395624,PROFILE-b23658da53f8ab594a83,22a5b616d7c1d3e5f47466ad5afc04611e79f5f64964527cd7f78a9c6f876a6d,12207,MID-AA653AC65F258D00D49BE3A29C277B30,matching_id,fulfilled
aura_rsp,288,MNO-D,ORDER-11A35E6C8696709DE974BDED,ACCOUNT-144ba873fe69443352f025b4,aura-smdpp.test,22a5b616d7c1d3e5f47466ad5afc04611e79f5f64964527cd7f78a9c6f876a6d,download,1800395624,PROFILE-b23658da53f8ab594a83,22a5b616d7c1d3e5f47466ad5afc04611e79f5f64964527cd7f78a9c6f876a6d,12207,IAC-E220EE4EA0F1FEEC8FFE444BC1A40A44,I_ac,fulfilled
standard_rsp,289,MNO-C,ORDER-6D03B020C54E2D6E5EB90C09,ACCOUNT-7eab1f143fe17ffd9c195e81,aura-smdpp.test,d2747fc55b9611e75030fa82770db0e9ccca3a5ee13c57971982169b80fdf38f,download,1800360535,PROFILE-c44d8e904f6ccf546618,d2747fc55b9611e75030fa82770db0e9ccca3a5ee13c57971982169b80fdf38f,12207,MID-72826734227E28EECB619C209F08B88C,matching_id,fulfilled
aura_rsp,289,MNO-C,ORDER-0934D8E6AF668B84C5713277,ACCOUNT-abcce6470abf13d9df89621a,aura-smdpp.test,d2747fc55b9611e75030fa82770db0e9ccca3a5ee13c57971982169b80fdf38f,download,1800360535,PROFILE-c44d8e904f6ccf546618,d2747fc55b9611e75030fa82770db0e9ccca3a5ee13c57971982169b80fdf38f,12207,IAC-4083B8255E56C60D60DD6E82759D5460,I_ac,fulfilled
standard_rsp,290,MNO-C,ORDER-F4BDE070B1F0087BC6A9E689,ACCOUNT-911619aec24fe40b90f32fdf,aura-smdpp.test,d513e84069973235c914dcd7da3786ffaf932f037ac4acbe9f22f75c9a4353fd,download,1802078101,PROFILE-de3cd462a662a19765ea,d513e84069973235c914dcd7da3786ffaf932f037ac4acbe9f22f75c9a4353fd,12207,MID-95C5D7E91216485739457AC91FCB29A7,matching_id,fulfilled
aura_rsp,290,MNO-C,ORDER-E2E5E7BD0475B2196EE86537,ACCOUNT-578d68428a6905aae70c21ac,aura-smdpp.test,d513e84069973235c914dcd7da3786ffaf932f037ac4acbe9f22f75c9a4353fd,download,1802078101,PROFILE-de3cd462a662a19765ea,d513e84069973235c914dcd7da3786ffaf932f037ac4acbe9f22f75c9a4353fd,12207,IAC-2329CADF4773E08678DA93D7C0FA431A,I_ac,fulfilled
standard_rsp,291,MNO-C,ORDER-3FAE32FD59779F8D96F45C47,ACCOUNT-c5ec26444a6ceeb1322335f5,aura-smdpp.test,b19b86fde89b762a221e9caf799790de8168777eb72e7e9f38e9260e60cfb477,download,1801679690,PROFILE-d52e98b3dff52bf623d8,b19b86fde89b762a221e9caf799790de8168777eb72e7e9f38e9260e60cfb477,12207,MID-D372EC6285E5A7553BF26210B0794510,matching_id,fulfilled
aura_rsp,291,MNO-C,ORDER-24A6AEAC66CBDF9828A96E30,ACCOUNT-feafcb7b556c311321424a4b,aura-smdpp.test,b19b86fde89b762a221e9caf799790de8168777eb72e7e9f38e9260e60cfb477,download,1801679690,PROFILE-d52e98b3dff52bf623d8,b19b86fde89b762a221e9caf799790de8168777eb72e7e9f38e9260e60cfb477,12207,IAC-5A685673215C4EDB1572729E3812D071,I_ac,fulfilled
standard_rsp,292,MNO-C,ORDER-CBCA425ACC2FB9156BE238C7,ACCOUNT-15d2d9153f6f4683d90d26f8,aura-smdpp.test,191a58dad49999a425fbb983a44234f2a8cfa540ac858a54b821f822cf21d7a5,download,1802184046,PROFILE-9dccbaa8d4bbf804d844,191a58dad49999a425fbb983a44234f2a8cfa540ac858a54b821f822cf21d7a5,12207,MID-D79E7617952B3EAD724E9FF21C8A7AB2,matching_id,fulfilled
aura_rsp,292,MNO-C,ORDER-C9ACEE1D7F0A2BA3608EC545,ACCOUNT-66165354e1bdeef9d841e52e,aura-smdpp.test,191a58dad49999a425fbb983a44234f2a8cfa540ac858a54b821f822cf21d7a5,download,1802184046,PROFILE-9dccbaa8d4bbf804d844,191a58dad49999a425fbb983a44234f2a8cfa540ac858a54b821f822cf21d7a5,12207,IAC-9CF5F9A508B7BBA337A5C9FEB9268DB0,I_ac,fulfilled
standard_rsp,293,MNO-C,ORDER-80191572AEF88F98C8399FF9,ACCOUNT-09845f7504ffec5e47b03816,aura-smdpp.test,ff01a8ba57478f40f11408026e5d8ae79d7ac929b798c3f35edbcd03aefca9fe,download,1802054309,PROFILE-2f310324d094465741a0,ff01a8ba57478f40f11408026e5d8ae79d7ac929b798c3f35edbcd03aefca9fe,12207,MID-65FB174D89E3F9E0F8A255E4EA816340,matching_id,fulfilled
aura_rsp,293,MNO-C,ORDER-D53BCDA938CD00F45BDB6E2B,ACCOUNT-ef6e0af6f0c6841e3552aa32,aura-smdpp.test,ff01a8ba57478f40f11408026e5d8ae79d7ac929b798c3f35edbcd03aefca9fe,download,1802054309,PROFILE-2f310324d094465741a0,ff01a8ba57478f40f11408026e5d8ae79d7ac929b798c3f35edbcd03aefca9fe,12207,IAC-C5C11B77B44585D6BF371ACC24BEB8C2,I_ac,fulfilled
standard_rsp,294,MNO-B,ORDER-DB9E925DFDF206F95F7F4218,ACCOUNT-e25eae70500ccfc8b233fb38,aura-smdpp.test,c2bbf9796bf9103f57c927dda8fecc9e4d12c16c547cb8dfe2d4934823c697a7,download,1800262514,PROFILE-9d575133ba19503fc224,c2bbf9796bf9103f57c927dda8fecc9e4d12c16c547cb8dfe2d4934823c697a7,12207,MID-AA3A62DC0859E8071B71C301B08E729F,matching_id,fulfilled
aura_rsp,294,MNO-B,ORDER-DB1DB6917A8FC0C69A897D14,ACCOUNT-89b054bfdbe322ec25191bb3,aura-smdpp.test,c2bbf9796bf9103f57c927dda8fecc9e4d12c16c547cb8dfe2d4934823c697a7,download,1800262514,PROFILE-9d575133ba19503fc224,c2bbf9796bf9103f57c927dda8fecc9e4d12c16c547cb8dfe2d4934823c697a7,12207,IAC-9DC8935CBF03B0E8535E2E370B8A5017,I_ac,fulfilled
standard_rsp,295,MNO-B,ORDER-28E2D8ED85E30ABC5800D1AC,ACCOUNT-5e48127193fcd3defdc56fee,aura-smdpp.test,db15ec4af8098768961141f44ebdd32a6852522144b8d9d37d4634c59781e9a5,download,1801006397,PROFILE-f281103b06b9c23c91c5,db15ec4af8098768961141f44ebdd32a6852522144b8d9d37d4634c59781e9a5,12207,MID-AB91DF1E798C590812072279174ED8BF,matching_id,fulfilled
aura_rsp,295,MNO-B,ORDER-5281C0209D813B70424F3273,ACCOUNT-3b71d8bf83d58e57783fc16f,aura-smdpp.test,db15ec4af8098768961141f44ebdd32a6852522144b8d9d37d4634c59781e9a5,download,1801006397,PROFILE-f281103b06b9c23c91c5,db15ec4af8098768961141f44ebdd32a6852522144b8d9d37d4634c59781e9a5,12207,IAC-ED7E2259F028C0F30CDB9BD06550FF75,I_ac,fulfilled
standard_rsp,296,MNO-D,ORDER-C16289295FBDFBD4FB41BC9D,ACCOUNT-6b47424753d91fd25bbb0f15,aura-smdpp.test,7ba5c7239aaf968832d187fe0b6765458f84c8c499bf4b3efa1772ed580275f8,download,1801969779,PROFILE-d24afda2419f853167ce,7ba5c7239aaf968832d187fe0b6765458f84c8c499bf4b3efa1772ed580275f8,12207,MID-1DD7212F6564D594676A6ADC8A75DAE6,matching_id,fulfilled
aura_rsp,296,MNO-D,ORDER-2895FC77205902B798728807,ACCOUNT-8712f7199487f4ce1fe40d04,aura-smdpp.test,7ba5c7239aaf968832d187fe0b6765458f84c8c499bf4b3efa1772ed580275f8,download,1801969779,PROFILE-d24afda2419f853167ce,7ba5c7239aaf968832d187fe0b6765458f84c8c499bf4b3efa1772ed580275f8,12207,IAC-6DB3025CBE533536C79AE2ED1DAD0717,I_ac,fulfilled
standard_rsp,297,MNO-C,ORDER-73FB7DAED1CA4065B64ED685,ACCOUNT-879e0f26073071cd1768a2bc,aura-smdpp.test,6e69ad63362aaa268e426bc590cbf3b1f5e2ff8fbf342fcf50ef7432d9915450,download,1801757809,PROFILE-161f3c476a94ada6159b,6e69ad63362aaa268e426bc590cbf3b1f5e2ff8fbf342fcf50ef7432d9915450,12207,MID-5A246D34D64E5FD708D22714EBCC53C5,matching_id,fulfilled
aura_rsp,297,MNO-C,ORDER-8017A6CEF9017178A51D75C5,ACCOUNT-3da2191fc5d16c477880e40d,aura-smdpp.test,6e69ad63362aaa268e426bc590cbf3b1f5e2ff8fbf342fcf50ef7432d9915450,download,1801757809,PROFILE-161f3c476a94ada6159b,6e69ad63362aaa268e426bc590cbf3b1f5e2ff8fbf342fcf50ef7432d9915450,12207,IAC-1712814D01C52D4DEF4BCF1FD1D6B934,I_ac,fulfilled
standard_rsp,298,MNO-B,ORDER-BB6B98E3E1E7A13DE166763B,ACCOUNT-13688c94898c21a23827b695,aura-smdpp.test,f91d02961fc67fa9e00b6ab5540b7945520fc2aeb6f23f541f8a43a26efdb32d,download,1802219053,PROFILE-84781f05d297221cdb90,f91d02961fc67fa9e00b6ab5540b7945520fc2aeb6f23f541f8a43a26efdb32d,12207,MID-0297D84ACB80F2B8A9F31DD14DD9AB58,matching_id,fulfilled
aura_rsp,298,MNO-B,ORDER-4102A8192B8B537386B06433,ACCOUNT-ff1c5a4ac7c050966d909c20,aura-smdpp.test,f91d02961fc67fa9e00b6ab5540b7945520fc2aeb6f23f541f8a43a26efdb32d,download,1802219053,PROFILE-84781f05d297221cdb90,f91d02961fc67fa9e00b6ab5540b7945520fc2aeb6f23f541f8a43a26efdb32d,12207,IAC-31A89A0CEE9CCD86CB50A74EF9DDADC3,I_ac,fulfilled
standard_rsp,299,MNO-B,ORDER-48CAD07682B40C81CAF447FA,ACCOUNT-0cc3b64877f19a4d5bc4d779,aura-smdpp.test,8874288910b5e56ca0d70c61c26b494fe1e92cad0792fe5fac0184750a899ad8,download,1800922137,PROFILE-40eeae376ada23c1c67c,8874288910b5e56ca0d70c61c26b494fe1e92cad0792fe5fac0184750a899ad8,12207,MID-DB6EA539E61336E6A08B9A3A94D0FCE5,matching_id,fulfilled
aura_rsp,299,MNO-B,ORDER-B7AEE5DB6C8F998377920669,ACCOUNT-aed083f0d971cc597c1b2e56,aura-smdpp.test,8874288910b5e56ca0d70c61c26b494fe1e92cad0792fe5fac0184750a899ad8,download,1800922137,PROFILE-40eeae376ada23c1c67c,8874288910b5e56ca0d70c61c26b494fe1e92cad0792fe5fac0184750a899ad8,12207,IAC-2DD1FDDF79CA16B8F66565864E46F52C,I_ac,fulfilled
standard_rsp,300,MNO-A,ORDER-049D468137D91695C14D64A2,ACCOUNT-8ecf7c251edd71374eb8e7d4,aura-smdpp.test,eafc28934b16563a958c0a448ac4d40a2ba280f8e85843654165b64e666c14bf,download,1801404054,PROFILE-d7c2dd753e49d6130511,eafc28934b16563a958c0a448ac4d40a2ba280f8e85843654165b64e666c14bf,12207,MID-DBCDCEE650BFCA1C28F31F269C9E820C,matching_id,fulfilled
aura_rsp,300,MNO-A,ORDER-108E46DDC4E02D789A48B40F,ACCOUNT-95fd24c1eacab7fa65720211,aura-smdpp.test,eafc28934b16563a958c0a448ac4d40a2ba280f8e85843654165b64e666c14bf,download,1801404054,PROFILE-d7c2dd753e49d6130511,eafc28934b16563a958c0a448ac4d40a2ba280f8e85843654165b64e666c14bf,12207,IAC-C26B58818DFC4341842D26091A950124,I_ac,fulfilled
standard_rsp,301,MNO-B,ORDER-0E51759AF124D97F7589E522,ACCOUNT-9387f96379d0edc3d1d6d617,aura-smdpp.test,d87d6404d64a1968bd92d61e915659c242a8a371db50f3fd70e897163b447ae1,download,1800834643,PROFILE-b26cfa8a0a0203b5e66b,d87d6404d64a1968bd92d61e915659c242a8a371db50f3fd70e897163b447ae1,12207,MID-B4D8D1AA1B8C3DB6E76D9FDA766E6CCA,matching_id,fulfilled
aura_rsp,301,MNO-B,ORDER-F3C7C4C688F8C81290D157D7,ACCOUNT-62ee81951124d587ad0af41f,aura-smdpp.test,d87d6404d64a1968bd92d61e915659c242a8a371db50f3fd70e897163b447ae1,download,1800834643,PROFILE-b26cfa8a0a0203b5e66b,d87d6404d64a1968bd92d61e915659c242a8a371db50f3fd70e897163b447ae1,12207,IAC-251983BCAF3D058BAA59840E0E67E4BF,I_ac,fulfilled
standard_rsp,302,MNO-D,ORDER-03AF76F7B22F89EEB0A98AF2,ACCOUNT-593cd82795c2518848230b74,aura-smdpp.test,0b48c4bdb71ea7bc98f714c6791221408af34078093912b362692d8cefca76df,download,1800583651,PROFILE-f8e55a063b18e885d51f,0b48c4bdb71ea7bc98f714c6791221408af34078093912b362692d8cefca76df,12207,MID-5D7DD256BCA712CAE098953DE2A8DB9E,matching_id,fulfilled
aura_rsp,302,MNO-D,ORDER-40F7864C464E710A140C3700,ACCOUNT-d2e7ab005680562109c888a2,aura-smdpp.test,0b48c4bdb71ea7bc98f714c6791221408af34078093912b362692d8cefca76df,download,1800583651,PROFILE-f8e55a063b18e885d51f,0b48c4bdb71ea7bc98f714c6791221408af34078093912b362692d8cefca76df,12207,IAC-493DA5548F1B34D57426C855B71228FB,I_ac,fulfilled
standard_rsp,303,MNO-A,ORDER-0B0D55CF49B17CFDED1D0FAD,ACCOUNT-8c72fdadb8f677fc06f906bd,aura-smdpp.test,9631637ca9905f2cf2f6e3178f9e6a6ab97b8199d509d5d859a4aa7d005b69ff,download,1800707555,PROFILE-9d1f0fc6093da1bc575d,9631637ca9905f2cf2f6e3178f9e6a6ab97b8199d509d5d859a4aa7d005b69ff,12207,MID-2680985D5716E18C1D43DC268928EC33,matching_id,fulfilled
aura_rsp,303,MNO-A,ORDER-1EF44B428B196B76ECB8B8DC,ACCOUNT-845b502ce246ac2d09b5dde7,aura-smdpp.test,9631637ca9905f2cf2f6e3178f9e6a6ab97b8199d509d5d859a4aa7d005b69ff,download,1800707555,PROFILE-9d1f0fc6093da1bc575d,9631637ca9905f2cf2f6e3178f9e6a6ab97b8199d509d5d859a4aa7d005b69ff,12207,IAC-137AA0BE003A451B4C3A2E7E8CD2C297,I_ac,fulfilled
standard_rsp,304,MNO-A,ORDER-BB1F03177DDE19CD6E0C7E37,ACCOUNT-540b27278786101f2d1dc7d1,aura-smdpp.test,b717eac08a109a1f959792bac454733085f4eacd999a64729aeb318116c74eb7,download,1802545456,PROFILE-85e96cb53785b29eda5d,b717eac08a109a1f959792bac454733085f4eacd999a64729aeb318116c74eb7,12207,MID-6F2F97BC5872ACBA4FF18DA38D9B1580,matching_id,fulfilled
aura_rsp,304,MNO-A,ORDER-33009950EEEA1D63A23616AD,ACCOUNT-91ffbfce4f56217eeeb3b07d,aura-smdpp.test,b717eac08a109a1f959792bac454733085f4eacd999a64729aeb318116c74eb7,download,1802545456,PROFILE-85e96cb53785b29eda5d,b717eac08a109a1f959792bac454733085f4eacd999a64729aeb318116c74eb7,12207,IAC-8FD1855EEBD6E49F93F5266F56D532A0,I_ac,fulfilled
standard_rsp,305,MNO-B,ORDER-5D69C978D8A3BB3B3F9009CB,ACCOUNT-832761f9c2a961d745cd06ff,aura-smdpp.test,8c16b3d639561b76ba89128501028cf9c30f573f4c6b34704f8a78f9f7109ecf,download,1801819523,PROFILE-42de8c6e10b54692f791,8c16b3d639561b76ba89128501028cf9c30f573f4c6b34704f8a78f9f7109ecf,12207,MID-EAD831D8F90982752EE90FBF7678EAF7,matching_id,fulfilled
aura_rsp,305,MNO-B,ORDER-13D58A3D1D6702CC73AF09E5,ACCOUNT-770e5bdabf49727da81f006a,aura-smdpp.test,8c16b3d639561b76ba89128501028cf9c30f573f4c6b34704f8a78f9f7109ecf,download,1801819523,PROFILE-42de8c6e10b54692f791,8c16b3d639561b76ba89128501028cf9c30f573f4c6b34704f8a78f9f7109ecf,12207,IAC-DB85DDB538B67A5FB52DF0746FB7FC18,I_ac,fulfilled
standard_rsp,306,MNO-A,ORDER-74900E8912FC53DD63A3EB33,ACCOUNT-4b6746e84574faea0bfa8f45,aura-smdpp.test,ce7a9e3191d77285740beec4c16a68f7b4908e98f4be0872b398c3ed055bfb67,download,1800707629,PROFILE-8fb8a2c93b1149341e05,ce7a9e3191d77285740beec4c16a68f7b4908e98f4be0872b398c3ed055bfb67,12207,MID-C04C72B65422BA28302B8FC40C88579F,matching_id,fulfilled
aura_rsp,306,MNO-A,ORDER-E0692C5F96F1100198A0728A,ACCOUNT-93d9b655b21399d4a973f052,aura-smdpp.test,ce7a9e3191d77285740beec4c16a68f7b4908e98f4be0872b398c3ed055bfb67,download,1800707629,PROFILE-8fb8a2c93b1149341e05,ce7a9e3191d77285740beec4c16a68f7b4908e98f4be0872b398c3ed055bfb67,12207,IAC-2D32A032497C96E05D1295B620222E29,I_ac,fulfilled
standard_rsp,307,MNO-C,ORDER-F43F383ACD8D69BD3C2DD98F,ACCOUNT-713efd000d9c296dd7904eb8,aura-smdpp.test,8408bd388a1ff28985e59b7b54041ac537f4bd9b8297ab24796b00abbcd5574d,download,1802567258,PROFILE-a05b24fbcf8319fe6cdc,8408bd388a1ff28985e59b7b54041ac537f4bd9b8297ab24796b00abbcd5574d,12207,MID-7F10A109E42BEF017D26A596D029FA0B,matching_id,fulfilled
aura_rsp,307,MNO-C,ORDER-2A8DD466E96D53197EF99546,ACCOUNT-6d3185bcf80d049dcc7ca3f4,aura-smdpp.test,8408bd388a1ff28985e59b7b54041ac537f4bd9b8297ab24796b00abbcd5574d,download,1802567258,PROFILE-a05b24fbcf8319fe6cdc,8408bd388a1ff28985e59b7b54041ac537f4bd9b8297ab24796b00abbcd5574d,12207,IAC-452504447393ED03BE88F6F97F75C317,I_ac,fulfilled
standard_rsp,308,MNO-B,ORDER-0D0D5032C4558F310A8DEF51,ACCOUNT-50de6ba982a21a61b730dc58,aura-smdpp.test,9a7e5ffc6c358ee141480617897af659f86c55232f2fa461ee9c0b61a6588b16,download,1800791444,PROFILE-cc31cb659af2982c9d14,9a7e5ffc6c358ee141480617897af659f86c55232f2fa461ee9c0b61a6588b16,12207,MID-0874BFE6C07DF56D2B7EA918FA5C8986,matching_id,fulfilled
aura_rsp,308,MNO-B,ORDER-A728CE733A371D1F8215300E,ACCOUNT-6cc7eee731a3d1b069c91e0e,aura-smdpp.test,9a7e5ffc6c358ee141480617897af659f86c55232f2fa461ee9c0b61a6588b16,download,1800791444,PROFILE-cc31cb659af2982c9d14,9a7e5ffc6c358ee141480617897af659f86c55232f2fa461ee9c0b61a6588b16,12207,IAC-116ED4A7349AA557AFC481E488178EF1,I_ac,fulfilled
standard_rsp,309,MNO-C,ORDER-DBAEFF21FA17C54414464F9A,ACCOUNT-731e9a22477f7c4aaee1ccab,aura-smdpp.test,70bb5e0a488672369a27de8a7e9dd03fbab585f9eb0ffad9b4dc60254d5b4822,download,1801899368,PROFILE-648f9813255a140b8ed2,70bb5e0a488672369a27de8a7e9dd03fbab585f9eb0ffad9b4dc60254d5b4822,12207,MID-4977E5BDC483BD88AF985D83316FB5F1,matching_id,fulfilled
aura_rsp,309,MNO-C,ORDER-61028AF85CBE3152488C93FC,ACCOUNT-cdc8a30900708df63cf43f9b,aura-smdpp.test,70bb5e0a488672369a27de8a7e9dd03fbab585f9eb0ffad9b4dc60254d5b4822,download,1801899368,PROFILE-648f9813255a140b8ed2,70bb5e0a488672369a27de8a7e9dd03fbab585f9eb0ffad9b4dc60254d5b4822,12207,IAC-25E0D7EAB63A281E8E7FCF0FE386BCA2,I_ac,fulfilled
standard_rsp,310,MNO-C,ORDER-AC83FEDF43BEB9C0C88DBEE9,ACCOUNT-ba019cffef69583acd1fcece,aura-smdpp.test,241d61c29eda80a158b743b71b701a8e61e76b9f3a82989078a8e53e6424ac17,download,1801577613,PROFILE-16c6d49588581273ecf5,241d61c29eda80a158b743b71b701a8e61e76b9f3a82989078a8e53e6424ac17,12207,MID-19346B1604DE0605C4C0F8AFD063668E,matching_id,fulfilled
aura_rsp,310,MNO-C,ORDER-884ADB6B9866DC996F8DF91C,ACCOUNT-be179e1d88e5c194526b01b4,aura-smdpp.test,241d61c29eda80a158b743b71b701a8e61e76b9f3a82989078a8e53e6424ac17,download,1801577613,PROFILE-16c6d49588581273ecf5,241d61c29eda80a158b743b71b701a8e61e76b9f3a82989078a8e53e6424ac17,12207,IAC-4C3F867881E55DFB06093F538065C0E1,I_ac,fulfilled
standard_rsp,311,MNO-B,ORDER-6FCDC51EE5D563F561EF6C7E,ACCOUNT-16d0d78846cd8f0c486afda8,aura-smdpp.test,4eb83d4c0870f94cd3b4a2a3e8db24820753bed4c90c96bd428c312535b8b700,download,1800549690,PROFILE-5766bf9f53ba8b0b59c8,4eb83d4c0870f94cd3b4a2a3e8db24820753bed4c90c96bd428c312535b8b700,12207,MID-86AE6279A3E0B3ACD87FBFB6CFD4CA46,matching_id,fulfilled
aura_rsp,311,MNO-B,ORDER-AF3C429A4D6154523A8D90C5,ACCOUNT-b0e4364626f651b23c7bbdb8,aura-smdpp.test,4eb83d4c0870f94cd3b4a2a3e8db24820753bed4c90c96bd428c312535b8b700,download,1800549690,PROFILE-5766bf9f53ba8b0b59c8,4eb83d4c0870f94cd3b4a2a3e8db24820753bed4c90c96bd428c312535b8b700,12207,IAC-79A57B7FAABAF1D72F79B6A458260450,I_ac,fulfilled
standard_rsp,312,MNO-D,ORDER-CA4A4BFF8962AAD23A1CDC3C,ACCOUNT-ef47dc145cef4f615c5bb3a9,aura-smdpp.test,2525ef3d0f82806581435a4d0a9f03ce024d530b36c4c7276907594caf95af0d,download,1801904533,PROFILE-af9f6a1a6749f24c9152,2525ef3d0f82806581435a4d0a9f03ce024d530b36c4c7276907594caf95af0d,12207,MID-FBA3D5118075F0AA0C660A7B601B05A3,matching_id,fulfilled
aura_rsp,312,MNO-D,ORDER-A8F9FAEF32409853D483C511,ACCOUNT-44f2348c8b0d89c7830b4d48,aura-smdpp.test,2525ef3d0f82806581435a4d0a9f03ce024d530b36c4c7276907594caf95af0d,download,1801904533,PROFILE-af9f6a1a6749f24c9152,2525ef3d0f82806581435a4d0a9f03ce024d530b36c4c7276907594caf95af0d,12207,IAC-DDD6E5AFFFA7F32870A9A6672776186F,I_ac,fulfilled
standard_rsp,313,MNO-B,ORDER-DC9E2A1AF1700E17D83F7EF0,ACCOUNT-f9494366bac13191b53d5adb,aura-smdpp.test,393251f89085686781c43871d7b31f13c6305541be8eedfa34c4b181166fc406,download,1800076427,PROFILE-bd8f07d1125360a6242e,393251f89085686781c43871d7b31f13c6305541be8eedfa34c4b181166fc406,12207,MID-9307310FA93F88E92FD73B00548A8FCF,matching_id,fulfilled
aura_rsp,313,MNO-B,ORDER-5584C6CA1564EB0FB8DA3AB8,ACCOUNT-a0566ef12b355b8e215bfbab,aura-smdpp.test,393251f89085686781c43871d7b31f13c6305541be8eedfa34c4b181166fc406,download,1800076427,PROFILE-bd8f07d1125360a6242e,393251f89085686781c43871d7b31f13c6305541be8eedfa34c4b181166fc406,12207,IAC-658201B836788753E621C73A97913637,I_ac,fulfilled
standard_rsp,314,MNO-A,ORDER-30F7A637D0AD8E9AF39D1FC0,ACCOUNT-a4d0cb8115236ffeacf25e4c,aura-smdpp.test,d0f06d7e462ade680fff0007c828cf271bcce4696f34467a1f41a09c302cd328,download,1800795219,PROFILE-282c2d79b18add6535b2,d0f06d7e462ade680fff0007c828cf271bcce4696f34467a1f41a09c302cd328,12207,MID-B94CBAD98E373827E6D4524F0C168CBC,matching_id,fulfilled
aura_rsp,314,MNO-A,ORDER-29708255F4AB9CB640383592,ACCOUNT-0dccfea9d5fbbfa6074b6129,aura-smdpp.test,d0f06d7e462ade680fff0007c828cf271bcce4696f34467a1f41a09c302cd328,download,1800795219,PROFILE-282c2d79b18add6535b2,d0f06d7e462ade680fff0007c828cf271bcce4696f34467a1f41a09c302cd328,12207,IAC-308BD0B159AD59BEF40E6118EAFD07CA,I_ac,fulfilled
standard_rsp,315,MNO-A,ORDER-4CECEBB4E1C6E51EC39E2D83,ACCOUNT-bbad0789cb97f6bcd023e160,aura-smdpp.test,d191cb205e0c784d56c10e70420046d8e96081f2ace4e95231ebe5cf3fa53582,download,1802017767,PROFILE-281e8e4bce508852dbcd,d191cb205e0c784d56c10e70420046d8e96081f2ace4e95231ebe5cf3fa53582,12207,MID-02FD1634496579FBFD7AAEA8016CCA64,matching_id,fulfilled
aura_rsp,315,MNO-A,ORDER-5376E9A70F6236CF3158E0DC,ACCOUNT-3a1e929e28dc306e930c9962,aura-smdpp.test,d191cb205e0c784d56c10e70420046d8e96081f2ace4e95231ebe5cf3fa53582,download,1802017767,PROFILE-281e8e4bce508852dbcd,d191cb205e0c784d56c10e70420046d8e96081f2ace4e95231ebe5cf3fa53582,12207,IAC-43132B5AD88A9EE629964F4790D1DC89,I_ac,fulfilled
standard_rsp,316,MNO-B,ORDER-EDA2750871031F5CC526FEA8,ACCOUNT-4dbb20070b5bf3a506a29e9c,aura-smdpp.test,f5c8d1db8ff0e580ffcd53f0066e706ce0e7419088d63d66cdf51b5166f8c1be,download,1800197794,PROFILE-c5058e1f0430c8238986,f5c8d1db8ff0e580ffcd53f0066e706ce0e7419088d63d66cdf51b5166f8c1be,12207,MID-6BD5236414D258F14046BD09BBB47CDB,matching_id,fulfilled
aura_rsp,316,MNO-B,ORDER-31E1F6397A9623AF795F9914,ACCOUNT-0b05c1b18c0a328a18928ace,aura-smdpp.test,f5c8d1db8ff0e580ffcd53f0066e706ce0e7419088d63d66cdf51b5166f8c1be,download,1800197794,PROFILE-c5058e1f0430c8238986,f5c8d1db8ff0e580ffcd53f0066e706ce0e7419088d63d66cdf51b5166f8c1be,12207,IAC-5177AF0F848C290BD950538A514115F1,I_ac,fulfilled
standard_rsp,317,MNO-A,ORDER-89AA195461AC4C5FDDBB65D0,ACCOUNT-5fb5620a4bfdb11fc1ebeafc,aura-smdpp.test,178228d9793f5c1ca9e590d8b0449dc91b5ba32115d733feae2c878b90f771a9,download,1802506367,PROFILE-d80f9dbd612ccb26deec,178228d9793f5c1ca9e590d8b0449dc91b5ba32115d733feae2c878b90f771a9,12207,MID-EFD67C97595FD03CE893A371D3563D53,matching_id,fulfilled
aura_rsp,317,MNO-A,ORDER-969E1C4EACADA775F68E3A85,ACCOUNT-dc7e9565906edf0b9c59285a,aura-smdpp.test,178228d9793f5c1ca9e590d8b0449dc91b5ba32115d733feae2c878b90f771a9,download,1802506367,PROFILE-d80f9dbd612ccb26deec,178228d9793f5c1ca9e590d8b0449dc91b5ba32115d733feae2c878b90f771a9,12207,IAC-6BA744DC14FD4F04A4A2727F6255154E,I_ac,fulfilled
standard_rsp,318,MNO-A,ORDER-F60961B41C8FAE86E55C07FE,ACCOUNT-4e978b11e0f771eaa8696410,aura-smdpp.test,bffb34cee2799b13c18d34a70d58119549d8093721857d9dd8570313e4c15dd8,download,1802325579,PROFILE-48bd0403be5c4470f737,bffb34cee2799b13c18d34a70d58119549d8093721857d9dd8570313e4c15dd8,12207,MID-D7D03307FE77C3D37E5F8F0FF60107BF,matching_id,fulfilled
aura_rsp,318,MNO-A,ORDER-A22B0F646D3024910853E79B,ACCOUNT-27ecf513dbdc0c1e3b237245,aura-smdpp.test,bffb34cee2799b13c18d34a70d58119549d8093721857d9dd8570313e4c15dd8,download,1802325579,PROFILE-48bd0403be5c4470f737,bffb34cee2799b13c18d34a70d58119549d8093721857d9dd8570313e4c15dd8,12207,IAC-827EFE94F109BDF3831E3C61CF1C9534,I_ac,fulfilled
standard_rsp,319,MNO-D,ORDER-6F0BAAC3C853EC63FB20632C,ACCOUNT-cb774ca781ebf0cd46701c8c,aura-smdpp.test,40c1c316538958b02cbcb67aa38cf0c6a83d342fbc46dfa922b80c138fb42ead,download,1801488965,PROFILE-46f7ab1bb78c7c7db2bb,40c1c316538958b02cbcb67aa38cf0c6a83d342fbc46dfa922b80c138fb42ead,12207,MID-320EB772988A5615D828726A9EBB710A,matching_id,fulfilled
aura_rsp,319,MNO-D,ORDER-75D54C05FF2FE51D47619E51,ACCOUNT-9e6d480650d2190ca1ea6085,aura-smdpp.test,40c1c316538958b02cbcb67aa38cf0c6a83d342fbc46dfa922b80c138fb42ead,download,1801488965,PROFILE-46f7ab1bb78c7c7db2bb,40c1c316538958b02cbcb67aa38cf0c6a83d342fbc46dfa922b80c138fb42ead,12207,IAC-C95D771DA8E23928D0BF3E1CFA56CA52,I_ac,fulfilled
standard_rsp,320,MNO-A,ORDER-DA8767AA39EB3E48F440A307,ACCOUNT-d7e3f7f32da0b19431ecf132,aura-smdpp.test,6604d85babb940debf53496d2ecaa3c133f40525dfdd476396453dd6fbb1aee8,download,1801940070,PROFILE-dbfa0d24f9c66f6e754e,6604d85babb940debf53496d2ecaa3c133f40525dfdd476396453dd6fbb1aee8,12207,MID-525B2ED91C6EEDB086E8B05E6F68FF28,matching_id,fulfilled
aura_rsp,320,MNO-A,ORDER-BBEB4CF1581C322E6F3F66AF,ACCOUNT-5848bfc3ed858c17c59c2161,aura-smdpp.test,6604d85babb940debf53496d2ecaa3c133f40525dfdd476396453dd6fbb1aee8,download,1801940070,PROFILE-dbfa0d24f9c66f6e754e,6604d85babb940debf53496d2ecaa3c133f40525dfdd476396453dd6fbb1aee8,12207,IAC-78E73B403FDC7CF0461502585B4064EF,I_ac,fulfilled
standard_rsp,321,MNO-A,ORDER-746C8EE7DC1E58E9EA4BBE38,ACCOUNT-e4a0baf5c68f37d14813b1e1,aura-smdpp.test,ecabc0bf8b885be503a883df3f12bfa45686e195fc9b19a68bb0bff2520e01f7,download,1800732599,PROFILE-8dcd3eae709625cd142b,ecabc0bf8b885be503a883df3f12bfa45686e195fc9b19a68bb0bff2520e01f7,12207,MID-2D088321C954C12A6610675A86B6A088,matching_id,fulfilled
aura_rsp,321,MNO-A,ORDER-9F41175BC5C879B88981D083,ACCOUNT-dbe5edea0b2282061f52ae3d,aura-smdpp.test,ecabc0bf8b885be503a883df3f12bfa45686e195fc9b19a68bb0bff2520e01f7,download,1800732599,PROFILE-8dcd3eae709625cd142b,ecabc0bf8b885be503a883df3f12bfa45686e195fc9b19a68bb0bff2520e01f7,12207,IAC-748EA013031F04C10346AD9899F84761,I_ac,fulfilled
standard_rsp,322,MNO-B,ORDER-7ABAE9F3649F0137D83BA7DE,ACCOUNT-6cc4e58ed09a824761afa3c2,aura-smdpp.test,d531ff2ccba67d33dfec96f6b0b0518f69cd5753783e0e2329e04b2889a45d5e,download,1800350998,PROFILE-3e3845ce80d5abce7ef0,d531ff2ccba67d33dfec96f6b0b0518f69cd5753783e0e2329e04b2889a45d5e,12207,MID-9194DC83E1A5E03E7D36B638E686DAC3,matching_id,fulfilled
aura_rsp,322,MNO-B,ORDER-0FA6B1E5F2F6DAE3854A7502,ACCOUNT-814f2554dd80fd9d372ae646,aura-smdpp.test,d531ff2ccba67d33dfec96f6b0b0518f69cd5753783e0e2329e04b2889a45d5e,download,1800350998,PROFILE-3e3845ce80d5abce7ef0,d531ff2ccba67d33dfec96f6b0b0518f69cd5753783e0e2329e04b2889a45d5e,12207,IAC-B53CAC0BA1288099A6BBDBA1FD716394,I_ac,fulfilled
standard_rsp,323,MNO-C,ORDER-C53957730F4629482449BCEC,ACCOUNT-be993c481a54dd76af4f796b,aura-smdpp.test,91f3ad85991db33bf28a64a8f6477458092535f8ec92e1cf5e8e13cc021c6772,download,1801368636,PROFILE-02675db838126892bd5b,91f3ad85991db33bf28a64a8f6477458092535f8ec92e1cf5e8e13cc021c6772,12207,MID-7E4585992AE0531397BEF921AF16E23D,matching_id,fulfilled
aura_rsp,323,MNO-C,ORDER-457EF0C54677EEF87B65F9E3,ACCOUNT-e90d82a35de97e974c0e6e6b,aura-smdpp.test,91f3ad85991db33bf28a64a8f6477458092535f8ec92e1cf5e8e13cc021c6772,download,1801368636,PROFILE-02675db838126892bd5b,91f3ad85991db33bf28a64a8f6477458092535f8ec92e1cf5e8e13cc021c6772,12207,IAC-042B7B93C3AB874F65808ACA6F4FE021,I_ac,fulfilled
standard_rsp,324,MNO-D,ORDER-0C1CB61AAD64D22C2EA1501F,ACCOUNT-ca84e4156490d1c5bc2505d8,aura-smdpp.test,34aaa901032822e43ee92ac19e7190c340b8008833b7bafb3eeb1ea47ead407a,download,1800598892,PROFILE-1a96121e1875e018e747,34aaa901032822e43ee92ac19e7190c340b8008833b7bafb3eeb1ea47ead407a,12207,MID-EDEB9AF4A487CFEB9C585AC22EDB7978,matching_id,fulfilled
aura_rsp,324,MNO-D,ORDER-A700C8A2CD5CC2EE2211CB60,ACCOUNT-b4b2205553d718d769edfeba,aura-smdpp.test,34aaa901032822e43ee92ac19e7190c340b8008833b7bafb3eeb1ea47ead407a,download,1800598892,PROFILE-1a96121e1875e018e747,34aaa901032822e43ee92ac19e7190c340b8008833b7bafb3eeb1ea47ead407a,12207,IAC-27928A4B32FECDAF58128C3854790DC7,I_ac,fulfilled
standard_rsp,325,MNO-B,ORDER-AB478C87D41D6F8D57EA47D8,ACCOUNT-e5347c5cfdc405d6ee7ad179,aura-smdpp.test,3e75db07a3633fdf9dabef8f4fa8f23ed4a4c1594ffca572f3344187597b8633,download,1800287089,PROFILE-4ddac4463c10d0193ac2,3e75db07a3633fdf9dabef8f4fa8f23ed4a4c1594ffca572f3344187597b8633,12207,MID-83FE70FE110264DB1F00F5147653F38F,matching_id,fulfilled
aura_rsp,325,MNO-B,ORDER-865A81322E177057575C19B4,ACCOUNT-e836f4c5da0401d69239be29,aura-smdpp.test,3e75db07a3633fdf9dabef8f4fa8f23ed4a4c1594ffca572f3344187597b8633,download,1800287089,PROFILE-4ddac4463c10d0193ac2,3e75db07a3633fdf9dabef8f4fa8f23ed4a4c1594ffca572f3344187597b8633,12207,IAC-E96B3517F1187B860A61941EE773C81E,I_ac,fulfilled
standard_rsp,326,MNO-D,ORDER-AA541761608A5A0509AF1006,ACCOUNT-86b1bc419191ae073fcc9396,aura-smdpp.test,6a6b8da98adcc4b4c74f0f95d347bb25bff27728903fe0632dd0f3dc4efa4000,download,1801666644,PROFILE-1f6246c99cd36b1052e7,6a6b8da98adcc4b4c74f0f95d347bb25bff27728903fe0632dd0f3dc4efa4000,12207,MID-7479698D756A6C985782C978F92DCF34,matching_id,fulfilled
aura_rsp,326,MNO-D,ORDER-79492789D82C7D7F4D9B825E,ACCOUNT-0336ed1e24515ce568068330,aura-smdpp.test,6a6b8da98adcc4b4c74f0f95d347bb25bff27728903fe0632dd0f3dc4efa4000,download,1801666644,PROFILE-1f6246c99cd36b1052e7,6a6b8da98adcc4b4c74f0f95d347bb25bff27728903fe0632dd0f3dc4efa4000,12207,IAC-4C2B3E7E0C68C092A319C11BA0ACC8EE,I_ac,fulfilled
standard_rsp,327,MNO-D,ORDER-1F0CF02C5D319A895EEA200D,ACCOUNT-ccf70b5c58a69c3ce32e69f4,aura-smdpp.test,685fc99d0673d1a954f4cfaaa4ea6eab8a39634595990bdfd2f0b70bd72b5a78,download,1801171701,PROFILE-9922515ff7c524f5bd83,685fc99d0673d1a954f4cfaaa4ea6eab8a39634595990bdfd2f0b70bd72b5a78,12207,MID-2D43367DB4DE9EA2829BD8CE8369D5F4,matching_id,fulfilled
aura_rsp,327,MNO-D,ORDER-565933691CF0C0BB1DC2D86D,ACCOUNT-56d5f7ad94f486cfa17314e0,aura-smdpp.test,685fc99d0673d1a954f4cfaaa4ea6eab8a39634595990bdfd2f0b70bd72b5a78,download,1801171701,PROFILE-9922515ff7c524f5bd83,685fc99d0673d1a954f4cfaaa4ea6eab8a39634595990bdfd2f0b70bd72b5a78,12207,IAC-389FBAE07862E8DCFB00FCC76C88F310,I_ac,fulfilled
standard_rsp,328,MNO-A,ORDER-F8ED102D8838DD05B1DA99A2,ACCOUNT-98b3585870a309bb19daa58e,aura-smdpp.test,cc087acbb7297e270208224a087295be83af7836b48a9c677a125423ee381e9a,download,1800399743,PROFILE-eb305acadaa21fe61727,cc087acbb7297e270208224a087295be83af7836b48a9c677a125423ee381e9a,12207,MID-B5BF0C46CDF9CB177C9F2F9FDCD60F4C,matching_id,fulfilled
aura_rsp,328,MNO-A,ORDER-41DB5B748FF52D4E81F5FC0A,ACCOUNT-a625ef16a21ba596abdee207,aura-smdpp.test,cc087acbb7297e270208224a087295be83af7836b48a9c677a125423ee381e9a,download,1800399743,PROFILE-eb305acadaa21fe61727,cc087acbb7297e270208224a087295be83af7836b48a9c677a125423ee381e9a,12207,IAC-F1E7DFB0CEA50CE138A749CB90D3B06E,I_ac,fulfilled
standard_rsp,329,MNO-B,ORDER-9F9B428F6B76EEBEFBDD7669,ACCOUNT-beb7e095bd5c2a8ca05aebde,aura-smdpp.test,e1ae0c57f42600f93ea8893bf1e3fcdce6a0383106421231e9bb5364c14ee9f6,download,1800189232,PROFILE-1f46b9849b95ff045943,e1ae0c57f42600f93ea8893bf1e3fcdce6a0383106421231e9bb5364c14ee9f6,12207,MID-D46E0397510F3095B558DE8BE1E8B936,matching_id,fulfilled
aura_rsp,329,MNO-B,ORDER-D3D7AE5C86EA200E5582839F,ACCOUNT-361cbd2c07ddf65afd34188e,aura-smdpp.test,e1ae0c57f42600f93ea8893bf1e3fcdce6a0383106421231e9bb5364c14ee9f6,download,1800189232,PROFILE-1f46b9849b95ff045943,e1ae0c57f42600f93ea8893bf1e3fcdce6a0383106421231e9bb5364c14ee9f6,12207,IAC-7AEFAFDF259D0BF9521474628EE8B294,I_ac,fulfilled
standard_rsp,330,MNO-C,ORDER-C123552043525E9CD9C6897D,ACCOUNT-7ce94edc7bae79470b6c2625,aura-smdpp.test,b3950e97a67bfc7dc2dd9f3fded3376d8d17553bab0256a10dce8e790837cd21,download,1800332369,PROFILE-0057deb2568e957a6592,b3950e97a67bfc7dc2dd9f3fded3376d8d17553bab0256a10dce8e790837cd21,12207,MID-12B504BFA4F4C22C5C1220D817D64B2F,matching_id,fulfilled
aura_rsp,330,MNO-C,ORDER-98ABE53B5356BA11E6E4F118,ACCOUNT-4ebab1ed54c66d3e227adaa9,aura-smdpp.test,b3950e97a67bfc7dc2dd9f3fded3376d8d17553bab0256a10dce8e790837cd21,download,1800332369,PROFILE-0057deb2568e957a6592,b3950e97a67bfc7dc2dd9f3fded3376d8d17553bab0256a10dce8e790837cd21,12207,IAC-85DFC715137417FA35EE28B5732F69E4,I_ac,fulfilled
standard_rsp,331,MNO-B,ORDER-8D5DADA8E31EDE176A2BC930,ACCOUNT-71e55780f712b7fa80a407c7,aura-smdpp.test,87b996695b3e0300ef91f34ee827f7a5b3b7f0b1f59387121ef5499c62dcbe07,download,1801297342,PROFILE-b495c462a947c5e8126d,87b996695b3e0300ef91f34ee827f7a5b3b7f0b1f59387121ef5499c62dcbe07,12207,MID-5C0BED5CF8295C9E330F6E913D64871A,matching_id,fulfilled
aura_rsp,331,MNO-B,ORDER-A9F09F27394B8851F0494C74,ACCOUNT-33965600cd6f3c79a6a860d3,aura-smdpp.test,87b996695b3e0300ef91f34ee827f7a5b3b7f0b1f59387121ef5499c62dcbe07,download,1801297342,PROFILE-b495c462a947c5e8126d,87b996695b3e0300ef91f34ee827f7a5b3b7f0b1f59387121ef5499c62dcbe07,12207,IAC-BFA47C25D9B51C97225851B901FC49E1,I_ac,fulfilled
standard_rsp,332,MNO-B,ORDER-A8B773033E3ABE9240B2BB15,ACCOUNT-0a7696e497a1fb998f36348a,aura-smdpp.test,344106c4346d01e9d053d340c43834833595a0a115bdf11c3fb653f33e1b49b3,download,1802020561,PROFILE-566ebc392261e532fa4d,344106c4346d01e9d053d340c43834833595a0a115bdf11c3fb653f33e1b49b3,12207,MID-80E3704C3217DCE39FFFEF4FD35DEE2B,matching_id,fulfilled
aura_rsp,332,MNO-B,ORDER-2A0A696AAF9899D9DEB46EF0,ACCOUNT-2985e1d23d1036cc54e0f258,aura-smdpp.test,344106c4346d01e9d053d340c43834833595a0a115bdf11c3fb653f33e1b49b3,download,1802020561,PROFILE-566ebc392261e532fa4d,344106c4346d01e9d053d340c43834833595a0a115bdf11c3fb653f33e1b49b3,12207,IAC-C1D7972F8CADA77C4A140E9D3CD907E2,I_ac,fulfilled
standard_rsp,333,MNO-C,ORDER-9257917A42073145A4196C4C,ACCOUNT-87d97365da1c579f1e705fd4,aura-smdpp.test,8782386e61ff0bbd95f9c2900a893741c959c78181debd55e00427b3cc9eba97,download,1800550831,PROFILE-7746b48f43e45d3c3dd8,8782386e61ff0bbd95f9c2900a893741c959c78181debd55e00427b3cc9eba97,12207,MID-04E830F2238E49BAEFC15C808CF7BE0B,matching_id,fulfilled
aura_rsp,333,MNO-C,ORDER-ADD747ACB300932DFFB59DBA,ACCOUNT-6720377d4e5ea803920846ac,aura-smdpp.test,8782386e61ff0bbd95f9c2900a893741c959c78181debd55e00427b3cc9eba97,download,1800550831,PROFILE-7746b48f43e45d3c3dd8,8782386e61ff0bbd95f9c2900a893741c959c78181debd55e00427b3cc9eba97,12207,IAC-1B4578782ED45D34FF7C003C329D3D8B,I_ac,fulfilled
standard_rsp,334,MNO-D,ORDER-23836FF354CDFE5047298DB5,ACCOUNT-8b1201c666fbbd1b508ca5e7,aura-smdpp.test,a78e4e87e2fd2d0c2188aa1384411d7915bdbd9a370ce8139272a54ba58c5380,download,1802362455,PROFILE-c40320b8de9fc38dc8e6,a78e4e87e2fd2d0c2188aa1384411d7915bdbd9a370ce8139272a54ba58c5380,12207,MID-784B5413CE16ADE96FDA1E6B3CD33F2E,matching_id,fulfilled
aura_rsp,334,MNO-D,ORDER-67BA8CA1E7877821277388CE,ACCOUNT-26e2ba4a2f811233edef4b64,aura-smdpp.test,a78e4e87e2fd2d0c2188aa1384411d7915bdbd9a370ce8139272a54ba58c5380,download,1802362455,PROFILE-c40320b8de9fc38dc8e6,a78e4e87e2fd2d0c2188aa1384411d7915bdbd9a370ce8139272a54ba58c5380,12207,IAC-DA4B5E07D9CC4B97D66B8A5682774284,I_ac,fulfilled
standard_rsp,335,MNO-D,ORDER-89EF4F84AC000C6A9D5FDA72,ACCOUNT-c3927760a7fba83f0789f7a2,aura-smdpp.test,239846f2bd88aa2962d19e300d27064557062080d1a8a478f8f1f8c7c670aedf,download,1802252410,PROFILE-c72bffd06c7fc5eb2f82,239846f2bd88aa2962d19e300d27064557062080d1a8a478f8f1f8c7c670aedf,12207,MID-357FC0876584BD07BEF1542CC49093AA,matching_id,fulfilled
aura_rsp,335,MNO-D,ORDER-BD1CBCA95A11A42E47E79890,ACCOUNT-e80811bdeec338b039374b38,aura-smdpp.test,239846f2bd88aa2962d19e300d27064557062080d1a8a478f8f1f8c7c670aedf,download,1802252410,PROFILE-c72bffd06c7fc5eb2f82,239846f2bd88aa2962d19e300d27064557062080d1a8a478f8f1f8c7c670aedf,12207,IAC-632BC44EB322D323B5E2A05FD8EAF496,I_ac,fulfilled
standard_rsp,336,MNO-D,ORDER-88F8DB2B409D3B4ED599CC63,ACCOUNT-f27a8d897c57c5def9234b66,aura-smdpp.test,ddb3f1f040886db7647d2232104803bb8d6b69d04ae6d712c52b2dcc1e872b94,download,1800193133,PROFILE-a855c45e02312bfde665,ddb3f1f040886db7647d2232104803bb8d6b69d04ae6d712c52b2dcc1e872b94,12207,MID-D7D0B43B2135480231F70A7FA5B357F8,matching_id,fulfilled
aura_rsp,336,MNO-D,ORDER-29B9E14B8912F524E62FAF16,ACCOUNT-640b784cd60f1f0aabb2eadf,aura-smdpp.test,ddb3f1f040886db7647d2232104803bb8d6b69d04ae6d712c52b2dcc1e872b94,download,1800193133,PROFILE-a855c45e02312bfde665,ddb3f1f040886db7647d2232104803bb8d6b69d04ae6d712c52b2dcc1e872b94,12207,IAC-A5BD689A1F17B5574A5044109BF8DAEC,I_ac,fulfilled
standard_rsp,337,MNO-B,ORDER-EB9EA31AFB5214BADC2CC23F,ACCOUNT-5d191ac16b304eec24ceb1b8,aura-smdpp.test,3b19032cfdd57c3d553c920f4f50a99cadf9c0a02ce83d66ab7c24af31aca0eb,download,1801017743,PROFILE-dc939ffad71e45329cf2,3b19032cfdd57c3d553c920f4f50a99cadf9c0a02ce83d66ab7c24af31aca0eb,12207,MID-4102B558658E27FA74A07C09D17C27C1,matching_id,fulfilled
aura_rsp,337,MNO-B,ORDER-02960FF3D5C47DBED2D17622,ACCOUNT-f6c048385a6838f2454a657b,aura-smdpp.test,3b19032cfdd57c3d553c920f4f50a99cadf9c0a02ce83d66ab7c24af31aca0eb,download,1801017743,PROFILE-dc939ffad71e45329cf2,3b19032cfdd57c3d553c920f4f50a99cadf9c0a02ce83d66ab7c24af31aca0eb,12207,IAC-D488FFF500AA7C66A359436237A5F37D,I_ac,fulfilled
standard_rsp,338,MNO-D,ORDER-F9998A0D33830AD171C7FB54,ACCOUNT-a1688db224973eaf4d91c23c,aura-smdpp.test,02adbc4c109b0c043c1aba4eb93e262ae14ba54867587862de900ab17df4cf28,download,1800411498,PROFILE-96a6b5c575ef69d0bda0,02adbc4c109b0c043c1aba4eb93e262ae14ba54867587862de900ab17df4cf28,12207,MID-F5542924C09B46401ACEA5B8BCF76FE6,matching_id,fulfilled
aura_rsp,338,MNO-D,ORDER-CCE5AE839A20A991ACB68567,ACCOUNT-360362fd46b7a3a45b037e8c,aura-smdpp.test,02adbc4c109b0c043c1aba4eb93e262ae14ba54867587862de900ab17df4cf28,download,1800411498,PROFILE-96a6b5c575ef69d0bda0,02adbc4c109b0c043c1aba4eb93e262ae14ba54867587862de900ab17df4cf28,12207,IAC-843552244BEB19DF2380F3117B98498A,I_ac,fulfilled
standard_rsp,339,MNO-A,ORDER-463D97B74B124B4C1A6C7A59,ACCOUNT-ede28bf516fd83392fe8f3b5,aura-smdpp.test,2bea6c54bca677a3d5a8b1a38c15b3999f147c5f646c14081bcc39287c17aca5,download,1800551205,PROFILE-fd9dd50c132c47e4d4f5,2bea6c54bca677a3d5a8b1a38c15b3999f147c5f646c14081bcc39287c17aca5,12207,MID-68D1D79D6A2A48CB898F5BC926F7D85D,matching_id,fulfilled
aura_rsp,339,MNO-A,ORDER-D4C3CEF80DFFFFE7D624A451,ACCOUNT-5794de590f145dd855b9867c,aura-smdpp.test,2bea6c54bca677a3d5a8b1a38c15b3999f147c5f646c14081bcc39287c17aca5,download,1800551205,PROFILE-fd9dd50c132c47e4d4f5,2bea6c54bca677a3d5a8b1a38c15b3999f147c5f646c14081bcc39287c17aca5,12207,IAC-34DBB41A44C5A0512F97D0E2F731CEB1,I_ac,fulfilled
standard_rsp,340,MNO-A,ORDER-E35CE0F43299067BED480C64,ACCOUNT-7029bb7b5c6ef787a56625b6,aura-smdpp.test,d28e18bf53d384349cc97b051514901353f8fb53a0d48d45d158e18d026859e4,download,1800696757,PROFILE-b41623e98ac912816bf0,d28e18bf53d384349cc97b051514901353f8fb53a0d48d45d158e18d026859e4,12207,MID-DDEC3427CCB25A1B783F5176CB765836,matching_id,fulfilled
aura_rsp,340,MNO-A,ORDER-81F18113B8F5BEA58CDA69F0,ACCOUNT-6e3425a1e3e0c0cf173bc6fa,aura-smdpp.test,d28e18bf53d384349cc97b051514901353f8fb53a0d48d45d158e18d026859e4,download,1800696757,PROFILE-b41623e98ac912816bf0,d28e18bf53d384349cc97b051514901353f8fb53a0d48d45d158e18d026859e4,12207,IAC-DD406ED3F8A4A9C810F287E8962BFB38,I_ac,fulfilled
standard_rsp,341,MNO-B,ORDER-61008CFFF521EF4F2CC023FC,ACCOUNT-de6fc9d2a4a722ea2b79b945,aura-smdpp.test,ce3feed29b56bae38347fab78f054aba5f78e88b66a66520c107e89178d041b4,download,1801580542,PROFILE-fbf3ac61de92bb06b81e,ce3feed29b56bae38347fab78f054aba5f78e88b66a66520c107e89178d041b4,12207,MID-184F5D8F39ADAA7DFE309795A818D919,matching_id,fulfilled
aura_rsp,341,MNO-B,ORDER-7AD8B4DA8E2025AC08554C81,ACCOUNT-007e3bde4ad946ffa16632d0,aura-smdpp.test,ce3feed29b56bae38347fab78f054aba5f78e88b66a66520c107e89178d041b4,download,1801580542,PROFILE-fbf3ac61de92bb06b81e,ce3feed29b56bae38347fab78f054aba5f78e88b66a66520c107e89178d041b4,12207,IAC-05874223B0E42D39107874F84D504297,I_ac,fulfilled
standard_rsp,342,MNO-B,ORDER-1866D4565D7D24C5FA71D9AA,ACCOUNT-2095bea7b771ffd4338ac635,aura-smdpp.test,4da742033da9c921e8ae757848788a08265a67481884681fe852bfaae86eda39,download,1800476184,PROFILE-7619edcf59e0dd304975,4da742033da9c921e8ae757848788a08265a67481884681fe852bfaae86eda39,12207,MID-30C98D967AD55371569C3495B2C952AA,matching_id,fulfilled
aura_rsp,342,MNO-B,ORDER-72CC3E6C566D95189B23DC5E,ACCOUNT-7ee879711d1679826a0849de,aura-smdpp.test,4da742033da9c921e8ae757848788a08265a67481884681fe852bfaae86eda39,download,1800476184,PROFILE-7619edcf59e0dd304975,4da742033da9c921e8ae757848788a08265a67481884681fe852bfaae86eda39,12207,IAC-6D069868387058B8D5E2A6D34B9F55A9,I_ac,fulfilled
standard_rsp,343,MNO-B,ORDER-8130E9977DC2736B04F31DD7,ACCOUNT-bc70277ab887ce60ac913a61,aura-smdpp.test,b5a698cba1b2d83773fa3367be89f92c2cbbe8752583cacdfa6e8a1540677b5f,download,1801630349,PROFILE-04709ae87fe304447657,b5a698cba1b2d83773fa3367be89f92c2cbbe8752583cacdfa6e8a1540677b5f,12207,MID-9650D6DD3AD71474890DF40C690AC6B1,matching_id,fulfilled
aura_rsp,343,MNO-B,ORDER-DFCD590B79247D933208EF7A,ACCOUNT-b2370df913a41f1c7a33d3df,aura-smdpp.test,b5a698cba1b2d83773fa3367be89f92c2cbbe8752583cacdfa6e8a1540677b5f,download,1801630349,PROFILE-04709ae87fe304447657,b5a698cba1b2d83773fa3367be89f92c2cbbe8752583cacdfa6e8a1540677b5f,12207,IAC-8DB91B4ECB7C51E035832E8C1364E1ED,I_ac,fulfilled
standard_rsp,344,MNO-D,ORDER-DCDFE54F36E64A41C73A4D66,ACCOUNT-711f368c3f4e7c45a057e1d7,aura-smdpp.test,25e362c28aecf94b45fa5d9986990d1756d304ed33cbfc826bc6cf67bc596c64,download,1801171771,PROFILE-baf2e9cd4ca8e70c4913,25e362c28aecf94b45fa5d9986990d1756d304ed33cbfc826bc6cf67bc596c64,12207,MID-FD834D805045D4607925C0E37705D6A0,matching_id,fulfilled
aura_rsp,344,MNO-D,ORDER-38D7778D462D3F209F84908D,ACCOUNT-d06e9a4a3da7eb2bbf09c9c9,aura-smdpp.test,25e362c28aecf94b45fa5d9986990d1756d304ed33cbfc826bc6cf67bc596c64,download,1801171771,PROFILE-baf2e9cd4ca8e70c4913,25e362c28aecf94b45fa5d9986990d1756d304ed33cbfc826bc6cf67bc596c64,12207,IAC-52769D8A648FDAB35DE5C31C3C9BC5A5,I_ac,fulfilled
standard_rsp,345,MNO-B,ORDER-C517D2217BB2E6A49610F590,ACCOUNT-720fc2c583b8d5a8f60a4b27,aura-smdpp.test,bcb1256c5b732fbc59c9c596f3c229f3df40e4f215ecadcf5ffe7bb2379cca7e,download,1801718626,PROFILE-85c7df2d21ff6d51864e,bcb1256c5b732fbc59c9c596f3c229f3df40e4f215ecadcf5ffe7bb2379cca7e,12207,MID-CF61545AF439587FC80EC1561D627A94,matching_id,fulfilled
aura_rsp,345,MNO-B,ORDER-A14DA46987707391659AA1A7,ACCOUNT-78a7eeb373586e03b99e615e,aura-smdpp.test,bcb1256c5b732fbc59c9c596f3c229f3df40e4f215ecadcf5ffe7bb2379cca7e,download,1801718626,PROFILE-85c7df2d21ff6d51864e,bcb1256c5b732fbc59c9c596f3c229f3df40e4f215ecadcf5ffe7bb2379cca7e,12207,IAC-BE00E250612FC4A7BAF4540293034ABC,I_ac,fulfilled
standard_rsp,346,MNO-C,ORDER-1529A01FAF38529C1650D71D,ACCOUNT-87789051b040820d72820a16,aura-smdpp.test,bfad40edc5c5a51452f402aaba51e3a37c36ffa48b3f2af321d48ea91eb44e11,download,1800469840,PROFILE-f5cef8b2f399041a47cc,bfad40edc5c5a51452f402aaba51e3a37c36ffa48b3f2af321d48ea91eb44e11,12207,MID-4DF7BB25A67F37945719E7EB0FA80CE9,matching_id,fulfilled
aura_rsp,346,MNO-C,ORDER-E1D1885A9AE89AE11C8E8CFD,ACCOUNT-27b6ef8acff598722efc0deb,aura-smdpp.test,bfad40edc5c5a51452f402aaba51e3a37c36ffa48b3f2af321d48ea91eb44e11,download,1800469840,PROFILE-f5cef8b2f399041a47cc,bfad40edc5c5a51452f402aaba51e3a37c36ffa48b3f2af321d48ea91eb44e11,12207,IAC-A35CBF4A734145045624F99BB3FDADD4,I_ac,fulfilled
standard_rsp,347,MNO-D,ORDER-DBFEE501255ACF10D53210FA,ACCOUNT-2a303c6a2507e0711c331143,aura-smdpp.test,d39c7bde7f0b583678a610479fc1bebba6035aef9806d253bf17139a70793875,download,1802185953,PROFILE-c3153a4d6ec3c6f6cf6e,d39c7bde7f0b583678a610479fc1bebba6035aef9806d253bf17139a70793875,12207,MID-F7623B8989F45E68FA5F2265CEE25D85,matching_id,fulfilled
aura_rsp,347,MNO-D,ORDER-DCA3D8AC8E9F1F1A5C10A64E,ACCOUNT-fb75a463238560a457afca1e,aura-smdpp.test,d39c7bde7f0b583678a610479fc1bebba6035aef9806d253bf17139a70793875,download,1802185953,PROFILE-c3153a4d6ec3c6f6cf6e,d39c7bde7f0b583678a610479fc1bebba6035aef9806d253bf17139a70793875,12207,IAC-2CFB675232B2DE899B82ADBA7AE3A4BF,I_ac,fulfilled
standard_rsp,348,MNO-C,ORDER-CFDF9D141B23BC2F08E01CF7,ACCOUNT-4941d0d39987024a73049216,aura-smdpp.test,f13b244fa1fe84d1acda167a148721a3d16a66a0496911c48ae8ff6822677a1f,download,1801020446,PROFILE-20fa2fb4c077e27b37e5,f13b244fa1fe84d1acda167a148721a3d16a66a0496911c48ae8ff6822677a1f,12207,MID-BBD0509D05B92374D3B96F2D8100B0C5,matching_id,fulfilled
aura_rsp,348,MNO-C,ORDER-521078C4D0448629D8CF7F42,ACCOUNT-f2d83dc97ef3c281cf9adc06,aura-smdpp.test,f13b244fa1fe84d1acda167a148721a3d16a66a0496911c48ae8ff6822677a1f,download,1801020446,PROFILE-20fa2fb4c077e27b37e5,f13b244fa1fe84d1acda167a148721a3d16a66a0496911c48ae8ff6822677a1f,12207,IAC-EFA2F8A0032BAA9D82ABB3E1452ECEF5,I_ac,fulfilled
standard_rsp,349,MNO-C,ORDER-7F11B89174F4580C532944D8,ACCOUNT-9221dc450b257a2f3aca908b,aura-smdpp.test,92c6091ba7ead48bc5248d4516c79a782d678544c20f61510b2a0a6009e4d1d9,download,1802062024,PROFILE-379886bd19cdf5b33d78,92c6091ba7ead48bc5248d4516c79a782d678544c20f61510b2a0a6009e4d1d9,12207,MID-8643D5C3C8DF560EBBDF61A99AE599DB,matching_id,fulfilled
aura_rsp,349,MNO-C,ORDER-051B75D36A31C93A09DD5BF2,ACCOUNT-d586770956a5ba74ce2a865b,aura-smdpp.test,92c6091ba7ead48bc5248d4516c79a782d678544c20f61510b2a0a6009e4d1d9,download,1802062024,PROFILE-379886bd19cdf5b33d78,92c6091ba7ead48bc5248d4516c79a782d678544c20f61510b2a0a6009e4d1d9,12207,IAC-955635A231112BC2A5210AFFE2C909A3,I_ac,fulfilled
standard_rsp,350,MNO-A,ORDER-1A9EABDE34CA9FE5AEA1868B,ACCOUNT-e944616c4bee2df729edf474,aura-smdpp.test,dbcb9e7804da00f6bf2d9186f34001a31ca8721c054af221af87735bcce5e93b,download,1800913372,PROFILE-e32d1baf4911c7e90558,dbcb9e7804da00f6bf2d9186f34001a31ca8721c054af221af87735bcce5e93b,12207,MID-5506E8CCDF9263A69DFB21945E22E875,matching_id,fulfilled
aura_rsp,350,MNO-A,ORDER-A3BF9B08A7E4BA271D873285,ACCOUNT-7e6b7dd376a909d5f5d400ff,aura-smdpp.test,dbcb9e7804da00f6bf2d9186f34001a31ca8721c054af221af87735bcce5e93b,download,1800913372,PROFILE-e32d1baf4911c7e90558,dbcb9e7804da00f6bf2d9186f34001a31ca8721c054af221af87735bcce5e93b,12207,IAC-406D1B0B1A27B8D176B69B4791D37C60,I_ac,fulfilled
standard_rsp,351,MNO-A,ORDER-B29794481890854FBEFB484A,ACCOUNT-d6cf363520c41dbd94505172,aura-smdpp.test,f8fd2d097d23ad7e358f6b6e61fcf00b4b6ef3c76e2b2e370aeb602d6dc0a53d,download,1800319195,PROFILE-9871375ed133b6de0e15,f8fd2d097d23ad7e358f6b6e61fcf00b4b6ef3c76e2b2e370aeb602d6dc0a53d,12207,MID-7E4B43A2614F3A2CBED2DEE8D048E3F4,matching_id,fulfilled
aura_rsp,351,MNO-A,ORDER-1FF98ACE326B7821234C99CC,ACCOUNT-f1f819dcde9d3e780100eb1d,aura-smdpp.test,f8fd2d097d23ad7e358f6b6e61fcf00b4b6ef3c76e2b2e370aeb602d6dc0a53d,download,1800319195,PROFILE-9871375ed133b6de0e15,f8fd2d097d23ad7e358f6b6e61fcf00b4b6ef3c76e2b2e370aeb602d6dc0a53d,12207,IAC-21A81EE40C9FA64E16BB1AA2C16DE534,I_ac,fulfilled
standard_rsp,352,MNO-D,ORDER-ABC2DB97773564A32B3CD344,ACCOUNT-2e89398fc275f56d30c5b0a7,aura-smdpp.test,d3ab3481ab2a495af71a7a98e5d364881c0dc0296a5d963022194b94d60ca98b,download,1801294575,PROFILE-25602a059bf7280e557a,d3ab3481ab2a495af71a7a98e5d364881c0dc0296a5d963022194b94d60ca98b,12207,MID-74769800283CBCF4ABD2457ECC583012,matching_id,fulfilled
aura_rsp,352,MNO-D,ORDER-DE4C1AA0554372C79D3C6A9E,ACCOUNT-e271aca621f69f493ca441c0,aura-smdpp.test,d3ab3481ab2a495af71a7a98e5d364881c0dc0296a5d963022194b94d60ca98b,download,1801294575,PROFILE-25602a059bf7280e557a,d3ab3481ab2a495af71a7a98e5d364881c0dc0296a5d963022194b94d60ca98b,12207,IAC-5F1BD40A0BA0A87F11501ABBD5FFB75F,I_ac,fulfilled
standard_rsp,353,MNO-C,ORDER-76B8CF04B2604A20343F45F3,ACCOUNT-70a7565e64c0032d8e667311,aura-smdpp.test,646488408b436b9aaf8b0bdfa67664630f60ddaa2eae24a691cc4531b270371b,download,1801612674,PROFILE-50b5cbcc839a19e80355,646488408b436b9aaf8b0bdfa67664630f60ddaa2eae24a691cc4531b270371b,12207,MID-11A6819D373CAD24F2026EEE6CCA0348,matching_id,fulfilled
aura_rsp,353,MNO-C,ORDER-FC1847A75A1BBEC021DB6179,ACCOUNT-7a418067e02cde2f147f6eac,aura-smdpp.test,646488408b436b9aaf8b0bdfa67664630f60ddaa2eae24a691cc4531b270371b,download,1801612674,PROFILE-50b5cbcc839a19e80355,646488408b436b9aaf8b0bdfa67664630f60ddaa2eae24a691cc4531b270371b,12207,IAC-47F7A7E7C42E621D21E06C714C12A0C2,I_ac,fulfilled
standard_rsp,354,MNO-D,ORDER-27B8D5F69C8181C56AB85FC2,ACCOUNT-72962b9d6ff34f47725c0a5d,aura-smdpp.test,d1a3ba66c8d86e97781852092e98deb8bc70bb5559363a784cfd8898d9ccecae,download,1801725535,PROFILE-d22a72756787c510e7a3,d1a3ba66c8d86e97781852092e98deb8bc70bb5559363a784cfd8898d9ccecae,12207,MID-3C3D9AD263461A6AC607A3C5AF822A28,matching_id,fulfilled
aura_rsp,354,MNO-D,ORDER-71CF16341FCA72E7F956D26C,ACCOUNT-2846e30f07d97261f9ae9c9a,aura-smdpp.test,d1a3ba66c8d86e97781852092e98deb8bc70bb5559363a784cfd8898d9ccecae,download,1801725535,PROFILE-d22a72756787c510e7a3,d1a3ba66c8d86e97781852092e98deb8bc70bb5559363a784cfd8898d9ccecae,12207,IAC-2871B2F326A1EFD1D523149611DB1F83,I_ac,fulfilled
standard_rsp,355,MNO-B,ORDER-E404ACA1E0FDA7D263B46807,ACCOUNT-42aab21b8f2232c2338facf3,aura-smdpp.test,1828dfb0c3020409353900d6c5d96d85c44c6b823d60877090c05db54468961a,download,1802014747,PROFILE-741f575effea659de73b,1828dfb0c3020409353900d6c5d96d85c44c6b823d60877090c05db54468961a,12207,MID-A548B7A0424CAA5C47B078EAEBFB7B39,matching_id,fulfilled
aura_rsp,355,MNO-B,ORDER-876E023C049A961D3DB43934,ACCOUNT-8c9c00c71c7e86cf987595f3,aura-smdpp.test,1828dfb0c3020409353900d6c5d96d85c44c6b823d60877090c05db54468961a,download,1802014747,PROFILE-741f575effea659de73b,1828dfb0c3020409353900d6c5d96d85c44c6b823d60877090c05db54468961a,12207,IAC-9DA8878C18F8061616D36DFFA9013829,I_ac,fulfilled
standard_rsp,356,MNO-D,ORDER-2E3730B35ADE296C4A9DDF4F,ACCOUNT-c87ad898d54562836fb6a59f,aura-smdpp.test,6743910996802f27b8e28bef60b3eeb9e57454f7f3483976e690b8578fd3cfc1,download,1801784323,PROFILE-d14959f2d36cc9520185,6743910996802f27b8e28bef60b3eeb9e57454f7f3483976e690b8578fd3cfc1,12207,MID-B5D9C50193B20B83DAB111325040B5DE,matching_id,fulfilled
aura_rsp,356,MNO-D,ORDER-D84867D592F76BFBD5243ACF,ACCOUNT-b2476e40b0d6d46dad3feef8,aura-smdpp.test,6743910996802f27b8e28bef60b3eeb9e57454f7f3483976e690b8578fd3cfc1,download,1801784323,PROFILE-d14959f2d36cc9520185,6743910996802f27b8e28bef60b3eeb9e57454f7f3483976e690b8578fd3cfc1,12207,IAC-C4867414AD40F87C788BDA423190C901,I_ac,fulfilled
standard_rsp,357,MNO-D,ORDER-70D9E4A041843983CC2D91F1,ACCOUNT-b9117f89dae195edaa53e706,aura-smdpp.test,a45549ec7b374dc7f41ce976fb6cda7329f8eab7355e57167788114bb731b71c,download,1801270472,PROFILE-31788474b93eff9be777,a45549ec7b374dc7f41ce976fb6cda7329f8eab7355e57167788114bb731b71c,12207,MID-2004F36BBCB8CB0E9C48B13AA56CE19B,matching_id,fulfilled
aura_rsp,357,MNO-D,ORDER-64935C94C9D2DC9E5BA8A1F3,ACCOUNT-9d85dc168be091137b9b6e67,aura-smdpp.test,a45549ec7b374dc7f41ce976fb6cda7329f8eab7355e57167788114bb731b71c,download,1801270472,PROFILE-31788474b93eff9be777,a45549ec7b374dc7f41ce976fb6cda7329f8eab7355e57167788114bb731b71c,12207,IAC-989D62C8B709F3B7F6982095A63B98CE,I_ac,fulfilled
standard_rsp,358,MNO-A,ORDER-1CE33213CCAC60A027BA20C2,ACCOUNT-d75d185f7e4e40c17da15a27,aura-smdpp.test,00c08ea7ed41d5112d828c5bcc64757774345da406fcff8a15733b3382045147,download,1802266447,PROFILE-ce89823072c3e2f6db55,00c08ea7ed41d5112d828c5bcc64757774345da406fcff8a15733b3382045147,12207,MID-43892B42FDFFADCD533568AE0BBBF590,matching_id,fulfilled
aura_rsp,358,MNO-A,ORDER-9D909D5DE1FED72BFB4B7D5D,ACCOUNT-98152e711f36ea621f888532,aura-smdpp.test,00c08ea7ed41d5112d828c5bcc64757774345da406fcff8a15733b3382045147,download,1802266447,PROFILE-ce89823072c3e2f6db55,00c08ea7ed41d5112d828c5bcc64757774345da406fcff8a15733b3382045147,12207,IAC-E7492E3C8C346F3121646169864431E1,I_ac,fulfilled
standard_rsp,359,MNO-A,ORDER-FBD00607356C974ECB6802D5,ACCOUNT-c4e3b6052e523b22509301f7,aura-smdpp.test,e4251074e54d3d97d585adaba2e0b590bdb7007ce9cc5ea9ea3e0d275c085aa9,download,1801351769,PROFILE-38470d6fee9ce92ae031,e4251074e54d3d97d585adaba2e0b590bdb7007ce9cc5ea9ea3e0d275c085aa9,12207,MID-7C51C7607FB2FF88C83A629A39BC67E7,matching_id,fulfilled
aura_rsp,359,MNO-A,ORDER-FE24C49998A5836D421885D3,ACCOUNT-fd36c9ccb9ef0459628a5a65,aura-smdpp.test,e4251074e54d3d97d585adaba2e0b590bdb7007ce9cc5ea9ea3e0d275c085aa9,download,1801351769,PROFILE-38470d6fee9ce92ae031,e4251074e54d3d97d585adaba2e0b590bdb7007ce9cc5ea9ea3e0d275c085aa9,12207,IAC-43506368B12E1B09621187FD3976AAC6,I_ac,fulfilled
standard_rsp,360,MNO-D,ORDER-E62004D26B8FE4797EBF15E9,ACCOUNT-e17d7edfe356b90aa7e782ee,aura-smdpp.test,1b098481ce1e04e44fe74aab254561a6026a6a0e911f424e27c052f44e321002,download,1800513590,PROFILE-137612f10795529f0362,1b098481ce1e04e44fe74aab254561a6026a6a0e911f424e27c052f44e321002,12207,MID-73E5326F5C6CA94918B69040859448DA,matching_id,fulfilled
aura_rsp,360,MNO-D,ORDER-06E9D91F7FA0F618ABFF474A,ACCOUNT-c1780a05622553162f65429d,aura-smdpp.test,1b098481ce1e04e44fe74aab254561a6026a6a0e911f424e27c052f44e321002,download,1800513590,PROFILE-137612f10795529f0362,1b098481ce1e04e44fe74aab254561a6026a6a0e911f424e27c052f44e321002,12207,IAC-3D57C8A2F2AE340B086A0303BD010F66,I_ac,fulfilled
standard_rsp,361,MNO-D,ORDER-A6E9F7346E3097E7E77D8D3E,ACCOUNT-46a7a031866255476b32b401,aura-smdpp.test,d1ce7036618886967a1a63f5dec12d5d9949439d9a679ba87c6c329827c1a559,download,1800564916,PROFILE-af558b7ff146db947643,d1ce7036618886967a1a63f5dec12d5d9949439d9a679ba87c6c329827c1a559,12207,MID-669E6FC3D9597EE496F9B066801D2549,matching_id,fulfilled
aura_rsp,361,MNO-D,ORDER-B01B0079DFA892EFBB07857F,ACCOUNT-64ea248180209d0a9f9ff6b8,aura-smdpp.test,d1ce7036618886967a1a63f5dec12d5d9949439d9a679ba87c6c329827c1a559,download,1800564916,PROFILE-af558b7ff146db947643,d1ce7036618886967a1a63f5dec12d5d9949439d9a679ba87c6c329827c1a559,12207,IAC-09C15CD18F0AEB3A8288F2881356A5A2,I_ac,fulfilled
standard_rsp,362,MNO-A,ORDER-7D003ABFCC1F82B5CB2A4E9F,ACCOUNT-199770ab3553b235597fd9e2,aura-smdpp.test,f83f050c47984a08115963e2ea2d8ecd4911387525aceb3d439cdd8929d07b32,download,1801468581,PROFILE-0181d53c264cd2539acf,f83f050c47984a08115963e2ea2d8ecd4911387525aceb3d439cdd8929d07b32,12207,MID-CE436B573ECF8CB140EC8E80039B4929,matching_id,fulfilled
aura_rsp,362,MNO-A,ORDER-2D13E72140314B010BFFAA7A,ACCOUNT-600beadcb47c80e30286c1bd,aura-smdpp.test,f83f050c47984a08115963e2ea2d8ecd4911387525aceb3d439cdd8929d07b32,download,1801468581,PROFILE-0181d53c264cd2539acf,f83f050c47984a08115963e2ea2d8ecd4911387525aceb3d439cdd8929d07b32,12207,IAC-1B9DAA082CC383DABC3D2AAE239007BD,I_ac,fulfilled
standard_rsp,363,MNO-A,ORDER-E757BE679F7AA336645400FE,ACCOUNT-59e49ca7b8ca80fa8df4d853,aura-smdpp.test,5b3321f177673afd71703d5e335e63818996aa6444ed3e1a351a46ba0c636062,download,1801434461,PROFILE-8b9e5718c7a503b3ed31,5b3321f177673afd71703d5e335e63818996aa6444ed3e1a351a46ba0c636062,12207,MID-9CA37D5A1C8657ECBEC656CFA3069E71,matching_id,fulfilled
aura_rsp,363,MNO-A,ORDER-8B076AB643A4A796B033CDEF,ACCOUNT-399dad5d8c5499869b7015d1,aura-smdpp.test,5b3321f177673afd71703d5e335e63818996aa6444ed3e1a351a46ba0c636062,download,1801434461,PROFILE-8b9e5718c7a503b3ed31,5b3321f177673afd71703d5e335e63818996aa6444ed3e1a351a46ba0c636062,12207,IAC-D443F237DD50DE94C7DC652BAB662E1D,I_ac,fulfilled
standard_rsp,364,MNO-A,ORDER-E6A6C335E3B56B3E40FAFD57,ACCOUNT-1a4b2756bd1f57cdae5c7205,aura-smdpp.test,bad6e36b693bc5567663660540c450a6715d62237cb7dc29e9f292b9ddd8b725,download,1802200948,PROFILE-11d2096b9e48750263ee,bad6e36b693bc5567663660540c450a6715d62237cb7dc29e9f292b9ddd8b725,12207,MID-DC2E05071DED59F3EA01971E2EDF4F7D,matching_id,fulfilled
aura_rsp,364,MNO-A,ORDER-0637FBC6B4F7756B2CAE84B9,ACCOUNT-2888ca22656cd03028b2b6b4,aura-smdpp.test,bad6e36b693bc5567663660540c450a6715d62237cb7dc29e9f292b9ddd8b725,download,1802200948,PROFILE-11d2096b9e48750263ee,bad6e36b693bc5567663660540c450a6715d62237cb7dc29e9f292b9ddd8b725,12207,IAC-DBE1FFB9A4FD90B4EA03DD793D817245,I_ac,fulfilled
standard_rsp,365,MNO-A,ORDER-17ED64424E061CF4D2EAA91A,ACCOUNT-2a93da31ef1a174f6d18de0b,aura-smdpp.test,e0322f484c24fb52e73395fdaa1c4c647d69a768ee2443bd87addda76863a95e,download,1801747199,PROFILE-765683476b21d4b263a4,e0322f484c24fb52e73395fdaa1c4c647d69a768ee2443bd87addda76863a95e,12207,MID-78A47BE143C559E62DEBB428BB14F219,matching_id,fulfilled
aura_rsp,365,MNO-A,ORDER-440848E001D4BB7E259C3B9F,ACCOUNT-736fdc6db82493637c6fcb50,aura-smdpp.test,e0322f484c24fb52e73395fdaa1c4c647d69a768ee2443bd87addda76863a95e,download,1801747199,PROFILE-765683476b21d4b263a4,e0322f484c24fb52e73395fdaa1c4c647d69a768ee2443bd87addda76863a95e,12207,IAC-75CA78C23077C4B7BC3E38D60AF1DD7B,I_ac,fulfilled
standard_rsp,366,MNO-A,ORDER-148D37AAB6C99D856107B7DC,ACCOUNT-e7ea06e2a2626b64be6d57f6,aura-smdpp.test,4d8c17a23d9d7a0f566f8cb35739b379f7c106a64567ef50103310af179cb3b6,download,1801502637,PROFILE-15bfe298002698cfb5ef,4d8c17a23d9d7a0f566f8cb35739b379f7c106a64567ef50103310af179cb3b6,12207,MID-EF39D4F519F3DB6DF8A69D48147E48B9,matching_id,fulfilled
aura_rsp,366,MNO-A,ORDER-B3B795EDA41B24D680C71A1A,ACCOUNT-3234332809a6f414d6b01605,aura-smdpp.test,4d8c17a23d9d7a0f566f8cb35739b379f7c106a64567ef50103310af179cb3b6,download,1801502637,PROFILE-15bfe298002698cfb5ef,4d8c17a23d9d7a0f566f8cb35739b379f7c106a64567ef50103310af179cb3b6,12207,IAC-1092297D79CEE8439922E51991D3DD23,I_ac,fulfilled
standard_rsp,367,MNO-B,ORDER-D095B70BEB1AF23702D74FC4,ACCOUNT-ff7b77a14d377e681e5703f9,aura-smdpp.test,682cdb68d452bda9ba5d8982eada4afd224af5afd776a27c604cfe9664f724a6,download,1800842448,PROFILE-e765bc5955aac54072ec,682cdb68d452bda9ba5d8982eada4afd224af5afd776a27c604cfe9664f724a6,12207,MID-F77399D52ADC1849BD3E7EAC043210CE,matching_id,fulfilled
aura_rsp,367,MNO-B,ORDER-02369B29B733BC4F38AC8A90,ACCOUNT-44be28b62dcb3cb559278bba,aura-smdpp.test,682cdb68d452bda9ba5d8982eada4afd224af5afd776a27c604cfe9664f724a6,download,1800842448,PROFILE-e765bc5955aac54072ec,682cdb68d452bda9ba5d8982eada4afd224af5afd776a27c604cfe9664f724a6,12207,IAC-7F30AC2B2DC1C8F5C4B09F050069F24C,I_ac,fulfilled
standard_rsp,368,MNO-A,ORDER-EB7342DA9CE6D35FE2A6FBC1,ACCOUNT-24763b7ab6bc3217c4a31b64,aura-smdpp.test,9ae62623efe5a9c7b2ccc46aaf7f98989e403a71c6c804e06ace51c08b5e25f9,download,1802052103,PROFILE-3a58d04c2a9bc445c750,9ae62623efe5a9c7b2ccc46aaf7f98989e403a71c6c804e06ace51c08b5e25f9,12207,MID-EE15D46FD9FB0FB04B3150D7224263F9,matching_id,fulfilled
aura_rsp,368,MNO-A,ORDER-146E5443E3B5A02C920583BC,ACCOUNT-1748060697cc36809337dbd7,aura-smdpp.test,9ae62623efe5a9c7b2ccc46aaf7f98989e403a71c6c804e06ace51c08b5e25f9,download,1802052103,PROFILE-3a58d04c2a9bc445c750,9ae62623efe5a9c7b2ccc46aaf7f98989e403a71c6c804e06ace51c08b5e25f9,12207,IAC-FEAA40D898AB6E1925A9D5EC32B7A08F,I_ac,fulfilled
standard_rsp,369,MNO-D,ORDER-F8484524317F360F98FED2EA,ACCOUNT-621e5b54382ce3bc36543fda,aura-smdpp.test,2abb1c18cd03ce0b0a8ba4345caa6f9dafd20ec432044b9df78974d7529a91ca,download,1802152475,PROFILE-d5fce99b608940d8b5c7,2abb1c18cd03ce0b0a8ba4345caa6f9dafd20ec432044b9df78974d7529a91ca,12207,MID-7F593454DF5B9789F30029C18A598567,matching_id,fulfilled
aura_rsp,369,MNO-D,ORDER-FC6005824B78C5844D4BD3B1,ACCOUNT-48b96dd440c0cc56de8eeb0a,aura-smdpp.test,2abb1c18cd03ce0b0a8ba4345caa6f9dafd20ec432044b9df78974d7529a91ca,download,1802152475,PROFILE-d5fce99b608940d8b5c7,2abb1c18cd03ce0b0a8ba4345caa6f9dafd20ec432044b9df78974d7529a91ca,12207,IAC-E69C56F128E1E0F3CAFD1EAC41131B78,I_ac,fulfilled
standard_rsp,370,MNO-A,ORDER-59DA03B7971A6A835FD602F6,ACCOUNT-04f8a9069c4cd2961fa312e2,aura-smdpp.test,9edebf6f2138ad12f20ae30d4da35654702b54cbb56c7bef8d491c21794610c7,download,1801551470,PROFILE-0a2bfbd851ac36fc5cc8,9edebf6f2138ad12f20ae30d4da35654702b54cbb56c7bef8d491c21794610c7,12207,MID-B2D66F093C0D1F748A5A4019AFC0746D,matching_id,fulfilled
aura_rsp,370,MNO-A,ORDER-DD13C193E8EAB51FD90CB6D5,ACCOUNT-0d5c98e7bed9097b32a2d74f,aura-smdpp.test,9edebf6f2138ad12f20ae30d4da35654702b54cbb56c7bef8d491c21794610c7,download,1801551470,PROFILE-0a2bfbd851ac36fc5cc8,9edebf6f2138ad12f20ae30d4da35654702b54cbb56c7bef8d491c21794610c7,12207,IAC-06E3B519EF95C09B08F8A2744E2B33A6,I_ac,fulfilled
standard_rsp,371,MNO-B,ORDER-AEF2B92CD2B33F03554B72C2,ACCOUNT-9dc157ace75aeca31ad2f101,aura-smdpp.test,fb712d1091a9496bd8f0527cb1948c52cd38890a90540805e021b76724297084,download,1800851234,PROFILE-1751b4cd1e9af2333d59,fb712d1091a9496bd8f0527cb1948c52cd38890a90540805e021b76724297084,12207,MID-BE12BAA756F9B65D09D2924C85F03025,matching_id,fulfilled
aura_rsp,371,MNO-B,ORDER-38FFB56793DC5944CA0F4820,ACCOUNT-9d126c3068981c72c45fb353,aura-smdpp.test,fb712d1091a9496bd8f0527cb1948c52cd38890a90540805e021b76724297084,download,1800851234,PROFILE-1751b4cd1e9af2333d59,fb712d1091a9496bd8f0527cb1948c52cd38890a90540805e021b76724297084,12207,IAC-50F0E5E617793603DDBD653A25475B9D,I_ac,fulfilled
standard_rsp,372,MNO-C,ORDER-F6F38430A89BB928B57C9091,ACCOUNT-d53aa7c7275d01df74594ee5,aura-smdpp.test,ab945becda2abb85501421e82f4492c0724e57201c421f372c987490129b0d20,download,1801007675,PROFILE-7dabb860c411d530f3dc,ab945becda2abb85501421e82f4492c0724e57201c421f372c987490129b0d20,12207,MID-1C506E586697156BBA59D8F5D33C65B2,matching_id,fulfilled
aura_rsp,372,MNO-C,ORDER-2517DF5633B17C3244537707,ACCOUNT-d13a07a2d185f45bdef1d460,aura-smdpp.test,ab945becda2abb85501421e82f4492c0724e57201c421f372c987490129b0d20,download,1801007675,PROFILE-7dabb860c411d530f3dc,ab945becda2abb85501421e82f4492c0724e57201c421f372c987490129b0d20,12207,IAC-7F89CE801210EEF1400BC79DDE37B78E,I_ac,fulfilled
standard_rsp,373,MNO-C,ORDER-9636FBF69FB5F9F354F0F392,ACCOUNT-b919f093c2a549da37106482,aura-smdpp.test,5fa067f938b199d42a240563d5da9835ce190a1ffeb3bb2203ac4e0f99db69a8,download,1800555383,PROFILE-3ee6c65910a7880b8819,5fa067f938b199d42a240563d5da9835ce190a1ffeb3bb2203ac4e0f99db69a8,12207,MID-924C09F36697AB754C46CDCAF25B7AAB,matching_id,fulfilled
aura_rsp,373,MNO-C,ORDER-8B51172F034868004D471297,ACCOUNT-d1634b381bf93d1df5a0d73e,aura-smdpp.test,5fa067f938b199d42a240563d5da9835ce190a1ffeb3bb2203ac4e0f99db69a8,download,1800555383,PROFILE-3ee6c65910a7880b8819,5fa067f938b199d42a240563d5da9835ce190a1ffeb3bb2203ac4e0f99db69a8,12207,IAC-8053A2DE7846059D36EF6F608D1B93B6,I_ac,fulfilled
standard_rsp,374,MNO-C,ORDER-9CE79D223DA16A4E36E7BA49,ACCOUNT-adea81783d89c619a236209e,aura-smdpp.test,4cc5cf22818058508b06e4b7893897e9207a30d735150fb15ba639c3d55c98e6,download,1800765247,PROFILE-daa80615243b23c40010,4cc5cf22818058508b06e4b7893897e9207a30d735150fb15ba639c3d55c98e6,12207,MID-4193064ACE638F958A83D6E8EF9F367A,matching_id,fulfilled
aura_rsp,374,MNO-C,ORDER-CEB63A1357042883B006E966,ACCOUNT-81986ccdfb18792062d8663b,aura-smdpp.test,4cc5cf22818058508b06e4b7893897e9207a30d735150fb15ba639c3d55c98e6,download,1800765247,PROFILE-daa80615243b23c40010,4cc5cf22818058508b06e4b7893897e9207a30d735150fb15ba639c3d55c98e6,12207,IAC-22A68F5A4FC5ACC936C47C3557B82E9E,I_ac,fulfilled
standard_rsp,375,MNO-A,ORDER-A9662C0777EFD238ECA42E9A,ACCOUNT-88ea52a9c4c7fda851116d2e,aura-smdpp.test,b7664eb8bda977f804ceffdb127f95967d920180cd7190ed5a18de1cb823496d,download,1801922054,PROFILE-bb595cda3e35753f22f7,b7664eb8bda977f804ceffdb127f95967d920180cd7190ed5a18de1cb823496d,12207,MID-D1F80825905E98DD4440DE65BAF75870,matching_id,fulfilled
aura_rsp,375,MNO-A,ORDER-B3675CAAF80082CDE1741425,ACCOUNT-4c2f90141f690234176170db,aura-smdpp.test,b7664eb8bda977f804ceffdb127f95967d920180cd7190ed5a18de1cb823496d,download,1801922054,PROFILE-bb595cda3e35753f22f7,b7664eb8bda977f804ceffdb127f95967d920180cd7190ed5a18de1cb823496d,12207,IAC-56C4DDCA7EE6648A88EECB0F4DD10386,I_ac,fulfilled
standard_rsp,376,MNO-C,ORDER-36C8128AF28596C770EBE694,ACCOUNT-541274934bb2d2498e3947ef,aura-smdpp.test,06a7d4dd9a238a986602dfc302fe3c2b73f92b2308ef0a8596f66fb09b80804f,download,1800815166,PROFILE-21fc94ce293f11eddba8,06a7d4dd9a238a986602dfc302fe3c2b73f92b2308ef0a8596f66fb09b80804f,12207,MID-ECE9C74E0B93BE26DE2AF0C6FE314F14,matching_id,fulfilled
aura_rsp,376,MNO-C,ORDER-44CA2AA8FE6DF253DC22DCD7,ACCOUNT-b78b1420cdac9cf017997862,aura-smdpp.test,06a7d4dd9a238a986602dfc302fe3c2b73f92b2308ef0a8596f66fb09b80804f,download,1800815166,PROFILE-21fc94ce293f11eddba8,06a7d4dd9a238a986602dfc302fe3c2b73f92b2308ef0a8596f66fb09b80804f,12207,IAC-6C7B8B9EBDAA3F3B0B8FF17B1EF94D3B,I_ac,fulfilled
standard_rsp,377,MNO-D,ORDER-3628FC38E33659EF380C1534,ACCOUNT-e28405ff61aef956ad1fd844,aura-smdpp.test,1249c934f84be9d660ed84bff155c464cea52f0cfec270f740be8d0e499db42f,download,1800041064,PROFILE-80a1addc621e45ee9b39,1249c934f84be9d660ed84bff155c464cea52f0cfec270f740be8d0e499db42f,12207,MID-FA738562F029669CEEE8F8A2E0AA2781,matching_id,fulfilled
aura_rsp,377,MNO-D,ORDER-C42564C7E945F0E64CF52FBB,ACCOUNT-5400c295edbeaabd2a679669,aura-smdpp.test,1249c934f84be9d660ed84bff155c464cea52f0cfec270f740be8d0e499db42f,download,1800041064,PROFILE-80a1addc621e45ee9b39,1249c934f84be9d660ed84bff155c464cea52f0cfec270f740be8d0e499db42f,12207,IAC-FB7BED433024495599C39C51395FEF3C,I_ac,fulfilled
standard_rsp,378,MNO-B,ORDER-51D7106AD65A6634FEB0E293,ACCOUNT-c4286c58b4171142ca666104,aura-smdpp.test,972d7c652a52da8c164ea4633ccd334d7589b2b3bf311eb401523209dbbdbebf,download,1800620070,PROFILE-2b85f5d82f31d39cbc2a,972d7c652a52da8c164ea4633ccd334d7589b2b3bf311eb401523209dbbdbebf,12207,MID-D8B3BAB5283656DA70DB98011910714A,matching_id,fulfilled
aura_rsp,378,MNO-B,ORDER-75CFD1192FC2F23A2D97E323,ACCOUNT-062d49ff66a546f877ebc5dc,aura-smdpp.test,972d7c652a52da8c164ea4633ccd334d7589b2b3bf311eb401523209dbbdbebf,download,1800620070,PROFILE-2b85f5d82f31d39cbc2a,972d7c652a52da8c164ea4633ccd334d7589b2b3bf311eb401523209dbbdbebf,12207,IAC-0907E658FBAD7AB725BAB31D18B7CFA4,I_ac,fulfilled
standard_rsp,379,MNO-C,ORDER-7850B151BB8DBB051A7D22AC,ACCOUNT-cca6c4ec643ba6cf2d226298,aura-smdpp.test,31580205460431832643a63785c0278999217d72240efa338e0c22a5304b0c88,download,1802206945,PROFILE-de4765a41f1b3b354763,31580205460431832643a63785c0278999217d72240efa338e0c22a5304b0c88,12207,MID-BFBA324AE5E9E4AAD71C6EA34F7CBBB4,matching_id,fulfilled
aura_rsp,379,MNO-C,ORDER-471A282A08F4B087202BC5C3,ACCOUNT-a4d29bc021e9bb1a188a72cf,aura-smdpp.test,31580205460431832643a63785c0278999217d72240efa338e0c22a5304b0c88,download,1802206945,PROFILE-de4765a41f1b3b354763,31580205460431832643a63785c0278999217d72240efa338e0c22a5304b0c88,12207,IAC-A85F7B6E86B859AC84E6ACB89832C900,I_ac,fulfilled
standard_rsp,380,MNO-B,ORDER-E13D68E5380968DC596B7B65,ACCOUNT-63cb0e1dc2fa2533b3bc4e8c,aura-smdpp.test,f21c7a560ab5a890c8a687f3998e51db84135f4cb2cf1bda08d2b37f4046faae,download,1800142561,PROFILE-4c89bb0435031cee912e,f21c7a560ab5a890c8a687f3998e51db84135f4cb2cf1bda08d2b37f4046faae,12207,MID-1692BF5935EF446B57A324049B9CB070,matching_id,fulfilled
aura_rsp,380,MNO-B,ORDER-3FAD799C86E7AE4658DCCD7E,ACCOUNT-1e97702d366448ef82d97834,aura-smdpp.test,f21c7a560ab5a890c8a687f3998e51db84135f4cb2cf1bda08d2b37f4046faae,download,1800142561,PROFILE-4c89bb0435031cee912e,f21c7a560ab5a890c8a687f3998e51db84135f4cb2cf1bda08d2b37f4046faae,12207,IAC-0C3EEE1B6DC6DA9335F10624C8F3DA47,I_ac,fulfilled
standard_rsp,381,MNO-C,ORDER-8525FD5589CFBDB8A0339BF2,ACCOUNT-9142f418e83aea3796e424bc,aura-smdpp.test,720d0c89d6ddf06ea82afe5aec93ee989fb1df9fcd3203c0c7a0f2308108da5a,download,1800430155,PROFILE-0b6ed9dadec57310f3dd,720d0c89d6ddf06ea82afe5aec93ee989fb1df9fcd3203c0c7a0f2308108da5a,12207,MID-5698CC1C0DC4CAFD7D1DAFBEDF9AA10E,matching_id,fulfilled
aura_rsp,381,MNO-C,ORDER-2638A46888ED2C058B6F54EF,ACCOUNT-26c6e3aae045b9c35919d5ba,aura-smdpp.test,720d0c89d6ddf06ea82afe5aec93ee989fb1df9fcd3203c0c7a0f2308108da5a,download,1800430155,PROFILE-0b6ed9dadec57310f3dd,720d0c89d6ddf06ea82afe5aec93ee989fb1df9fcd3203c0c7a0f2308108da5a,12207,IAC-F7814F7083D45094C62AB938F9B4833B,I_ac,fulfilled
standard_rsp,382,MNO-A,ORDER-573C71EB7D476963FCBD610D,ACCOUNT-3439d9cc8ac1cb8cf912562a,aura-smdpp.test,93500113e9298139aa3b634e010ce60bc5b60940c6a688c55cc590eece49ef39,download,1802432288,PROFILE-045175c29295fefc9feb,93500113e9298139aa3b634e010ce60bc5b60940c6a688c55cc590eece49ef39,12207,MID-9D10001F6E6705CFF63C6CC4A9511ADA,matching_id,fulfilled
aura_rsp,382,MNO-A,ORDER-F7DD5197370302E8E0D6CEFD,ACCOUNT-71bd9bd3bbd3f15dc58d4a53,aura-smdpp.test,93500113e9298139aa3b634e010ce60bc5b60940c6a688c55cc590eece49ef39,download,1802432288,PROFILE-045175c29295fefc9feb,93500113e9298139aa3b634e010ce60bc5b60940c6a688c55cc590eece49ef39,12207,IAC-FA009455444687C5708BEB38CE65B88D,I_ac,fulfilled
standard_rsp,383,MNO-D,ORDER-8552522A2215580C2ED42DDD,ACCOUNT-56c25daca4617029b84dbd39,aura-smdpp.test,fef44f455d70d7a4728d9bb894f23d4d707e62f14b99b6b9317faf72abdc0d7f,download,1801899051,PROFILE-8ac413c03cae07f1920f,fef44f455d70d7a4728d9bb894f23d4d707e62f14b99b6b9317faf72abdc0d7f,12207,MID-7D15148B09C10368886EABD8EBBA3B92,matching_id,fulfilled
aura_rsp,383,MNO-D,ORDER-298B5321D7936773C9B8351F,ACCOUNT-bd89a627cb6ac17e03f0d082,aura-smdpp.test,fef44f455d70d7a4728d9bb894f23d4d707e62f14b99b6b9317faf72abdc0d7f,download,1801899051,PROFILE-8ac413c03cae07f1920f,fef44f455d70d7a4728d9bb894f23d4d707e62f14b99b6b9317faf72abdc0d7f,12207,IAC-14A9999749B6931343E153AA0CB81A6F,I_ac,fulfilled
standard_rsp,384,MNO-C,ORDER-49FB9284648E41EF46A81E14,ACCOUNT-abc11e5a8d5acaa799f1f752,aura-smdpp.test,027ab53922ad0f848311df929bd1137851102543ac0ede7ec4bf6cdb5d03af1f,download,1801857034,PROFILE-b13e7046e07c3726ec7b,027ab53922ad0f848311df929bd1137851102543ac0ede7ec4bf6cdb5d03af1f,12207,MID-BCE385E4285EE295AB52CAE3127A2F1F,matching_id,fulfilled
aura_rsp,384,MNO-C,ORDER-3A40312479909C415C7ABD45,ACCOUNT-5caaf76c15c2475ee8c4afb8,aura-smdpp.test,027ab53922ad0f848311df929bd1137851102543ac0ede7ec4bf6cdb5d03af1f,download,1801857034,PROFILE-b13e7046e07c3726ec7b,027ab53922ad0f848311df929bd1137851102543ac0ede7ec4bf6cdb5d03af1f,12207,IAC-2FCA0715795CAC3E1FAB8630B93F507F,I_ac,fulfilled
standard_rsp,385,MNO-B,ORDER-E9F696B7378D6FA16E964297,ACCOUNT-b4b1efd002c948d7c3d48831,aura-smdpp.test,e02c4467e5639d9a017431698b05c54ec8005920e4e5e20a39443991f4fd9c1c,download,1800287570,PROFILE-101c68569f6f688406c5,e02c4467e5639d9a017431698b05c54ec8005920e4e5e20a39443991f4fd9c1c,12207,MID-2718ABBA0CA9A571867F075A423A84FF,matching_id,fulfilled
aura_rsp,385,MNO-B,ORDER-9687663BD0B35B84E5662F0E,ACCOUNT-d521d6fdbf997808c965a598,aura-smdpp.test,e02c4467e5639d9a017431698b05c54ec8005920e4e5e20a39443991f4fd9c1c,download,1800287570,PROFILE-101c68569f6f688406c5,e02c4467e5639d9a017431698b05c54ec8005920e4e5e20a39443991f4fd9c1c,12207,IAC-7B81F245A5CADB937538D37A186456BF,I_ac,fulfilled
standard_rsp,386,MNO-C,ORDER-6AD1A276EEDB5F2A2CF61F7B,ACCOUNT-93d2f9d3d3c3db38495551cd,aura-smdpp.test,c073f7feb778d2c227028714a18edb86ed8d747c365742a7798cd8f0591e9309,download,1802109490,PROFILE-5d645ded30188dc9afb2,c073f7feb778d2c227028714a18edb86ed8d747c365742a7798cd8f0591e9309,12207,MID-C5B53EC0DCF67CA225BA936FDDF88111,matching_id,fulfilled
aura_rsp,386,MNO-C,ORDER-C5DFE3321166FB3B2A526190,ACCOUNT-65bf3a391a6ac84ecde550cf,aura-smdpp.test,c073f7feb778d2c227028714a18edb86ed8d747c365742a7798cd8f0591e9309,download,1802109490,PROFILE-5d645ded30188dc9afb2,c073f7feb778d2c227028714a18edb86ed8d747c365742a7798cd8f0591e9309,12207,IAC-C997CAF45400C290E9E185FA66025EBB,I_ac,fulfilled
standard_rsp,387,MNO-A,ORDER-8FE0BC9EC6F82198C349BFC3,ACCOUNT-19f5b411c3f721a4d6bfb7d1,aura-smdpp.test,122bb120ca7b88b131b5a03fadd8f6edbbafa85bd7be2aa93fe13e4ec16c32d0,download,1800908910,PROFILE-c4b5a49330b93b834b93,122bb120ca7b88b131b5a03fadd8f6edbbafa85bd7be2aa93fe13e4ec16c32d0,12207,MID-0FA0D23C6D6E6B47B7074C595B0FFC59,matching_id,fulfilled
aura_rsp,387,MNO-A,ORDER-1BFC046C3D1F3F31267B226A,ACCOUNT-7ae991cb0374489fb0eaad08,aura-smdpp.test,122bb120ca7b88b131b5a03fadd8f6edbbafa85bd7be2aa93fe13e4ec16c32d0,download,1800908910,PROFILE-c4b5a49330b93b834b93,122bb120ca7b88b131b5a03fadd8f6edbbafa85bd7be2aa93fe13e4ec16c32d0,12207,IAC-6D8AE29EA353A125C7205D10D2DAD602,I_ac,fulfilled
standard_rsp,388,MNO-B,ORDER-8363E335D95FED76774C87E6,ACCOUNT-b704f26b99d6c83cb314ca79,aura-smdpp.test,59cdb2fa7bf6b34cb7bc1e7fd34cfcddbd2803958e143fda9be98b023993be3a,download,1800206686,PROFILE-75dbb00d0fa3b4cb8ca8,59cdb2fa7bf6b34cb7bc1e7fd34cfcddbd2803958e143fda9be98b023993be3a,12207,MID-0DA56B5980108FAAFAEEC7023D87D96D,matching_id,fulfilled
aura_rsp,388,MNO-B,ORDER-94BD6D38913AD352DDF74982,ACCOUNT-849d46c297b964860a3629f0,aura-smdpp.test,59cdb2fa7bf6b34cb7bc1e7fd34cfcddbd2803958e143fda9be98b023993be3a,download,1800206686,PROFILE-75dbb00d0fa3b4cb8ca8,59cdb2fa7bf6b34cb7bc1e7fd34cfcddbd2803958e143fda9be98b023993be3a,12207,IAC-586AD52E3230E637E606EA9701BF00E2,I_ac,fulfilled
standard_rsp,389,MNO-C,ORDER-F5746E233C684C375723E188,ACCOUNT-da38be9bc8409ea38cb992f6,aura-smdpp.test,c57e3c050d466565e4cc99728ecc22cb7ae3d7f46584312a9c3718f7ad3521e5,download,1802247886,PROFILE-be6edb86da181cfdc2fd,c57e3c050d466565e4cc99728ecc22cb7ae3d7f46584312a9c3718f7ad3521e5,12207,MID-9506C6EC44F93E34746A07B713202AD7,matching_id,fulfilled
aura_rsp,389,MNO-C,ORDER-E0B0D59BC3FF667C2FF553C8,ACCOUNT-75138c5afc7f02e9f981f92c,aura-smdpp.test,c57e3c050d466565e4cc99728ecc22cb7ae3d7f46584312a9c3718f7ad3521e5,download,1802247886,PROFILE-be6edb86da181cfdc2fd,c57e3c050d466565e4cc99728ecc22cb7ae3d7f46584312a9c3718f7ad3521e5,12207,IAC-2D8C98BB4BF9B592F200CEED10A178B2,I_ac,fulfilled
standard_rsp,390,MNO-D,ORDER-358F5D38B09C1774320AAD54,ACCOUNT-48d7971fc8337a39a2bf526b,aura-smdpp.test,0a9cd5c9542419d0d0e8f773587236ca4752113af04fe3cc1c23d93d0cdae0a6,download,1801004322,PROFILE-221cce772d6c2748239c,0a9cd5c9542419d0d0e8f773587236ca4752113af04fe3cc1c23d93d0cdae0a6,12207,MID-662BD5D4B639BA2E8CC686DCBFEBA790,matching_id,fulfilled
aura_rsp,390,MNO-D,ORDER-A93F9B6B81DF9E8F1214C992,ACCOUNT-a4868dbde6696b750a612ba0,aura-smdpp.test,0a9cd5c9542419d0d0e8f773587236ca4752113af04fe3cc1c23d93d0cdae0a6,download,1801004322,PROFILE-221cce772d6c2748239c,0a9cd5c9542419d0d0e8f773587236ca4752113af04fe3cc1c23d93d0cdae0a6,12207,IAC-72D1C8910F09E60F34380A0930286DF0,I_ac,fulfilled
standard_rsp,391,MNO-B,ORDER-8AF8BE656572C874610573DC,ACCOUNT-a7fdeacd05614ae3c765b268,aura-smdpp.test,53113e0f9daf113c113788a5822bbbb22cc6d5b530e9015b42cf89abb374f2ae,download,1800376582,PROFILE-fdec611658c99ec30725,53113e0f9daf113c113788a5822bbbb22cc6d5b530e9015b42cf89abb374f2ae,12207,MID-3E35372A186369EAE33907EFAFE64753,matching_id,fulfilled
aura_rsp,391,MNO-B,ORDER-72976BEE53F3EC922671348B,ACCOUNT-6e269c711d8e2053ce56b7a7,aura-smdpp.test,53113e0f9daf113c113788a5822bbbb22cc6d5b530e9015b42cf89abb374f2ae,download,1800376582,PROFILE-fdec611658c99ec30725,53113e0f9daf113c113788a5822bbbb22cc6d5b530e9015b42cf89abb374f2ae,12207,IAC-84E1BB12EE573AC075DA8EF96D61EED3,I_ac,fulfilled
standard_rsp,392,MNO-A,ORDER-0D5206F07BBC864CE855B677,ACCOUNT-0e20039f3dafe9d35620719c,aura-smdpp.test,47071d38b755bcd94d17bac40fbf8a464c33488757055aa310069a08ff815c73,download,1802417869,PROFILE-a476a52558dcd0352ced,47071d38b755bcd94d17bac40fbf8a464c33488757055aa310069a08ff815c73,12207,MID-7AB769FAC7E3DF5C394E78688DCB4DEA,matching_id,fulfilled
aura_rsp,392,MNO-A,ORDER-77D9232FBDD999117D6C8932,ACCOUNT-412e704fc5ca2af162a97f1c,aura-smdpp.test,47071d38b755bcd94d17bac40fbf8a464c33488757055aa310069a08ff815c73,download,1802417869,PROFILE-a476a52558dcd0352ced,47071d38b755bcd94d17bac40fbf8a464c33488757055aa310069a08ff815c73,12207,IAC-24AA51FA720CE671F4635B3E11769ECA,I_ac,fulfilled
standard_rsp,393,MNO-A,ORDER-4A14593E839A734A0200AA81,ACCOUNT-90d58489c019292fda1b2012,aura-smdpp.test,5443c9aa0d7923ef2ee1a896ccca4035ea910424fbfffcc1048efcd4e1bda714,download,1801541889,PROFILE-b643f9f8a8c9542cce52,5443c9aa0d7923ef2ee1a896ccca4035ea910424fbfffcc1048efcd4e1bda714,12207,MID-498F691A7A8C700FC82A6A19EAD9A6E6,matching_id,fulfilled
aura_rsp,393,MNO-A,ORDER-3375CD82CCE0F6D7F80BA5C4,ACCOUNT-55bdaaa2a729f05f194873c9,aura-smdpp.test,5443c9aa0d7923ef2ee1a896ccca4035ea910424fbfffcc1048efcd4e1bda714,download,1801541889,PROFILE-b643f9f8a8c9542cce52,5443c9aa0d7923ef2ee1a896ccca4035ea910424fbfffcc1048efcd4e1bda714,12207,IAC-C3EC1ACBC30E648B9DDE4C06A73435F8,I_ac,fulfilled
standard_rsp,394,MNO-C,ORDER-E402C978C46DDF15E0D2F377,ACCOUNT-cd55a7b480a3ffb5fcd1d5ee,aura-smdpp.test,f6ee84075dc6a3d440e92126a9af04517b2051942d3cbf94b33ea9351d8eac25,download,1801396993,PROFILE-f050608704c571af71ca,f6ee84075dc6a3d440e92126a9af04517b2051942d3cbf94b33ea9351d8eac25,12207,MID-7F63D5A5109AB5027A7F43DA846D8135,matching_id,fulfilled
aura_rsp,394,MNO-C,ORDER-9B95486AAE44F8CA70240146,ACCOUNT-47c5aed589945208481a6932,aura-smdpp.test,f6ee84075dc6a3d440e92126a9af04517b2051942d3cbf94b33ea9351d8eac25,download,1801396993,PROFILE-f050608704c571af71ca,f6ee84075dc6a3d440e92126a9af04517b2051942d3cbf94b33ea9351d8eac25,12207,IAC-95729F671A49C1469CAD322E5CFB3389,I_ac,fulfilled
standard_rsp,395,MNO-D,ORDER-F6EF26528405D85813363EC0,ACCOUNT-5dc918c4ae647fdab28c0d6a,aura-smdpp.test,beed460ddb158cb94148b9b36fdd6d84f80715e6530af70be23047850c219ab0,download,1800445231,PROFILE-a35c7e46ea18a50ac26e,beed460ddb158cb94148b9b36fdd6d84f80715e6530af70be23047850c219ab0,12207,MID-F8996AAE44F6AC2712DA696E5DC7E739,matching_id,fulfilled
aura_rsp,395,MNO-D,ORDER-29B2E8F373DF374836EC85F4,ACCOUNT-5bb570edbce90549fc858c4e,aura-smdpp.test,beed460ddb158cb94148b9b36fdd6d84f80715e6530af70be23047850c219ab0,download,1800445231,PROFILE-a35c7e46ea18a50ac26e,beed460ddb158cb94148b9b36fdd6d84f80715e6530af70be23047850c219ab0,12207,IAC-B915861333588D7800AB45F3483475CD,I_ac,fulfilled
standard_rsp,396,MNO-D,ORDER-364B52DA0C46719F75F40551,ACCOUNT-c601f82a96776311da89efd5,aura-smdpp.test,1925246e5aac7692046b48b0e15ebf0d26ae6e4cc1998af51e2305d2bcf630e2,download,1800794380,PROFILE-2ab89e377ad90d8b41ec,1925246e5aac7692046b48b0e15ebf0d26ae6e4cc1998af51e2305d2bcf630e2,12207,MID-09361B0394A0FC6230A9478F90C4E90C,matching_id,fulfilled
aura_rsp,396,MNO-D,ORDER-07BC96566F9CD1861E63AA91,ACCOUNT-ac475036bca280330d0cd4a1,aura-smdpp.test,1925246e5aac7692046b48b0e15ebf0d26ae6e4cc1998af51e2305d2bcf630e2,download,1800794380,PROFILE-2ab89e377ad90d8b41ec,1925246e5aac7692046b48b0e15ebf0d26ae6e4cc1998af51e2305d2bcf630e2,12207,IAC-E5286D71950685BC7208FA2813024725,I_ac,fulfilled
standard_rsp,397,MNO-A,ORDER-AFD2D61A453B316B524E1C58,ACCOUNT-0b20a3b1bb1c67c5485a15a8,aura-smdpp.test,9852e0aed699264c4f48ad78fd203058846c57830910e4f9e9a909fe24e61f3b,download,1801390141,PROFILE-07459ab628fe1afe367e,9852e0aed699264c4f48ad78fd203058846c57830910e4f9e9a909fe24e61f3b,12207,MID-2870C9752E0C17EAD324F0765F0262CD,matching_id,fulfilled
aura_rsp,397,MNO-A,ORDER-CCD30369E1A92272DA3488C7,ACCOUNT-bb94067344108fdfa6775bda,aura-smdpp.test,9852e0aed699264c4f48ad78fd203058846c57830910e4f9e9a909fe24e61f3b,download,1801390141,PROFILE-07459ab628fe1afe367e,9852e0aed699264c4f48ad78fd203058846c57830910e4f9e9a909fe24e61f3b,12207,IAC-FCB7814BCB7740C5847AC9FA70F39350,I_ac,fulfilled
standard_rsp,398,MNO-C,ORDER-7C7F40DC89A7D8FD23209446,ACCOUNT-33dbd78511d273b2bc3df88f,aura-smdpp.test,d9fc8d27d7aa22e389b49c83bd29c0b4d62a75f6646700e0847cef697d546f6a,download,1801948230,PROFILE-b4395f290f2167ef01ac,d9fc8d27d7aa22e389b49c83bd29c0b4d62a75f6646700e0847cef697d546f6a,12207,MID-4BE1FDF8C0E26D2FCD7E2BEA6BCE8FE2,matching_id,fulfilled
aura_rsp,398,MNO-C,ORDER-2ECAA341E012691920E53960,ACCOUNT-885d0b05a204c1829b10d17e,aura-smdpp.test,d9fc8d27d7aa22e389b49c83bd29c0b4d62a75f6646700e0847cef697d546f6a,download,1801948230,PROFILE-b4395f290f2167ef01ac,d9fc8d27d7aa22e389b49c83bd29c0b4d62a75f6646700e0847cef697d546f6a,12207,IAC-E49F345CA83952659BF506A5BF593DA1,I_ac,fulfilled
standard_rsp,399,MNO-B,ORDER-A0A03D3C3B9D7B8EB24DC404,ACCOUNT-846af9db030d196993cb1085,aura-smdpp.test,91e23136d961759417a6e773bf8b4fe898ba8c22bbc25cd5bdcd851d2455e998,download,1802569139,PROFILE-96443a884d5f6a0dcb43,91e23136d961759417a6e773bf8b4fe898ba8c22bbc25cd5bdcd851d2455e998,12207,MID-939F0E3C848648A7C3A530C3E90B53C4,matching_id,fulfilled
aura_rsp,399,MNO-B,ORDER-D123C89BE604E8BC1731E421,ACCOUNT-5e958658f4f52b47fe50dcdc,aura-smdpp.test,91e23136d961759417a6e773bf8b4fe898ba8c22bbc25cd5bdcd851d2455e998,download,1802569139,PROFILE-96443a884d5f6a0dcb43,91e23136d961759417a6e773bf8b4fe898ba8c22bbc25cd5bdcd851d2455e998,12207,IAC-2C661AABD5F8980F6CDFCF7D4F986886,I_ac,fulfilled
standard_rsp,400,MNO-A,ORDER-3EDB5FB654F7D9984DAEA097,ACCOUNT-115d13e41f506b59cb5ed535,aura-smdpp.test,e977ff6f570e51fd13645adae609e66997da81b7662908cec3cf4e8925d638c4,download,1801677520,PROFILE-b4ccb32fa86dc69c7890,e977ff6f570e51fd13645adae609e66997da81b7662908cec3cf4e8925d638c4,12207,MID-7A5E27CD602C66FAC79945E53D82A460,matching_id,fulfilled
aura_rsp,400,MNO-A,ORDER-14983A04DCDD15328EA91EAB,ACCOUNT-9e6a42ec517ea5b191fe983a,aura-smdpp.test,e977ff6f570e51fd13645adae609e66997da81b7662908cec3cf4e8925d638c4,download,1801677520,PROFILE-b4ccb32fa86dc69c7890,e977ff6f570e51fd13645adae609e66997da81b7662908cec3cf4e8925d638c4,12207,IAC-EE81144B3E37C41741E65A5CC57614CD,I_ac,fulfilled
standard_rsp,401,MNO-D,ORDER-BFAE46DDCBDC356A23D0A04C,ACCOUNT-918ba3e507b4489511e170ff,aura-smdpp.test,a44f3b6dfebb7e3c10e5d8ae854ebe8f3d739cdceb992170aa341e2f771767ce,download,1800996312,PROFILE-418df484120a6fca549a,a44f3b6dfebb7e3c10e5d8ae854ebe8f3d739cdceb992170aa341e2f771767ce,12207,MID-E2D9E75633C6074FA96EA9E18E59877C,matching_id,fulfilled
aura_rsp,401,MNO-D,ORDER-8926EE8093897387ACE3D1A6,ACCOUNT-b3f13392f85cd5ee6f41e289,aura-smdpp.test,a44f3b6dfebb7e3c10e5d8ae854ebe8f3d739cdceb992170aa341e2f771767ce,download,1800996312,PROFILE-418df484120a6fca549a,a44f3b6dfebb7e3c10e5d8ae854ebe8f3d739cdceb992170aa341e2f771767ce,12207,IAC-89DF47F1F024B90AB4F9C37056878A1B,I_ac,fulfilled
standard_rsp,402,MNO-C,ORDER-03E364647EA083EA6EE0BD29,ACCOUNT-0572115abc6fd03006e272c0,aura-smdpp.test,e4a4e5d35c0ee643c1f6cd2c0018b9a4513068b5be3486a7cb085bd806470698,download,1801814909,PROFILE-c9216c41e3d1271a9314,e4a4e5d35c0ee643c1f6cd2c0018b9a4513068b5be3486a7cb085bd806470698,12207,MID-829D122A73542BBFDB27DBECAEACFB93,matching_id,fulfilled
aura_rsp,402,MNO-C,ORDER-C06678CD2D8815225D61A799,ACCOUNT-30ea7b022cffd985a705131a,aura-smdpp.test,e4a4e5d35c0ee643c1f6cd2c0018b9a4513068b5be3486a7cb085bd806470698,download,1801814909,PROFILE-c9216c41e3d1271a9314,e4a4e5d35c0ee643c1f6cd2c0018b9a4513068b5be3486a7cb085bd806470698,12207,IAC-16BC51A55570287721D05B1A3C414467,I_ac,fulfilled
standard_rsp,403,MNO-A,ORDER-89480710256C503AE4A2E512,ACCOUNT-aa1c1edd3c5243760bd5c529,aura-smdpp.test,ae17d510e7a61cfe27a308bda0f17094e961f33fad009d13abbc1b50c32fbd84,download,1800154114,PROFILE-a9120c151af3930b6ce3,ae17d510e7a61cfe27a308bda0f17094e961f33fad009d13abbc1b50c32fbd84,12207,MID-3B3595FA2CB4BDC782B1EEBC6D7967C9,matching_id,fulfilled
aura_rsp,403,MNO-A,ORDER-E36B0354E383D7E523ECD7C9,ACCOUNT-2e85f70346c30461d2069c90,aura-smdpp.test,ae17d510e7a61cfe27a308bda0f17094e961f33fad009d13abbc1b50c32fbd84,download,1800154114,PROFILE-a9120c151af3930b6ce3,ae17d510e7a61cfe27a308bda0f17094e961f33fad009d13abbc1b50c32fbd84,12207,IAC-21CB014C3E0D89A4FD930F37947D9DF6,I_ac,fulfilled
standard_rsp,404,MNO-A,ORDER-0C78E96999BA37DBF859FAD1,ACCOUNT-4461c66a7d9017dbfa954766,aura-smdpp.test,11e1f9aa08aa166bc7f63de6f8621205909648ad7cab01f3189f9ac714181552,download,1800948005,PROFILE-065c704adbe2d3cbd01e,11e1f9aa08aa166bc7f63de6f8621205909648ad7cab01f3189f9ac714181552,12207,MID-88E887741D638F61CF731A165EFFED63,matching_id,fulfilled
aura_rsp,404,MNO-A,ORDER-7156D929FEC3E9CEBC4C7D43,ACCOUNT-ef111f55d65a42a4a4856ff5,aura-smdpp.test,11e1f9aa08aa166bc7f63de6f8621205909648ad7cab01f3189f9ac714181552,download,1800948005,PROFILE-065c704adbe2d3cbd01e,11e1f9aa08aa166bc7f63de6f8621205909648ad7cab01f3189f9ac714181552,12207,IAC-6D6F3F1A70C9831555A91A9C3B55DBAC,I_ac,fulfilled
standard_rsp,405,MNO-D,ORDER-7E7908B618158468B56DD641,ACCOUNT-cdd1ead367214563e18b4177,aura-smdpp.test,330e5608d0529cd3e14b6405f1eb61bc555d4bcc87cf7bfaa9c1b2fafb89cb9d,download,1800446443,PROFILE-5dcb52f3809c6b98eef4,330e5608d0529cd3e14b6405f1eb61bc555d4bcc87cf7bfaa9c1b2fafb89cb9d,12207,MID-9CCEF080FC6DF245FBA2A1A00CB2D2B8,matching_id,fulfilled
aura_rsp,405,MNO-D,ORDER-BDD474DF4C2C95F05DCC0A7A,ACCOUNT-91adece958857079b5f83af1,aura-smdpp.test,330e5608d0529cd3e14b6405f1eb61bc555d4bcc87cf7bfaa9c1b2fafb89cb9d,download,1800446443,PROFILE-5dcb52f3809c6b98eef4,330e5608d0529cd3e14b6405f1eb61bc555d4bcc87cf7bfaa9c1b2fafb89cb9d,12207,IAC-545EF4F799FCE629406517150568F210,I_ac,fulfilled
standard_rsp,406,MNO-C,ORDER-DE214C529658E425B68D08D9,ACCOUNT-190f0e1ca9905acb549f9804,aura-smdpp.test,ba87c2dd2b75c4e8183a117ead1a5a32dddbe73a8e2f14fefded626658cd24e1,download,1802579514,PROFILE-2186009913110fa49d82,ba87c2dd2b75c4e8183a117ead1a5a32dddbe73a8e2f14fefded626658cd24e1,12207,MID-288DAC8C5D3A7FF0F36BC608A891980E,matching_id,fulfilled
aura_rsp,406,MNO-C,ORDER-AE4F9AFCD1E81EB9E28A6DF1,ACCOUNT-d7d9ff411d391c0d8f53bd4b,aura-smdpp.test,ba87c2dd2b75c4e8183a117ead1a5a32dddbe73a8e2f14fefded626658cd24e1,download,1802579514,PROFILE-2186009913110fa49d82,ba87c2dd2b75c4e8183a117ead1a5a32dddbe73a8e2f14fefded626658cd24e1,12207,IAC-AE648D6FD7DE6705EE049806970663C4,I_ac,fulfilled
standard_rsp,407,MNO-C,ORDER-73BA2C9A9C3D060C6AFC1EB3,ACCOUNT-f2281247b6f4ad2a1d65dfe0,aura-smdpp.test,0c209ec72d89d65d51eacfa5ce86dcdfaac7bde980adc7257a22c15f22a4aa95,download,1801819577,PROFILE-8afae5cc5740fc0884c9,0c209ec72d89d65d51eacfa5ce86dcdfaac7bde980adc7257a22c15f22a4aa95,12207,MID-B2F09544ABE5B10B26E2078F7D69D956,matching_id,fulfilled
aura_rsp,407,MNO-C,ORDER-9EF45DC886EEA223E41B9631,ACCOUNT-d024fc49ec22953fb9ab96b8,aura-smdpp.test,0c209ec72d89d65d51eacfa5ce86dcdfaac7bde980adc7257a22c15f22a4aa95,download,1801819577,PROFILE-8afae5cc5740fc0884c9,0c209ec72d89d65d51eacfa5ce86dcdfaac7bde980adc7257a22c15f22a4aa95,12207,IAC-97617F798C638D4669CB92973DFDE8E0,I_ac,fulfilled
standard_rsp,408,MNO-B,ORDER-72A1C1BF78A1D3B1BB2C4038,ACCOUNT-a617efb50dda989a6cea49c8,aura-smdpp.test,75428679d77958446b266b1488a10faaf22adc5e73b55ddc1a837f7117e7e54b,download,1800142056,PROFILE-1257b740541f9ed1fda1,75428679d77958446b266b1488a10faaf22adc5e73b55ddc1a837f7117e7e54b,12207,MID-4D8D8993187F7FB0557CCF2C73E9EAD1,matching_id,fulfilled
aura_rsp,408,MNO-B,ORDER-01685F0B56AAAD3D612AAB20,ACCOUNT-f6011d0507baa5d2b2f96238,aura-smdpp.test,75428679d77958446b266b1488a10faaf22adc5e73b55ddc1a837f7117e7e54b,download,1800142056,PROFILE-1257b740541f9ed1fda1,75428679d77958446b266b1488a10faaf22adc5e73b55ddc1a837f7117e7e54b,12207,IAC-1B4A3A6597B74D9DBF5E7B4E63D158F3,I_ac,fulfilled
standard_rsp,409,MNO-C,ORDER-CA31443F21562DF8C0164277,ACCOUNT-f76f09a9683924bfc777c6b6,aura-smdpp.test,27face9aaf6dec41551ae98d1511d380a21019cae698d5136116729f177f47f3,download,1801400349,PROFILE-07d6412416846696a76b,27face9aaf6dec41551ae98d1511d380a21019cae698d5136116729f177f47f3,12207,MID-D0F9083F61B3B29BA820D2A103214D6A,matching_id,fulfilled
aura_rsp,409,MNO-C,ORDER-D9D5849A1571C523019E46AC,ACCOUNT-4efaa3da198aec82bf6e488f,aura-smdpp.test,27face9aaf6dec41551ae98d1511d380a21019cae698d5136116729f177f47f3,download,1801400349,PROFILE-07d6412416846696a76b,27face9aaf6dec41551ae98d1511d380a21019cae698d5136116729f177f47f3,12207,IAC-BE83382B013FC9FF9C9B2698C75ED445,I_ac,fulfilled
standard_rsp,410,MNO-A,ORDER-33D89165B8F669D47DEB60C7,ACCOUNT-6f985b72bb233f9a6e653d4c,aura-smdpp.test,dcadae3fe98c842feef63faa6b16161b4939aa8a475c424fef5b73a54a389525,download,1800532013,PROFILE-d307cbd7704d7de236aa,dcadae3fe98c842feef63faa6b16161b4939aa8a475c424fef5b73a54a389525,12207,MID-91C08361FDED08E1846088BD786E02EE,matching_id,fulfilled
aura_rsp,410,MNO-A,ORDER-FDCCD93F3E14FCEBE745EDA5,ACCOUNT-55780859739fca0b47774a43,aura-smdpp.test,dcadae3fe98c842feef63faa6b16161b4939aa8a475c424fef5b73a54a389525,download,1800532013,PROFILE-d307cbd7704d7de236aa,dcadae3fe98c842feef63faa6b16161b4939aa8a475c424fef5b73a54a389525,12207,IAC-323133D29DD6521FF30A07E9A98506F8,I_ac,fulfilled
standard_rsp,411,MNO-B,ORDER-8D4213156AD9F541850BF47E,ACCOUNT-6c7734e903024b3bebef5134,aura-smdpp.test,33e0afd34fe5033369bc2c81e9a8e5b1fadecd208f1a7cbdb15ec50e90709be6,download,1801353114,PROFILE-46de176c5c85f9211b80,33e0afd34fe5033369bc2c81e9a8e5b1fadecd208f1a7cbdb15ec50e90709be6,12207,MID-538CFFD69F0AA77EEB40131A2E01A9E5,matching_id,fulfilled
aura_rsp,411,MNO-B,ORDER-B34FFC87AFF0A98020E41FF8,ACCOUNT-9cfb39f29c13ab30e497650a,aura-smdpp.test,33e0afd34fe5033369bc2c81e9a8e5b1fadecd208f1a7cbdb15ec50e90709be6,download,1801353114,PROFILE-46de176c5c85f9211b80,33e0afd34fe5033369bc2c81e9a8e5b1fadecd208f1a7cbdb15ec50e90709be6,12207,IAC-9119057CECD33C8A573AD4F7ED0C9F71,I_ac,fulfilled
standard_rsp,412,MNO-B,ORDER-3B845B074759FEB88DB63CFD,ACCOUNT-3cb11b9ec9f934fad7c8f96e,aura-smdpp.test,7c5eaaa8a69f1e9d67b6048cdaee2e7168ca00629acbbd9d3d4fe26be76b6995,download,1802113718,PROFILE-1a12446068f653460214,7c5eaaa8a69f1e9d67b6048cdaee2e7168ca00629acbbd9d3d4fe26be76b6995,12207,MID-E0CE369F7E2DAE62D3008A1A033E2C53,matching_id,fulfilled
aura_rsp,412,MNO-B,ORDER-3FFF135AA450590FB311DA24,ACCOUNT-f51df5ba2f33d16055d21234,aura-smdpp.test,7c5eaaa8a69f1e9d67b6048cdaee2e7168ca00629acbbd9d3d4fe26be76b6995,download,1802113718,PROFILE-1a12446068f653460214,7c5eaaa8a69f1e9d67b6048cdaee2e7168ca00629acbbd9d3d4fe26be76b6995,12207,IAC-52373CF75991161595D4ABE8919BC1A7,I_ac,fulfilled
standard_rsp,413,MNO-C,ORDER-49D0FD46663E2D3F103743DC,ACCOUNT-f20e9116cfb0e4e509060bd5,aura-smdpp.test,36accc947c842e2e7df817d354de11d658877acbbdee640f577409b161b0b9d5,download,1801367569,PROFILE-0dc483a7108e8bc562c2,36accc947c842e2e7df817d354de11d658877acbbdee640f577409b161b0b9d5,12207,MID-D279202FF91716B877FA201FD34B61FE,matching_id,fulfilled
aura_rsp,413,MNO-C,ORDER-209251700831F6E844305B20,ACCOUNT-ed4c3e677ce240c24a891b13,aura-smdpp.test,36accc947c842e2e7df817d354de11d658877acbbdee640f577409b161b0b9d5,download,1801367569,PROFILE-0dc483a7108e8bc562c2,36accc947c842e2e7df817d354de11d658877acbbdee640f577409b161b0b9d5,12207,IAC-B640C92EDA11FCDED2AA4C1FAF1EDE2F,I_ac,fulfilled
standard_rsp,414,MNO-B,ORDER-CD3F1AD7C12E39312791B53F,ACCOUNT-32fc295c6aa8d1fc798c69ca,aura-smdpp.test,641c9570602d8503fe10234e3b3f39f4a5ab3fbed5eb499b4d44e74ffeef7d22,download,1800977070,PROFILE-23f47f722aacb10e87d9,641c9570602d8503fe10234e3b3f39f4a5ab3fbed5eb499b4d44e74ffeef7d22,12207,MID-EE7E21C84593D68CBF57C0CFE80937B3,matching_id,fulfilled
aura_rsp,414,MNO-B,ORDER-8A3A91FB90C5226B2FD26495,ACCOUNT-4b731c15d1c8d5dabd4e244b,aura-smdpp.test,641c9570602d8503fe10234e3b3f39f4a5ab3fbed5eb499b4d44e74ffeef7d22,download,1800977070,PROFILE-23f47f722aacb10e87d9,641c9570602d8503fe10234e3b3f39f4a5ab3fbed5eb499b4d44e74ffeef7d22,12207,IAC-8B473652E3C308F72DE79BBBE898AF96,I_ac,fulfilled
standard_rsp,415,MNO-C,ORDER-F20D7A4E5CED0D9FABAAA9C8,ACCOUNT-4447198a7b0242fad4cd9d7d,aura-smdpp.test,7de40e03eb23df30dcb3f14c8e96ca2972bc8ee9c5d07a0a41f6b4a0b4154c01,download,1801373965,PROFILE-338554ea5d1c3f9686c8,7de40e03eb23df30dcb3f14c8e96ca2972bc8ee9c5d07a0a41f6b4a0b4154c01,12207,MID-8972F79E799A4074B76E33660B29C9B9,matching_id,fulfilled
aura_rsp,415,MNO-C,ORDER-39F05CA824A1C4B1390085C2,ACCOUNT-041b498d122dbe1e417b2ab3,aura-smdpp.test,7de40e03eb23df30dcb3f14c8e96ca2972bc8ee9c5d07a0a41f6b4a0b4154c01,download,1801373965,PROFILE-338554ea5d1c3f9686c8,7de40e03eb23df30dcb3f14c8e96ca2972bc8ee9c5d07a0a41f6b4a0b4154c01,12207,IAC-549A31B6689597CBDE862D9F65658D7D,I_ac,fulfilled
standard_rsp,416,MNO-D,ORDER-6BB6BDBFD33D1CF0F9DE32D9,ACCOUNT-966a2fc53e96fa6ff1cf0615,aura-smdpp.test,4440d40b617781ef97b46ff26cb6e8aa43b2ace73f2bdeefbb402f4099ad5110,download,1801328629,PROFILE-bd4836a8d778562bf270,4440d40b617781ef97b46ff26cb6e8aa43b2ace73f2bdeefbb402f4099ad5110,12207,MID-4C84BB7DA0855EB1355ACD48AA28C66B,matching_id,fulfilled
aura_rsp,416,MNO-D,ORDER-A4C9A8244F14E5BBD4BB3F12,ACCOUNT-b25adb5f89505c33c365319f,aura-smdpp.test,4440d40b617781ef97b46ff26cb6e8aa43b2ace73f2bdeefbb402f4099ad5110,download,1801328629,PROFILE-bd4836a8d778562bf270,4440d40b617781ef97b46ff26cb6e8aa43b2ace73f2bdeefbb402f4099ad5110,12207,IAC-75E78873480A677C9A6B4BDE173F4F35,I_ac,fulfilled
standard_rsp,417,MNO-D,ORDER-803210895F5B9856DDD7B83F,ACCOUNT-021bfec791ff4277a59b0ae9,aura-smdpp.test,c0c857a61395b7a1260edd3fe851f64efa2f6a570a8fcd687a1362115fdd8ffc,download,1801751255,PROFILE-9ff1b5f4e507eeec6179,c0c857a61395b7a1260edd3fe851f64efa2f6a570a8fcd687a1362115fdd8ffc,12207,MID-A47D5BC89E637B550601F8B14C164279,matching_id,fulfilled
aura_rsp,417,MNO-D,ORDER-750F568045D803BDE18C5A04,ACCOUNT-91b024915dfca503353e2703,aura-smdpp.test,c0c857a61395b7a1260edd3fe851f64efa2f6a570a8fcd687a1362115fdd8ffc,download,1801751255,PROFILE-9ff1b5f4e507eeec6179,c0c857a61395b7a1260edd3fe851f64efa2f6a570a8fcd687a1362115fdd8ffc,12207,IAC-574DFFD0CF1B633595F579993F510EEB,I_ac,fulfilled
standard_rsp,418,MNO-D,ORDER-8AFC371BD4828A2DC414769C,ACCOUNT-03052698286fe9cc05255cba,aura-smdpp.test,d68db58abb21f3fe603c1f3ed72beae79b0ba7a4a570a343a3b60fcf602d1464,download,1802370262,PROFILE-c2a67a1c9b1e0183f5bf,d68db58abb21f3fe603c1f3ed72beae79b0ba7a4a570a343a3b60fcf602d1464,12207,MID-1A64D81F05798A81453045D045D0E75E,matching_id,fulfilled
aura_rsp,418,MNO-D,ORDER-5D72BB29D3624DD94AAF65E9,ACCOUNT-42c73c98be33c2a11f744b72,aura-smdpp.test,d68db58abb21f3fe603c1f3ed72beae79b0ba7a4a570a343a3b60fcf602d1464,download,1802370262,PROFILE-c2a67a1c9b1e0183f5bf,d68db58abb21f3fe603c1f3ed72beae79b0ba7a4a570a343a3b60fcf602d1464,12207,IAC-03049E863E3398E750DE0247E6F048DD,I_ac,fulfilled
standard_rsp,419,MNO-C,ORDER-0FCB49873D349EB5753C46C0,ACCOUNT-0b612c452ce7ca370133a09b,aura-smdpp.test,1ba418a2d07492e530c6aad2c0c2966ae50b7029c62459562a8054398dcb0fd6,download,1800219100,PROFILE-656d4432526b419e6c40,1ba418a2d07492e530c6aad2c0c2966ae50b7029c62459562a8054398dcb0fd6,12207,MID-8E59E2D5679614D78ADB3F8CA5308F37,matching_id,fulfilled
aura_rsp,419,MNO-C,ORDER-78B8B6AE0D94D46912F1EF74,ACCOUNT-9e5cab3c7e1be52e4c1d840d,aura-smdpp.test,1ba418a2d07492e530c6aad2c0c2966ae50b7029c62459562a8054398dcb0fd6,download,1800219100,PROFILE-656d4432526b419e6c40,1ba418a2d07492e530c6aad2c0c2966ae50b7029c62459562a8054398dcb0fd6,12207,IAC-6E920454A50A0B685D4B6BA8852D79E5,I_ac,fulfilled
standard_rsp,420,MNO-D,ORDER-E32924B3FFBF8B1EC7119BFA,ACCOUNT-cfa8ef79078c5a12df060a1b,aura-smdpp.test,eef1b95c01a47d640a15d8d3accf81ef4a6501a952db7fbf2e370d823ff7225a,download,1800805778,PROFILE-5993f743f6dec5a0da27,eef1b95c01a47d640a15d8d3accf81ef4a6501a952db7fbf2e370d823ff7225a,12207,MID-BD8D8AD09C9A5423B50AA7E32760C869,matching_id,fulfilled
aura_rsp,420,MNO-D,ORDER-B28B0FB5809F4F27AFD30C7F,ACCOUNT-ca13aaad214c78f975473ddb,aura-smdpp.test,eef1b95c01a47d640a15d8d3accf81ef4a6501a952db7fbf2e370d823ff7225a,download,1800805778,PROFILE-5993f743f6dec5a0da27,eef1b95c01a47d640a15d8d3accf81ef4a6501a952db7fbf2e370d823ff7225a,12207,IAC-912450233DB6527056F4B88347C36154,I_ac,fulfilled
standard_rsp,421,MNO-B,ORDER-5930484A3B89D5D12167EC08,ACCOUNT-f0865a726ad9715df6b78bba,aura-smdpp.test,3a23348ef101ad9f1cbee0997bd5a7976040ccf02c09362a51212fa81d162092,download,1802531947,PROFILE-765fc62f5c6caf628f88,3a23348ef101ad9f1cbee0997bd5a7976040ccf02c09362a51212fa81d162092,12207,MID-2CAACC59CB37C63DABA22C7596886335,matching_id,fulfilled
aura_rsp,421,MNO-B,ORDER-EB44F977FCB53B5653C4AD87,ACCOUNT-2b33cb86754f08d56093b65f,aura-smdpp.test,3a23348ef101ad9f1cbee0997bd5a7976040ccf02c09362a51212fa81d162092,download,1802531947,PROFILE-765fc62f5c6caf628f88,3a23348ef101ad9f1cbee0997bd5a7976040ccf02c09362a51212fa81d162092,12207,IAC-82029EDC97D77415EF137F471B912108,I_ac,fulfilled
standard_rsp,422,MNO-C,ORDER-93EF9E4BD3AC6AF8949D60A3,ACCOUNT-e95f1ef67965a50ebaffa4c8,aura-smdpp.test,bd666e58856f94848115fea623998dbff35073b7a9d800f97518921b7c12bdd6,download,1800583367,PROFILE-861de8d7ec9e9bb24dc5,bd666e58856f94848115fea623998dbff35073b7a9d800f97518921b7c12bdd6,12207,MID-168DEBD2B9E6A8DB8A340D80CD258BD1,matching_id,fulfilled
aura_rsp,422,MNO-C,ORDER-39C211F4D3C8752EFD0B847B,ACCOUNT-08b70a98f64f4aa4fb504d1a,aura-smdpp.test,bd666e58856f94848115fea623998dbff35073b7a9d800f97518921b7c12bdd6,download,1800583367,PROFILE-861de8d7ec9e9bb24dc5,bd666e58856f94848115fea623998dbff35073b7a9d800f97518921b7c12bdd6,12207,IAC-EDA1D37F095E7B08C9E78FF350E10275,I_ac,fulfilled
standard_rsp,423,MNO-B,ORDER-12E5943D4D20019E720CEBA7,ACCOUNT-06740f3569cad49bab4d9802,aura-smdpp.test,ecaed3bd7c53436cbf504b953b1984fb670d51ed0105a8f244c50310913900e7,download,1801119432,PROFILE-13bc3e491728ddcd8af9,ecaed3bd7c53436cbf504b953b1984fb670d51ed0105a8f244c50310913900e7,12207,MID-6DEBE53ED9FD7D5F94C8265E7D7E4329,matching_id,fulfilled
aura_rsp,423,MNO-B,ORDER-53FA942C1A59EEB3846BFB73,ACCOUNT-c69ec8d78fa901880d7e4f55,aura-smdpp.test,ecaed3bd7c53436cbf504b953b1984fb670d51ed0105a8f244c50310913900e7,download,1801119432,PROFILE-13bc3e491728ddcd8af9,ecaed3bd7c53436cbf504b953b1984fb670d51ed0105a8f244c50310913900e7,12207,IAC-F5DAAC099BC560E96DCC6C83A1BBF4A7,I_ac,fulfilled
standard_rsp,424,MNO-D,ORDER-3FEF580A2EE0154EFA968BE6,ACCOUNT-8987b744455bc133c7c9636c,aura-smdpp.test,8d7da977570b29bf2657c00c250fcd2a0dafd50f6c03d6fc0d448cf5b51251b8,download,1802120650,PROFILE-9da318745f9056342569,8d7da977570b29bf2657c00c250fcd2a0dafd50f6c03d6fc0d448cf5b51251b8,12207,MID-158FB4D660A848FCAAF6F3236A536BD1,matching_id,fulfilled
aura_rsp,424,MNO-D,ORDER-ADDCC68AD4105376B8FF798F,ACCOUNT-b9501a5440be9915b622fad7,aura-smdpp.test,8d7da977570b29bf2657c00c250fcd2a0dafd50f6c03d6fc0d448cf5b51251b8,download,1802120650,PROFILE-9da318745f9056342569,8d7da977570b29bf2657c00c250fcd2a0dafd50f6c03d6fc0d448cf5b51251b8,12207,IAC-DD2F0D1AEE181657349A768E6DB63B69,I_ac,fulfilled
standard_rsp,425,MNO-A,ORDER-036184F7D78EDD29F878324A,ACCOUNT-55d946e218d90e05b4fa2aac,aura-smdpp.test,93cd5276fc73c657437c8f877666e5bd96b256ce5bdc87c59ee8b3ad456e52be,download,1800895269,PROFILE-65ba1079475452be164e,93cd5276fc73c657437c8f877666e5bd96b256ce5bdc87c59ee8b3ad456e52be,12207,MID-EDE36D1806713EA436A2AA9F19BB9993,matching_id,fulfilled
aura_rsp,425,MNO-A,ORDER-5FCBFE8D3E9A6F93836A0112,ACCOUNT-75bb4a406a8fca465700cbe1,aura-smdpp.test,93cd5276fc73c657437c8f877666e5bd96b256ce5bdc87c59ee8b3ad456e52be,download,1800895269,PROFILE-65ba1079475452be164e,93cd5276fc73c657437c8f877666e5bd96b256ce5bdc87c59ee8b3ad456e52be,12207,IAC-14A472E31BDDF164008553768DFC0031,I_ac,fulfilled
standard_rsp,426,MNO-A,ORDER-2E6F0864E81E247712D1C2F0,ACCOUNT-904508dd78ab828f171ddb94,aura-smdpp.test,cd2fd959a66f208920dedb9dc14faaa57d700676fec01dd140c7121fcf825adf,download,1801106526,PROFILE-1ad8d1ed64f8831d0f1e,cd2fd959a66f208920dedb9dc14faaa57d700676fec01dd140c7121fcf825adf,12207,MID-82AC21750A732C49C21EF2580935294B,matching_id,fulfilled
aura_rsp,426,MNO-A,ORDER-0A133D51A1129EDA6CD77C30,ACCOUNT-837a852e4fdbeba81e8b4bd7,aura-smdpp.test,cd2fd959a66f208920dedb9dc14faaa57d700676fec01dd140c7121fcf825adf,download,1801106526,PROFILE-1ad8d1ed64f8831d0f1e,cd2fd959a66f208920dedb9dc14faaa57d700676fec01dd140c7121fcf825adf,12207,IAC-0DDDB02E83AC548D1024DD2D9A88A477,I_ac,fulfilled
standard_rsp,427,MNO-A,ORDER-2236EFE9888705D1E88D08C3,ACCOUNT-588c18e63bf63a13dbc7bbe6,aura-smdpp.test,3f9e3022dbfdd05d1426b422396829f53c986a4cb82e3e5f6dca27b4452f7b5b,download,1801471007,PROFILE-a04e2cd10ad54c8c2787,3f9e3022dbfdd05d1426b422396829f53c986a4cb82e3e5f6dca27b4452f7b5b,12207,MID-2A5F4E35026AD104ACF37DF2105346C0,matching_id,fulfilled
aura_rsp,427,MNO-A,ORDER-29DE1255A864A2E360F67821,ACCOUNT-29b97302f92db31d92a3fdb2,aura-smdpp.test,3f9e3022dbfdd05d1426b422396829f53c986a4cb82e3e5f6dca27b4452f7b5b,download,1801471007,PROFILE-a04e2cd10ad54c8c2787,3f9e3022dbfdd05d1426b422396829f53c986a4cb82e3e5f6dca27b4452f7b5b,12207,IAC-AF10BF9E4D8ABD1114C59EF00D75D91B,I_ac,fulfilled
standard_rsp,428,MNO-C,ORDER-6F793F1480778CD90AE69750,ACCOUNT-42e8310a3230ce559bdf0867,aura-smdpp.test,b646a6142db9218bff5d2afff69a4a0475c68b249753ebbed8ff7fd078ea1bb7,download,1801105409,PROFILE-d466acff79a33eb72896,b646a6142db9218bff5d2afff69a4a0475c68b249753ebbed8ff7fd078ea1bb7,12207,MID-D05AAA30C6BA9692077A51E7C732EDF5,matching_id,fulfilled
aura_rsp,428,MNO-C,ORDER-678B82BC0B632E4F2229EC05,ACCOUNT-9efee5a48fd9124dfea9a06e,aura-smdpp.test,b646a6142db9218bff5d2afff69a4a0475c68b249753ebbed8ff7fd078ea1bb7,download,1801105409,PROFILE-d466acff79a33eb72896,b646a6142db9218bff5d2afff69a4a0475c68b249753ebbed8ff7fd078ea1bb7,12207,IAC-DE1EF80ECDC783902FAA78C8823A1C9E,I_ac,fulfilled
standard_rsp,429,MNO-C,ORDER-AD3B41220F6241347700B487,ACCOUNT-71cab939c7c2c0ec483afe84,aura-smdpp.test,03b7d9163d2839cad7e464e5189710dc9ba01b6abfe52023339e242149caa36c,download,1801118607,PROFILE-4150642ca94e20084e99,03b7d9163d2839cad7e464e5189710dc9ba01b6abfe52023339e242149caa36c,12207,MID-32BFA9C7AB3F7ECC3E9FCE0B89C23554,matching_id,fulfilled
aura_rsp,429,MNO-C,ORDER-2FFFA1DBB27315A6BC559A84,ACCOUNT-95a2dd6cbb45ad4656096f48,aura-smdpp.test,03b7d9163d2839cad7e464e5189710dc9ba01b6abfe52023339e242149caa36c,download,1801118607,PROFILE-4150642ca94e20084e99,03b7d9163d2839cad7e464e5189710dc9ba01b6abfe52023339e242149caa36c,12207,IAC-12C8B7E0D776AD946233973707C1B2D5,I_ac,fulfilled
standard_rsp,430,MNO-C,ORDER-4B6BEDF220094DFC43EE80D1,ACCOUNT-0aca0de068e4703511555fb1,aura-smdpp.test,3b3874c433b22765a7b6dde9c49a166e760997f623f3e2b1dbb94312afcc395a,download,1800525252,PROFILE-5da869bb2edac7239361,3b3874c433b22765a7b6dde9c49a166e760997f623f3e2b1dbb94312afcc395a,12207,MID-555B74828C93A8124836764BA8372384,matching_id,fulfilled
aura_rsp,430,MNO-C,ORDER-95735BC2562C276359DA97FC,ACCOUNT-9b9dc22c136e60e3f150c6aa,aura-smdpp.test,3b3874c433b22765a7b6dde9c49a166e760997f623f3e2b1dbb94312afcc395a,download,1800525252,PROFILE-5da869bb2edac7239361,3b3874c433b22765a7b6dde9c49a166e760997f623f3e2b1dbb94312afcc395a,12207,IAC-D6E2B9A78F148B10B37461E04BFA447F,I_ac,fulfilled
standard_rsp,431,MNO-A,ORDER-E04BC19CEB1F3ED39E291653,ACCOUNT-61d27a08ea8604c0b3fa835b,aura-smdpp.test,cdfe3254ce4f9bd4c08e503e872edaefda5c4c4dfe365f1d54df96a28ee10f9d,download,1800446715,PROFILE-c882d385d7e47b017e5c,cdfe3254ce4f9bd4c08e503e872edaefda5c4c4dfe365f1d54df96a28ee10f9d,12207,MID-CB3CBB309D1373BF31D270592EDE5E17,matching_id,fulfilled
aura_rsp,431,MNO-A,ORDER-7A7E9AB43C0BDA42FCAED5C1,ACCOUNT-5bc8e2f5561827ad9d32f632,aura-smdpp.test,cdfe3254ce4f9bd4c08e503e872edaefda5c4c4dfe365f1d54df96a28ee10f9d,download,1800446715,PROFILE-c882d385d7e47b017e5c,cdfe3254ce4f9bd4c08e503e872edaefda5c4c4dfe365f1d54df96a28ee10f9d,12207,IAC-5D1B504C2A8F99D5C868B3549527FD9F,I_ac,fulfilled
standard_rsp,432,MNO-D,ORDER-57490926A3EE837C95069B76,ACCOUNT-1b55c38cc22296f25048d055,aura-smdpp.test,70da7b3c18cbc66b85a19e77f1dbe4201e03b5ca364240dd09af251f9a47eb62,download,1800292207,PROFILE-845a66654109dc7cb4f9,70da7b3c18cbc66b85a19e77f1dbe4201e03b5ca364240dd09af251f9a47eb62,12207,MID-55176EA5D503D3E64BC78D9F93C4867E,matching_id,fulfilled
aura_rsp,432,MNO-D,ORDER-A4893EA961FE26C783847A00,ACCOUNT-b4441a5d4dabf0664b1ca28f,aura-smdpp.test,70da7b3c18cbc66b85a19e77f1dbe4201e03b5ca364240dd09af251f9a47eb62,download,1800292207,PROFILE-845a66654109dc7cb4f9,70da7b3c18cbc66b85a19e77f1dbe4201e03b5ca364240dd09af251f9a47eb62,12207,IAC-2EFAC43D9C848A0AC2B67D8C25B24593,I_ac,fulfilled
standard_rsp,433,MNO-C,ORDER-F08D020F31A5F4D3F4EA4CEB,ACCOUNT-1d693ebbb750b6b466fdbe63,aura-smdpp.test,88bbe7d93b18d43565f744d8e723ea58a927af15c25a57de1d135fe5bd5dd693,download,1800349663,PROFILE-c59557d5036e67daba0f,88bbe7d93b18d43565f744d8e723ea58a927af15c25a57de1d135fe5bd5dd693,12207,MID-03033E6B2C68B4513416E73405F08C8A,matching_id,fulfilled
aura_rsp,433,MNO-C,ORDER-42D33AD704F22291EAE14075,ACCOUNT-c3a9beaadc58213aced1a14d,aura-smdpp.test,88bbe7d93b18d43565f744d8e723ea58a927af15c25a57de1d135fe5bd5dd693,download,1800349663,PROFILE-c59557d5036e67daba0f,88bbe7d93b18d43565f744d8e723ea58a927af15c25a57de1d135fe5bd5dd693,12207,IAC-FC11881AE39AD47F6E31FBB9BBED9580,I_ac,fulfilled
standard_rsp,434,MNO-A,ORDER-6292DA6F9066ED26D80D2F41,ACCOUNT-4942cbcdeab0a4c98bcf363c,aura-smdpp.test,78f4bbe1135dd7e44c1262590bc71d22fe6462b619a4f44ea190554b1ed54e5e,download,1801727553,PROFILE-20738c1927727adb9bc2,78f4bbe1135dd7e44c1262590bc71d22fe6462b619a4f44ea190554b1ed54e5e,12207,MID-498657E8B7CE14183FACE97F326A0D02,matching_id,fulfilled
aura_rsp,434,MNO-A,ORDER-DF47D9ADEBBE87789EB51D44,ACCOUNT-17680a3a37741ea0c39bc257,aura-smdpp.test,78f4bbe1135dd7e44c1262590bc71d22fe6462b619a4f44ea190554b1ed54e5e,download,1801727553,PROFILE-20738c1927727adb9bc2,78f4bbe1135dd7e44c1262590bc71d22fe6462b619a4f44ea190554b1ed54e5e,12207,IAC-87C9658816C2625123180D174AF02062,I_ac,fulfilled
standard_rsp,435,MNO-C,ORDER-2C0D9D304B78EE7037C1427D,ACCOUNT-a0ef696d775a524135439c4c,aura-smdpp.test,2010f859a67ea0b44cdabce5e82c75705f83ccf268b769c39d744c1461bb1928,download,1800116237,PROFILE-322947b000d298ed5eaa,2010f859a67ea0b44cdabce5e82c75705f83ccf268b769c39d744c1461bb1928,12207,MID-CFFDD8CB99D16D1C2363D5C22F0413CC,matching_id,fulfilled
aura_rsp,435,MNO-C,ORDER-CA9D3F84BDBED1F20B459866,ACCOUNT-71b3523b502645f82a3dc74c,aura-smdpp.test,2010f859a67ea0b44cdabce5e82c75705f83ccf268b769c39d744c1461bb1928,download,1800116237,PROFILE-322947b000d298ed5eaa,2010f859a67ea0b44cdabce5e82c75705f83ccf268b769c39d744c1461bb1928,12207,IAC-5B708D9DD457EF225BD845453D92A9D4,I_ac,fulfilled
standard_rsp,436,MNO-A,ORDER-54E9604726F0E8DBB6C26C5C,ACCOUNT-a74f21ddfb41ab78772cc5ab,aura-smdpp.test,c98640d3788a11a1dd11de3b628570fae9225e54454b1af080d3c235d6369348,download,1801339399,PROFILE-aa9699dc16ffa4a8f8bc,c98640d3788a11a1dd11de3b628570fae9225e54454b1af080d3c235d6369348,12207,MID-12DEB62988CE9676D0F8219C2209A6ED,matching_id,fulfilled
aura_rsp,436,MNO-A,ORDER-3C7F7B33563F5D20F44EDA9B,ACCOUNT-73c6334546358119587185fd,aura-smdpp.test,c98640d3788a11a1dd11de3b628570fae9225e54454b1af080d3c235d6369348,download,1801339399,PROFILE-aa9699dc16ffa4a8f8bc,c98640d3788a11a1dd11de3b628570fae9225e54454b1af080d3c235d6369348,12207,IAC-CF65D4001C6E064F01C16F1546E5A372,I_ac,fulfilled
standard_rsp,437,MNO-B,ORDER-2D0D55F030765CABA6574B77,ACCOUNT-3977884a3340b03449c5cac5,aura-smdpp.test,21383a603cb17ff9868e97033a26a3120fb8274a3188974feb9188c15d85c32c,download,1800452711,PROFILE-03649765d7c0b3b15d1d,21383a603cb17ff9868e97033a26a3120fb8274a3188974feb9188c15d85c32c,12207,MID-19911AD187030B06E3DC69AE21CECBD3,matching_id,fulfilled
aura_rsp,437,MNO-B,ORDER-70A28C159AFB51CDD34C6F7B,ACCOUNT-7f26ee125e73ba96f3fe959e,aura-smdpp.test,21383a603cb17ff9868e97033a26a3120fb8274a3188974feb9188c15d85c32c,download,1800452711,PROFILE-03649765d7c0b3b15d1d,21383a603cb17ff9868e97033a26a3120fb8274a3188974feb9188c15d85c32c,12207,IAC-1B5DA0C2CE25D42A552091B143E54072,I_ac,fulfilled
standard_rsp,438,MNO-D,ORDER-5F0342CDBFBE3145923D46D5,ACCOUNT-4d1655f9e53082e134b90d4b,aura-smdpp.test,016ab076367ddb3879e28cf881c4cf00ec8f4b7848b4e12c8ee751e85efa6df4,download,1800570599,PROFILE-fc809f0b062f377038b1,016ab076367ddb3879e28cf881c4cf00ec8f4b7848b4e12c8ee751e85efa6df4,12207,MID-566F38D3E9E5F5FE4C6BDF620DCC22DD,matching_id,fulfilled
aura_rsp,438,MNO-D,ORDER-7361B61CFDB6CF2DD614C6F6,ACCOUNT-cc34c97c1f638ec807a0e7ee,aura-smdpp.test,016ab076367ddb3879e28cf881c4cf00ec8f4b7848b4e12c8ee751e85efa6df4,download,1800570599,PROFILE-fc809f0b062f377038b1,016ab076367ddb3879e28cf881c4cf00ec8f4b7848b4e12c8ee751e85efa6df4,12207,IAC-C94CA708056D8E1480F8CCCCA1CB5570,I_ac,fulfilled
standard_rsp,439,MNO-B,ORDER-48023EABF0BBE9668780C3CF,ACCOUNT-4a046dc0410174c1025600ef,aura-smdpp.test,77215c8efb5f70af0c61532bb4eca0f9c8b5495e2409ece4bbc61afefc3e49c0,download,1801895283,PROFILE-07a89d21772d062c3fae,77215c8efb5f70af0c61532bb4eca0f9c8b5495e2409ece4bbc61afefc3e49c0,12207,MID-4AFFC524CAEF2ADB3700BD73FA6049D6,matching_id,fulfilled
aura_rsp,439,MNO-B,ORDER-CB798112A966B60FFE3659D0,ACCOUNT-8c84801f493f93a4339dedd6,aura-smdpp.test,77215c8efb5f70af0c61532bb4eca0f9c8b5495e2409ece4bbc61afefc3e49c0,download,1801895283,PROFILE-07a89d21772d062c3fae,77215c8efb5f70af0c61532bb4eca0f9c8b5495e2409ece4bbc61afefc3e49c0,12207,IAC-01D1028B6C9DDA7B5743B23566FDF013,I_ac,fulfilled
standard_rsp,440,MNO-B,ORDER-774E3DA6548F40C0771755E2,ACCOUNT-543a695a3064e732bee32de0,aura-smdpp.test,4954146b7298c047d2d7835d0f655aa3eea8ff70471ba7b40a8673d890fda71c,download,1800375609,PROFILE-ff117ee4336365cd2c51,4954146b7298c047d2d7835d0f655aa3eea8ff70471ba7b40a8673d890fda71c,12207,MID-0FC2C7B39E5ACB360E759081856D5D3B,matching_id,fulfilled
aura_rsp,440,MNO-B,ORDER-5C8776DD5437B3F62B2855A4,ACCOUNT-e41022a805d165929b544af0,aura-smdpp.test,4954146b7298c047d2d7835d0f655aa3eea8ff70471ba7b40a8673d890fda71c,download,1800375609,PROFILE-ff117ee4336365cd2c51,4954146b7298c047d2d7835d0f655aa3eea8ff70471ba7b40a8673d890fda71c,12207,IAC-21DCE88239BD910C4BA3743FF944422C,I_ac,fulfilled
standard_rsp,441,MNO-D,ORDER-1A16CAB77ECCD19871613938,ACCOUNT-5e96089e971d666b5352dcea,aura-smdpp.test,ee4989d2794e037f5a9ba6e1bbbc09c220497ecff07b84b26991840bff3eb707,download,1802562865,PROFILE-3016b0d86a5100ea0c9b,ee4989d2794e037f5a9ba6e1bbbc09c220497ecff07b84b26991840bff3eb707,12207,MID-29DFC01192E372A4272C41D5AE06DFA3,matching_id,fulfilled
aura_rsp,441,MNO-D,ORDER-DB0A9A5AB670866B7A3877B3,ACCOUNT-3c7a446ed588b10b56e9be50,aura-smdpp.test,ee4989d2794e037f5a9ba6e1bbbc09c220497ecff07b84b26991840bff3eb707,download,1802562865,PROFILE-3016b0d86a5100ea0c9b,ee4989d2794e037f5a9ba6e1bbbc09c220497ecff07b84b26991840bff3eb707,12207,IAC-A6821FC8279356932689154EACC897BC,I_ac,fulfilled
standard_rsp,442,MNO-C,ORDER-674AAE2802CA4D0DF35ACFA7,ACCOUNT-f207045b4849505b12a92903,aura-smdpp.test,5513939d6e65a4021520244855cf426f73bd3b46ae674ef1b1de8b3df7ed9f95,download,1801009020,PROFILE-a9e0c419b0c5b829b272,5513939d6e65a4021520244855cf426f73bd3b46ae674ef1b1de8b3df7ed9f95,12207,MID-6D0E579A1BF76FE5902F983D5EA17EFF,matching_id,fulfilled
aura_rsp,442,MNO-C,ORDER-90C8419BADF6AA5605A60327,ACCOUNT-ca7d7c185810a8c895f8475a,aura-smdpp.test,5513939d6e65a4021520244855cf426f73bd3b46ae674ef1b1de8b3df7ed9f95,download,1801009020,PROFILE-a9e0c419b0c5b829b272,5513939d6e65a4021520244855cf426f73bd3b46ae674ef1b1de8b3df7ed9f95,12207,IAC-755649D2246948C96943A26AC3EA3106,I_ac,fulfilled
standard_rsp,443,MNO-C,ORDER-48269A27DF63CFAF227B4B5D,ACCOUNT-4cf6ee2b925f2050f936b23a,aura-smdpp.test,5d5ea8daec2f2de2e4e9174cdb4a1204a7cae04d4425a0350bf3cd8d90cd00ee,download,1800025123,PROFILE-54cb9112eb3736279c9f,5d5ea8daec2f2de2e4e9174cdb4a1204a7cae04d4425a0350bf3cd8d90cd00ee,12207,MID-0426F12BFBC7A4F5916386628628C0B8,matching_id,fulfilled
aura_rsp,443,MNO-C,ORDER-99CDE51585353A15E130DFCA,ACCOUNT-b973b6b82e1af22d3357ba3e,aura-smdpp.test,5d5ea8daec2f2de2e4e9174cdb4a1204a7cae04d4425a0350bf3cd8d90cd00ee,download,1800025123,PROFILE-54cb9112eb3736279c9f,5d5ea8daec2f2de2e4e9174cdb4a1204a7cae04d4425a0350bf3cd8d90cd00ee,12207,IAC-6FB7312D5A87E650F90163ADBB68B289,I_ac,fulfilled
standard_rsp,444,MNO-B,ORDER-2F20D7231048A354D6C33E6D,ACCOUNT-5029c7585a2f2b3d7bc67598,aura-smdpp.test,a6e2d0f21aa8d340437f79df4d2afedd14041504fde005e644aa22086eb18c99,download,1800901192,PROFILE-7ae40508e3bcc6452174,a6e2d0f21aa8d340437f79df4d2afedd14041504fde005e644aa22086eb18c99,12207,MID-616F5A81FAA37A005F735CDD83658719,matching_id,fulfilled
aura_rsp,444,MNO-B,ORDER-FF0325FC8D4DB22A9BFF0037,ACCOUNT-ff85f058801d5946c1321eb4,aura-smdpp.test,a6e2d0f21aa8d340437f79df4d2afedd14041504fde005e644aa22086eb18c99,download,1800901192,PROFILE-7ae40508e3bcc6452174,a6e2d0f21aa8d340437f79df4d2afedd14041504fde005e644aa22086eb18c99,12207,IAC-27F625C0A8BFE0451F3060B0C7DCC8ED,I_ac,fulfilled
standard_rsp,445,MNO-A,ORDER-7AAD2EECA7B6B951D4C83BAA,ACCOUNT-a41b4c3fb3d5df8ef921e0f0,aura-smdpp.test,0611ac63e7990e57d69fdde0994b124d3fecacfe7d799b9729c7c537290e3491,download,1800100364,PROFILE-e54b5b2c6e36176c6e15,0611ac63e7990e57d69fdde0994b124d3fecacfe7d799b9729c7c537290e3491,12207,MID-D457C0821853A8C6EB35E5EA9EFBED88,matching_id,fulfilled
aura_rsp,445,MNO-A,ORDER-210630A2114803570D7C83BD,ACCOUNT-9f8cca02d306e29befdc8803,aura-smdpp.test,0611ac63e7990e57d69fdde0994b124d3fecacfe7d799b9729c7c537290e3491,download,1800100364,PROFILE-e54b5b2c6e36176c6e15,0611ac63e7990e57d69fdde0994b124d3fecacfe7d799b9729c7c537290e3491,12207,IAC-C22E6EBC290A9F4A8813C733B01B6AF6,I_ac,fulfilled
standard_rsp,446,MNO-B,ORDER-0A3B7F1859EC3E3E3BB50A6C,ACCOUNT-df34a21f9dc420b262030b63,aura-smdpp.test,e0a5fbd5a8c4d8f1c33d96e94d4817dc021b2b9fb1aa465f31aedf34cf6f10ae,download,1801747918,PROFILE-473a47f04ffd94b4d966,e0a5fbd5a8c4d8f1c33d96e94d4817dc021b2b9fb1aa465f31aedf34cf6f10ae,12207,MID-AD63EB7CEBFEDAF145F4FD86A96DF744,matching_id,fulfilled
aura_rsp,446,MNO-B,ORDER-646D9A3DC1151292F4D19FEB,ACCOUNT-b03e690f2504e507f6b46a3e,aura-smdpp.test,e0a5fbd5a8c4d8f1c33d96e94d4817dc021b2b9fb1aa465f31aedf34cf6f10ae,download,1801747918,PROFILE-473a47f04ffd94b4d966,e0a5fbd5a8c4d8f1c33d96e94d4817dc021b2b9fb1aa465f31aedf34cf6f10ae,12207,IAC-611CE9AA6EB5FA567126ECCC3152C456,I_ac,fulfilled
standard_rsp,447,MNO-B,ORDER-382A071700803B7D5D0FEC83,ACCOUNT-e872d1922fda7d0f6de49273,aura-smdpp.test,684931ddfa79174960dce8acbc03129ca3981b1eff56b9c51cd541d8f1427ad6,download,1802454032,PROFILE-146f090901a0a4579f1c,684931ddfa79174960dce8acbc03129ca3981b1eff56b9c51cd541d8f1427ad6,12207,MID-7C2533500932809729195E9DB2A4C0BD,matching_id,fulfilled
aura_rsp,447,MNO-B,ORDER-BDF79119B66383D28430912F,ACCOUNT-67ea0423dc1a43f58d429429,aura-smdpp.test,684931ddfa79174960dce8acbc03129ca3981b1eff56b9c51cd541d8f1427ad6,download,1802454032,PROFILE-146f090901a0a4579f1c,684931ddfa79174960dce8acbc03129ca3981b1eff56b9c51cd541d8f1427ad6,12207,IAC-D79165402842D2CA1504D511F201E221,I_ac,fulfilled
standard_rsp,448,MNO-A,ORDER-1C53B5C690D786269433E8E7,ACCOUNT-ae89602030d30c6129145469,aura-smdpp.test,26ca71c220ff14cece711c61ec3487a3ce7f6e67e3534c2882281ece7ab8a43f,download,1801405299,PROFILE-d3c224758b7d9b66f94f,26ca71c220ff14cece711c61ec3487a3ce7f6e67e3534c2882281ece7ab8a43f,12207,MID-C37D96CF7D53BB22EB2794A79DADEB7A,matching_id,fulfilled
aura_rsp,448,MNO-A,ORDER-4297E945C0AB6AA261C473E6,ACCOUNT-6add2d78cd2af11219e9e5b3,aura-smdpp.test,26ca71c220ff14cece711c61ec3487a3ce7f6e67e3534c2882281ece7ab8a43f,download,1801405299,PROFILE-d3c224758b7d9b66f94f,26ca71c220ff14cece711c61ec3487a3ce7f6e67e3534c2882281ece7ab8a43f,12207,IAC-5AEF9758910941466462E4DF49EC81BC,I_ac,fulfilled
standard_rsp,449,MNO-C,ORDER-89A86B4A27B027BF32548CE4,ACCOUNT-ed3fe930d4c5c8ef3d5068b2,aura-smdpp.test,13232361287842fd61ee8f2007f7c77f9da1507129b9e0b004dc48de3ffc56dc,download,1800119427,PROFILE-e49ca38d5a6665a47260,13232361287842fd61ee8f2007f7c77f9da1507129b9e0b004dc48de3ffc56dc,12207,MID-2319FF9CC9AB4D85DB1820CD84227706,matching_id,fulfilled
aura_rsp,449,MNO-C,ORDER-D574ABA69DCB5E1B96B411BA,ACCOUNT-8242540b95fa252c50694ddb,aura-smdpp.test,13232361287842fd61ee8f2007f7c77f9da1507129b9e0b004dc48de3ffc56dc,download,1800119427,PROFILE-e49ca38d5a6665a47260,13232361287842fd61ee8f2007f7c77f9da1507129b9e0b004dc48de3ffc56dc,12207,IAC-022D7A7B316422ECDB7E84AF12780BFD,I_ac,fulfilled
standard_rsp,450,MNO-C,ORDER-C644BDE47015AEF1DF81F85C,ACCOUNT-f6f7efb240a0c5fd55ec827f,aura-smdpp.test,a910dae9d38d59d09a2f1defbe84ba303c3d3bc78aba4f3b960305fbed488be0,download,1801066319,PROFILE-211371b8d68975f21ec5,a910dae9d38d59d09a2f1defbe84ba303c3d3bc78aba4f3b960305fbed488be0,12207,MID-574CCA52B1C5579CDDAF9740D183E915,matching_id,fulfilled
aura_rsp,450,MNO-C,ORDER-DA6C6D957BA4C6987263FA1B,ACCOUNT-ce682c978dfff1006b93b082,aura-smdpp.test,a910dae9d38d59d09a2f1defbe84ba303c3d3bc78aba4f3b960305fbed488be0,download,1801066319,PROFILE-211371b8d68975f21ec5,a910dae9d38d59d09a2f1defbe84ba303c3d3bc78aba4f3b960305fbed488be0,12207,IAC-AC43F363BFAFC998F4D168131A734A4F,I_ac,fulfilled
standard_rsp,451,MNO-D,ORDER-A33B6EAE46763681511D4891,ACCOUNT-b24a8c49f52fb144908ebc9b,aura-smdpp.test,a3349971f4482becc2ad561aa0588418f88187adf916caf00133c962d6f91084,download,1800256132,PROFILE-a6e694cbcb5592606770,a3349971f4482becc2ad561aa0588418f88187adf916caf00133c962d6f91084,12207,MID-760D78AF00B2638FB4873F90F8BBA441,matching_id,fulfilled
aura_rsp,451,MNO-D,ORDER-6D4EB53C21518397A0954CBC,ACCOUNT-d1f7d8bf3aff48cb540becbd,aura-smdpp.test,a3349971f4482becc2ad561aa0588418f88187adf916caf00133c962d6f91084,download,1800256132,PROFILE-a6e694cbcb5592606770,a3349971f4482becc2ad561aa0588418f88187adf916caf00133c962d6f91084,12207,IAC-D7A12DA2E6A1A8C1060D9B1925EC350B,I_ac,fulfilled
standard_rsp,452,MNO-D,ORDER-0071C728E2AB6B113D862D4D,ACCOUNT-1a1063bab0c31b9298d23fc2,aura-smdpp.test,d8f742c2a52d6c504f1bd01c394c091531ed1e5b591877d59f724c91f257be03,download,1802548647,PROFILE-dba9faa5b8e6e22cf8ab,d8f742c2a52d6c504f1bd01c394c091531ed1e5b591877d59f724c91f257be03,12207,MID-B78F47B072D5BB06CEBEF886E2A2E7A3,matching_id,fulfilled
aura_rsp,452,MNO-D,ORDER-463B73631B2F246F32511391,ACCOUNT-c4b97eda21b6dcd9b74a6d37,aura-smdpp.test,d8f742c2a52d6c504f1bd01c394c091531ed1e5b591877d59f724c91f257be03,download,1802548647,PROFILE-dba9faa5b8e6e22cf8ab,d8f742c2a52d6c504f1bd01c394c091531ed1e5b591877d59f724c91f257be03,12207,IAC-C53E2CA142D023ACCD4AC04B5B8EA1B8,I_ac,fulfilled
standard_rsp,453,MNO-D,ORDER-A8FA8E2C22CC071D31F8A106,ACCOUNT-883f8fbe8b4c6ba63e719ef7,aura-smdpp.test,61c040a57bd0e7eb235505e3f9f9158837e911b811687464228ba740872bad45,download,1801852931,PROFILE-600b70648ae16346febf,61c040a57bd0e7eb235505e3f9f9158837e911b811687464228ba740872bad45,12207,MID-E1F2588F6EE87C148338BD2DB1E061BA,matching_id,fulfilled
aura_rsp,453,MNO-D,ORDER-212C865306EF9DC11B2BFA6D,ACCOUNT-188241ff6f29215f8ba26203,aura-smdpp.test,61c040a57bd0e7eb235505e3f9f9158837e911b811687464228ba740872bad45,download,1801852931,PROFILE-600b70648ae16346febf,61c040a57bd0e7eb235505e3f9f9158837e911b811687464228ba740872bad45,12207,IAC-095E84FB913365DEDEA97439893DDD3F,I_ac,fulfilled
standard_rsp,454,MNO-A,ORDER-C7D0C3D618BAB36E807BA0E9,ACCOUNT-e012d501244fd640dada866c,aura-smdpp.test,c1d2837270fb4f60355a782ba6d08ec61aeb0e1137c167214fd2c8c054a53f17,download,1800486504,PROFILE-193d070c0b2437ac5c25,c1d2837270fb4f60355a782ba6d08ec61aeb0e1137c167214fd2c8c054a53f17,12207,MID-5FBD5B20073004ADF6E068563921898E,matching_id,fulfilled
aura_rsp,454,MNO-A,ORDER-48D6F673410E961CF669B398,ACCOUNT-b8faf1ce9566eb61d9b74aab,aura-smdpp.test,c1d2837270fb4f60355a782ba6d08ec61aeb0e1137c167214fd2c8c054a53f17,download,1800486504,PROFILE-193d070c0b2437ac5c25,c1d2837270fb4f60355a782ba6d08ec61aeb0e1137c167214fd2c8c054a53f17,12207,IAC-62E36873DCE588EA14A733777D3BEA11,I_ac,fulfilled
standard_rsp,455,MNO-B,ORDER-6AA52F384BF29F25BFE868CE,ACCOUNT-818234d5c8a2fbaf31cb096c,aura-smdpp.test,923a5c42738c6ec209b457707fdc966138562e4fba514fb37e3697bd9783189b,download,1801988305,PROFILE-8736e131d22e92ef881c,923a5c42738c6ec209b457707fdc966138562e4fba514fb37e3697bd9783189b,12207,MID-F440220BF068F7E7BF65B52384357048,matching_id,fulfilled
aura_rsp,455,MNO-B,ORDER-90EAA275C7F0D13FE091ABCC,ACCOUNT-a32afa44c51a8ebb5c701fa3,aura-smdpp.test,923a5c42738c6ec209b457707fdc966138562e4fba514fb37e3697bd9783189b,download,1801988305,PROFILE-8736e131d22e92ef881c,923a5c42738c6ec209b457707fdc966138562e4fba514fb37e3697bd9783189b,12207,IAC-6FBE249C2F3DB907A9FCD2C77D1E6042,I_ac,fulfilled
standard_rsp,456,MNO-D,ORDER-6CC0724554D1C04081590B6F,ACCOUNT-fd773a1d1e9ac4567100c0fc,aura-smdpp.test,a57bebecf2c8fe3155493c40c68a65ac10dbac9bade0cd1d879c4e404a409c56,download,1801151719,PROFILE-214b994af4835eb7c0f3,a57bebecf2c8fe3155493c40c68a65ac10dbac9bade0cd1d879c4e404a409c56,12207,MID-FBA9B222B82005B9BBB3BEFC5B21350A,matching_id,fulfilled
aura_rsp,456,MNO-D,ORDER-6C98979B261130043505D844,ACCOUNT-d7030431d4f27cb14ba05ddf,aura-smdpp.test,a57bebecf2c8fe3155493c40c68a65ac10dbac9bade0cd1d879c4e404a409c56,download,1801151719,PROFILE-214b994af4835eb7c0f3,a57bebecf2c8fe3155493c40c68a65ac10dbac9bade0cd1d879c4e404a409c56,12207,IAC-679D757E45BD69E8572A13211B505669,I_ac,fulfilled
standard_rsp,457,MNO-D,ORDER-A93574F58FE9C3613D399DBE,ACCOUNT-fdda34a81e737dfd77458481,aura-smdpp.test,1f271c0c1fb73d273999885b3a3d4fe054d4aed23ef66c6bd535d333f3c5a8d1,download,1801351126,PROFILE-8097a8292152c58c7219,1f271c0c1fb73d273999885b3a3d4fe054d4aed23ef66c6bd535d333f3c5a8d1,12207,MID-2AE66DEBAEBFD1B092393E3D6F025EA5,matching_id,fulfilled
aura_rsp,457,MNO-D,ORDER-0EC0D10378A428A872946CF6,ACCOUNT-98ce062c60891a570d27792c,aura-smdpp.test,1f271c0c1fb73d273999885b3a3d4fe054d4aed23ef66c6bd535d333f3c5a8d1,download,1801351126,PROFILE-8097a8292152c58c7219,1f271c0c1fb73d273999885b3a3d4fe054d4aed23ef66c6bd535d333f3c5a8d1,12207,IAC-740742A16D4E8C01F7E8EF64008161DB,I_ac,fulfilled
standard_rsp,458,MNO-D,ORDER-958532177BBC03BE780A7313,ACCOUNT-9cc1691b59eca30c69efaf42,aura-smdpp.test,d8b30c7a7ff2b61e9a2dead9823737efb14eeea772df0b84315c89dc71d5e974,download,1801484696,PROFILE-4c14f76aea2359ae9545,d8b30c7a7ff2b61e9a2dead9823737efb14eeea772df0b84315c89dc71d5e974,12207,MID-F3587864D180F0A0CFE25E9648A653E7,matching_id,fulfilled
aura_rsp,458,MNO-D,ORDER-E926BEC6AA2DA25AB92BF18E,ACCOUNT-b449b6772639d582c6e69d78,aura-smdpp.test,d8b30c7a7ff2b61e9a2dead9823737efb14eeea772df0b84315c89dc71d5e974,download,1801484696,PROFILE-4c14f76aea2359ae9545,d8b30c7a7ff2b61e9a2dead9823737efb14eeea772df0b84315c89dc71d5e974,12207,IAC-8F9414911183C5D2BAABF7B4BFCD6533,I_ac,fulfilled
standard_rsp,459,MNO-C,ORDER-A087D090E349C68EE977565C,ACCOUNT-2f281fe78ec27aeac435ae75,aura-smdpp.test,916b6ae61536fadfb3345b80125f24d0e2541c353c536a4ffe9c7204439ff180,download,1801669454,PROFILE-4675c6a71b03fbf29f53,916b6ae61536fadfb3345b80125f24d0e2541c353c536a4ffe9c7204439ff180,12207,MID-3EC163D2E8CF136C39B5AD5139CC13C1,matching_id,fulfilled
aura_rsp,459,MNO-C,ORDER-3253EFC5DE9B45CFA10CA64E,ACCOUNT-1be0ea27455cdb4a6ec24fa4,aura-smdpp.test,916b6ae61536fadfb3345b80125f24d0e2541c353c536a4ffe9c7204439ff180,download,1801669454,PROFILE-4675c6a71b03fbf29f53,916b6ae61536fadfb3345b80125f24d0e2541c353c536a4ffe9c7204439ff180,12207,IAC-A313B86444F52497C050CD2EADA7C884,I_ac,fulfilled
standard_rsp,460,MNO-D,ORDER-1C7F5E2EB5593DB8BB5983D2,ACCOUNT-0f61223e7329fcc29a19c6cb,aura-smdpp.test,113cbf4a5c6113e618ab1b1ecb5bc9467e3a9fa79a94d66a235bb54f9d77d599,download,1801082502,PROFILE-39f6b296c7decded0965,113cbf4a5c6113e618ab1b1ecb5bc9467e3a9fa79a94d66a235bb54f9d77d599,12207,MID-B324A9FB2DB8352430878AF6F98DE5D7,matching_id,fulfilled
aura_rsp,460,MNO-D,ORDER-35AD991586CD142458400136,ACCOUNT-ce934783aa7fcf9efeaf8b83,aura-smdpp.test,113cbf4a5c6113e618ab1b1ecb5bc9467e3a9fa79a94d66a235bb54f9d77d599,download,1801082502,PROFILE-39f6b296c7decded0965,113cbf4a5c6113e618ab1b1ecb5bc9467e3a9fa79a94d66a235bb54f9d77d599,12207,IAC-8C222F418C558DF6A124480EF1311228,I_ac,fulfilled
standard_rsp,461,MNO-C,ORDER-F86E8A16FCADE8A541695085,ACCOUNT-f54be1a569a3a2e4a39c5767,aura-smdpp.test,5130dc69eceb072f0b6cde14e1f6ad6ead3edb11fa0d3c3f0a4dea38c77239ca,download,1800575682,PROFILE-9ae56924b9f1f4a1642a,5130dc69eceb072f0b6cde14e1f6ad6ead3edb11fa0d3c3f0a4dea38c77239ca,12207,MID-32E962DEB0DFB04753DDB961AF8F1AD6,matching_id,fulfilled
aura_rsp,461,MNO-C,ORDER-CB3D7FBB5E9C9F60FF790E8B,ACCOUNT-abc95cca127aca2914f31e85,aura-smdpp.test,5130dc69eceb072f0b6cde14e1f6ad6ead3edb11fa0d3c3f0a4dea38c77239ca,download,1800575682,PROFILE-9ae56924b9f1f4a1642a,5130dc69eceb072f0b6cde14e1f6ad6ead3edb11fa0d3c3f0a4dea38c77239ca,12207,IAC-C073E501E540E5F636A66353029B5F64,I_ac,fulfilled
standard_rsp,462,MNO-D,ORDER-56B0BE45B3417407CEAFC6EC,ACCOUNT-e3d53810e2e85caa2cd8ffb3,aura-smdpp.test,83a45d153c6bccafe8000228303b06eb0690b08c028d24a9ae5b8f816d984369,download,1801236671,PROFILE-dcad9590bcc604cb1742,83a45d153c6bccafe8000228303b06eb0690b08c028d24a9ae5b8f816d984369,12207,MID-7E91C6DE93ABED3F529775086FFBF496,matching_id,fulfilled
aura_rsp,462,MNO-D,ORDER-6CD7E762D7FB91FAC1F28B0D,ACCOUNT-12f3ff8f527e3765ed80d03c,aura-smdpp.test,83a45d153c6bccafe8000228303b06eb0690b08c028d24a9ae5b8f816d984369,download,1801236671,PROFILE-dcad9590bcc604cb1742,83a45d153c6bccafe8000228303b06eb0690b08c028d24a9ae5b8f816d984369,12207,IAC-276C58198B0B66AD26CCB00060A37252,I_ac,fulfilled
standard_rsp,463,MNO-B,ORDER-22E1363543CF718A327FCD18,ACCOUNT-eca70acd0ad41b31add5e190,aura-smdpp.test,dd333a9a57a601f635071c34363ee7ebbb4776305f4d4df31b6999637c3ada53,download,1802039643,PROFILE-d7cacb3f8a31b223d606,dd333a9a57a601f635071c34363ee7ebbb4776305f4d4df31b6999637c3ada53,12207,MID-EA6F8A822826CB784527EF54AAB4ED63,matching_id,fulfilled
aura_rsp,463,MNO-B,ORDER-78ACEC69A9DBB92D30F8EF8F,ACCOUNT-e87950337aef7371a66de527,aura-smdpp.test,dd333a9a57a601f635071c34363ee7ebbb4776305f4d4df31b6999637c3ada53,download,1802039643,PROFILE-d7cacb3f8a31b223d606,dd333a9a57a601f635071c34363ee7ebbb4776305f4d4df31b6999637c3ada53,12207,IAC-D1A518577840E3E7E84FFCB4714B9571,I_ac,fulfilled
standard_rsp,464,MNO-A,ORDER-4C8B78C806653BED2B06E7CE,ACCOUNT-0f6ceb78de5d8a41d8dd64c8,aura-smdpp.test,684e3109739b514616f4f2c61d71a75feb51c05b2d4c4c4161ad6954d0697c7c,download,1800829370,PROFILE-7af5ccfa06d129572ee8,684e3109739b514616f4f2c61d71a75feb51c05b2d4c4c4161ad6954d0697c7c,12207,MID-757216D08486E049011BC931BF2546F8,matching_id,fulfilled
aura_rsp,464,MNO-A,ORDER-169F58E6B15FBE937AE61C05,ACCOUNT-b2f16199f2422339fba7d3c0,aura-smdpp.test,684e3109739b514616f4f2c61d71a75feb51c05b2d4c4c4161ad6954d0697c7c,download,1800829370,PROFILE-7af5ccfa06d129572ee8,684e3109739b514616f4f2c61d71a75feb51c05b2d4c4c4161ad6954d0697c7c,12207,IAC-96C68105FCF647CC962735EBAEECC2FD,I_ac,fulfilled
standard_rsp,465,MNO-B,ORDER-59EB8BAC29BDFEAF53865C02,ACCOUNT-85f2db02e03d979955f4b287,aura-smdpp.test,e54cdbd1821c90c94c404dc39b0d2fd75a38c2345ba17c1a6a06d472819c0837,download,1800564100,PROFILE-e2242cf6c20c71872756,e54cdbd1821c90c94c404dc39b0d2fd75a38c2345ba17c1a6a06d472819c0837,12207,MID-E82760490E952A8EFD3501FBB3DE115A,matching_id,fulfilled
aura_rsp,465,MNO-B,ORDER-64E98DB9D699CE6E3927DCE9,ACCOUNT-55d6ae485599915ad3489ca5,aura-smdpp.test,e54cdbd1821c90c94c404dc39b0d2fd75a38c2345ba17c1a6a06d472819c0837,download,1800564100,PROFILE-e2242cf6c20c71872756,e54cdbd1821c90c94c404dc39b0d2fd75a38c2345ba17c1a6a06d472819c0837,12207,IAC-E366D1227D0A8E323691BCE07272F71D,I_ac,fulfilled
standard_rsp,466,MNO-D,ORDER-8F1A994F91F65E6872129DF2,ACCOUNT-2b0aafae45c241c9ef7a08b6,aura-smdpp.test,062bc439523d93dd26dfe736f8af04e4b02857ddb95001a6a5568fdc3a847ae2,download,1801201945,PROFILE-07919cc62a0ed9cb2539,062bc439523d93dd26dfe736f8af04e4b02857ddb95001a6a5568fdc3a847ae2,12207,MID-6085A0C16DC0F60D40219CE91BA91923,matching_id,fulfilled
aura_rsp,466,MNO-D,ORDER-C45E575846D1C4720B1A2101,ACCOUNT-872d761816c1dfd589076883,aura-smdpp.test,062bc439523d93dd26dfe736f8af04e4b02857ddb95001a6a5568fdc3a847ae2,download,1801201945,PROFILE-07919cc62a0ed9cb2539,062bc439523d93dd26dfe736f8af04e4b02857ddb95001a6a5568fdc3a847ae2,12207,IAC-4020585E7ABC7184307511EE864D3F33,I_ac,fulfilled
standard_rsp,467,MNO-A,ORDER-095D6C4F89EE0E4351CDCA3A,ACCOUNT-412c4c666cb740f9b9291c79,aura-smdpp.test,e6d795b9ecb79358b39d99c6985377928bbcaec6caa9e2bb5fdcd577697ebbc7,download,1800777981,PROFILE-e096027159fdd2da381d,e6d795b9ecb79358b39d99c6985377928bbcaec6caa9e2bb5fdcd577697ebbc7,12207,MID-CBD21C076E2D20D803FB29B35448E83F,matching_id,fulfilled
aura_rsp,467,MNO-A,ORDER-23AC354DB8499892B275CAFD,ACCOUNT-a25b73d327c1b467792a0f1b,aura-smdpp.test,e6d795b9ecb79358b39d99c6985377928bbcaec6caa9e2bb5fdcd577697ebbc7,download,1800777981,PROFILE-e096027159fdd2da381d,e6d795b9ecb79358b39d99c6985377928bbcaec6caa9e2bb5fdcd577697ebbc7,12207,IAC-C69DFC31C69ECC243DD8FFB3C68FF5FB,I_ac,fulfilled
standard_rsp,468,MNO-B,ORDER-3EF541FB2D38924A8378F19F,ACCOUNT-0ad86aad9cb92e48d7506826,aura-smdpp.test,d0fbbe3b9da0a71663f04da43ec18979d78b3a83818d6ebe1cf2a41eb57777e3,download,1800124625,PROFILE-b167770e28fb26fddca5,d0fbbe3b9da0a71663f04da43ec18979d78b3a83818d6ebe1cf2a41eb57777e3,12207,MID-A896E6093FC55ED9FBF05B27307C3066,matching_id,fulfilled
aura_rsp,468,MNO-B,ORDER-57556E68C0C94B1EB2F8D3C4,ACCOUNT-a636e9184c0fd46769e06373,aura-smdpp.test,d0fbbe3b9da0a71663f04da43ec18979d78b3a83818d6ebe1cf2a41eb57777e3,download,1800124625,PROFILE-b167770e28fb26fddca5,d0fbbe3b9da0a71663f04da43ec18979d78b3a83818d6ebe1cf2a41eb57777e3,12207,IAC-913E7620A8B7B8F407FD58B595F9EA00,I_ac,fulfilled
standard_rsp,469,MNO-B,ORDER-5ABE3879E37E13C4B9BBDF88,ACCOUNT-d320f2d19b4df89889a97423,aura-smdpp.test,80d4f9ccc197c4ff9c3db16e8ab79b1661bbd4b44736d7f7cc0acf517839740c,download,1802131910,PROFILE-68beb687365ef33c8dbc,80d4f9ccc197c4ff9c3db16e8ab79b1661bbd4b44736d7f7cc0acf517839740c,12207,MID-AB7A35DE20AFC7E150304C3861E98712,matching_id,fulfilled
aura_rsp,469,MNO-B,ORDER-FE056A6642A559B2F80E4B35,ACCOUNT-58077a3f05fc54bf16c1e642,aura-smdpp.test,80d4f9ccc197c4ff9c3db16e8ab79b1661bbd4b44736d7f7cc0acf517839740c,download,1802131910,PROFILE-68beb687365ef33c8dbc,80d4f9ccc197c4ff9c3db16e8ab79b1661bbd4b44736d7f7cc0acf517839740c,12207,IAC-A596CB99F6801BE79C5BB493ED1A8CD5,I_ac,fulfilled
standard_rsp,470,MNO-B,ORDER-6BF0E362BCECBA061D700D6F,ACCOUNT-eb465dae63f014a90b0ee75f,aura-smdpp.test,1eb562e89c52f56cd23d60e88b1d878fd9e1a2531bd8babe69660f54f8a28ff2,download,1801659124,PROFILE-5327edfaf88c9d816697,1eb562e89c52f56cd23d60e88b1d878fd9e1a2531bd8babe69660f54f8a28ff2,12207,MID-1BA59E042EB4165287BC890CB43A8EB0,matching_id,fulfilled
aura_rsp,470,MNO-B,ORDER-60CECEF2DEA271F9AD1E1A3F,ACCOUNT-c67b076482c1a99daac1aa93,aura-smdpp.test,1eb562e89c52f56cd23d60e88b1d878fd9e1a2531bd8babe69660f54f8a28ff2,download,1801659124,PROFILE-5327edfaf88c9d816697,1eb562e89c52f56cd23d60e88b1d878fd9e1a2531bd8babe69660f54f8a28ff2,12207,IAC-320D53E205927026843B9484FF851890,I_ac,fulfilled
standard_rsp,471,MNO-A,ORDER-64809954F725F50E40A207A7,ACCOUNT-de553c0c885cf9c921eea471,aura-smdpp.test,59b561200ab41f8a35e8fef99ea7d61e183fccc1143a95c40480ddc26499c79c,download,1800908488,PROFILE-3737d521cf3ff2bba1a0,59b561200ab41f8a35e8fef99ea7d61e183fccc1143a95c40480ddc26499c79c,12207,MID-949240930DD0DE4129F5A6CCD0631C56,matching_id,fulfilled
aura_rsp,471,MNO-A,ORDER-2B318CC4F9D1C12B35A8BD48,ACCOUNT-d2884373d45f4f8a11fd8e16,aura-smdpp.test,59b561200ab41f8a35e8fef99ea7d61e183fccc1143a95c40480ddc26499c79c,download,1800908488,PROFILE-3737d521cf3ff2bba1a0,59b561200ab41f8a35e8fef99ea7d61e183fccc1143a95c40480ddc26499c79c,12207,IAC-30D27A6E8451DED05759F41A8CFAA7B4,I_ac,fulfilled
standard_rsp,472,MNO-C,ORDER-E51228B1B95C706DFDF0A873,ACCOUNT-e58e0fb20c3248c08c40feb8,aura-smdpp.test,b819217b46077ad17c8b1f56213433a0cc4de603cd1e7fc2d9d313d15ee697e3,download,1801101402,PROFILE-56809dc5290c621bbd29,b819217b46077ad17c8b1f56213433a0cc4de603cd1e7fc2d9d313d15ee697e3,12207,MID-56E1622A05AD131AD3C1673108C86257,matching_id,fulfilled
aura_rsp,472,MNO-C,ORDER-FC9C447D456A7DB2EB18C721,ACCOUNT-d5ab81be2983cc9e63bd4b09,aura-smdpp.test,b819217b46077ad17c8b1f56213433a0cc4de603cd1e7fc2d9d313d15ee697e3,download,1801101402,PROFILE-56809dc5290c621bbd29,b819217b46077ad17c8b1f56213433a0cc4de603cd1e7fc2d9d313d15ee697e3,12207,IAC-E5801FD2A02EE2CB0A53708AC1F5B6A6,I_ac,fulfilled
standard_rsp,473,MNO-C,ORDER-69A0926A11006FD6BE26BEBF,ACCOUNT-c245ab42a8e5bce347bfe40d,aura-smdpp.test,36f0f5e7eb648a76d7d077cb7f018ffc6851d6b5f7ea8dc446f055a74fe4114f,download,1800256510,PROFILE-3e9ec1c6fa08446693a3,36f0f5e7eb648a76d7d077cb7f018ffc6851d6b5f7ea8dc446f055a74fe4114f,12207,MID-09CA1889C2E76DF175B88046AE2CA553,matching_id,fulfilled
aura_rsp,473,MNO-C,ORDER-1B749D752712D0C68A8CBDB3,ACCOUNT-7109f00e66a72880a43e685e,aura-smdpp.test,36f0f5e7eb648a76d7d077cb7f018ffc6851d6b5f7ea8dc446f055a74fe4114f,download,1800256510,PROFILE-3e9ec1c6fa08446693a3,36f0f5e7eb648a76d7d077cb7f018ffc6851d6b5f7ea8dc446f055a74fe4114f,12207,IAC-9AEED2A1C14CC2CF7009E3E52D54F16F,I_ac,fulfilled
standard_rsp,474,MNO-C,ORDER-9F8F374B50BE31BB710D3620,ACCOUNT-84e0daac5f101991f06aa696,aura-smdpp.test,6535274338c83dd3ff470ec73b2f8d3c083cc6d8304feafab0371aae75fd1d90,download,1800927044,PROFILE-b70ddf0839888d6f4022,6535274338c83dd3ff470ec73b2f8d3c083cc6d8304feafab0371aae75fd1d90,12207,MID-D90376511CF407F6CC4806E14B6245AC,matching_id,fulfilled
aura_rsp,474,MNO-C,ORDER-ED5BCE1E3EDAF2022B141AB6,ACCOUNT-c13c62fa032deb98ef2dc4f7,aura-smdpp.test,6535274338c83dd3ff470ec73b2f8d3c083cc6d8304feafab0371aae75fd1d90,download,1800927044,PROFILE-b70ddf0839888d6f4022,6535274338c83dd3ff470ec73b2f8d3c083cc6d8304feafab0371aae75fd1d90,12207,IAC-87A2701D23E18E8306C1C308DA1EB5B4,I_ac,fulfilled
standard_rsp,475,MNO-B,ORDER-6369812CABB53D7C465B968C,ACCOUNT-d5f9eeb9366bd251bf824c8d,aura-smdpp.test,ff594ae95022822dca0ead78e7600e775fc5f1fecb5507560fc272adcdaf0e96,download,1802089747,PROFILE-f7184fad3b5ccfe3d768,ff594ae95022822dca0ead78e7600e775fc5f1fecb5507560fc272adcdaf0e96,12207,MID-3FA5E5FA0B4A5073871379C6EEEA1409,matching_id,fulfilled
aura_rsp,475,MNO-B,ORDER-144510C11CD100A008BACE4D,ACCOUNT-b00d5f7fd2c5be057572a460,aura-smdpp.test,ff594ae95022822dca0ead78e7600e775fc5f1fecb5507560fc272adcdaf0e96,download,1802089747,PROFILE-f7184fad3b5ccfe3d768,ff594ae95022822dca0ead78e7600e775fc5f1fecb5507560fc272adcdaf0e96,12207,IAC-46F0D91D732251A4D812A59E7C028FCA,I_ac,fulfilled
standard_rsp,476,MNO-C,ORDER-3876D6B4A985058474BCFE3B,ACCOUNT-5d8a22cf48ff48449a518789,aura-smdpp.test,177bb9a4971e79a31ba402678a11c3cd0401b680605a65db91a391158f727ebe,download,1801216162,PROFILE-78a159f6c4c0fe68b9ac,177bb9a4971e79a31ba402678a11c3cd0401b680605a65db91a391158f727ebe,12207,MID-73EB5350930F5E06DA96C089793CD9B9,matching_id,fulfilled
aura_rsp,476,MNO-C,ORDER-0F766020668CE8ACB84993DA,ACCOUNT-c78f35eb4a1dcd7f279eb2b3,aura-smdpp.test,177bb9a4971e79a31ba402678a11c3cd0401b680605a65db91a391158f727ebe,download,1801216162,PROFILE-78a159f6c4c0fe68b9ac,177bb9a4971e79a31ba402678a11c3cd0401b680605a65db91a391158f727ebe,12207,IAC-80DFA91C6ABBFA9C38A12B62A0FE5E07,I_ac,fulfilled
standard_rsp,477,MNO-D,ORDER-FD530446800B989A4B2C669F,ACCOUNT-cc831d55f3d64a5f5af2c6a8,aura-smdpp.test,f23ff28135e5c71edd1625f1657a7da1e17985915441edeb7e66eaced36d0550,download,1802407195,PROFILE-27f9f1840ead90960143,f23ff28135e5c71edd1625f1657a7da1e17985915441edeb7e66eaced36d0550,12207,MID-5041929D0345FA96047A32636F88655D,matching_id,fulfilled
aura_rsp,477,MNO-D,ORDER-16C7BE8E45F7A0B70AC80B42,ACCOUNT-16c2d29789b30ddf3e4753ab,aura-smdpp.test,f23ff28135e5c71edd1625f1657a7da1e17985915441edeb7e66eaced36d0550,download,1802407195,PROFILE-27f9f1840ead90960143,f23ff28135e5c71edd1625f1657a7da1e17985915441edeb7e66eaced36d0550,12207,IAC-638523E82EC3188B2F33B1BAD197CA37,I_ac,fulfilled
standard_rsp,478,MNO-D,ORDER-0CB280A0A17F47B3B629BBC9,ACCOUNT-8a0f84348addad0c0c22f505,aura-smdpp.test,feb9e50e5a1d426e2d5e52bb3c529cc21f3873768ac0c88b846f33b8affcf7f2,download,1801315182,PROFILE-41c7ff7a8de47e683b0c,feb9e50e5a1d426e2d5e52bb3c529cc21f3873768ac0c88b846f33b8affcf7f2,12207,MID-FCD947DA857FB288A097680BD529F9FE,matching_id,fulfilled
aura_rsp,478,MNO-D,ORDER-0DD3B4C90C3F6F7C01F1E97D,ACCOUNT-e2a88da6651cfc4a209e6fc7,aura-smdpp.test,feb9e50e5a1d426e2d5e52bb3c529cc21f3873768ac0c88b846f33b8affcf7f2,download,1801315182,PROFILE-41c7ff7a8de47e683b0c,feb9e50e5a1d426e2d5e52bb3c529cc21f3873768ac0c88b846f33b8affcf7f2,12207,IAC-225DDDF430FC15D62E1A0ABF4E4C0BCD,I_ac,fulfilled
standard_rsp,479,MNO-B,ORDER-8AE55533A7347792192241D7,ACCOUNT-1397590c26b44b49408d177e,aura-smdpp.test,4dffb2042d98cd2c76aafb00eea65ad88b838818d1df833fc6cd3f92299afe10,download,1801030148,PROFILE-57c6083228c7403f2bba,4dffb2042d98cd2c76aafb00eea65ad88b838818d1df833fc6cd3f92299afe10,12207,MID-B93FC17F84B582911A0ED2EF7AB23CDB,matching_id,fulfilled
aura_rsp,479,MNO-B,ORDER-E2B5B1D12C04B0661CB679D0,ACCOUNT-e34efaac5f923a3eec5a2b8e,aura-smdpp.test,4dffb2042d98cd2c76aafb00eea65ad88b838818d1df833fc6cd3f92299afe10,download,1801030148,PROFILE-57c6083228c7403f2bba,4dffb2042d98cd2c76aafb00eea65ad88b838818d1df833fc6cd3f92299afe10,12207,IAC-BF28AF47DC2FB6D38B7D6E5E84CE8732,I_ac,fulfilled
standard_rsp,480,MNO-C,ORDER-BB4B44C8F3CB658774E4849A,ACCOUNT-6e16eed2e962d6057feb0f86,aura-smdpp.test,f5bfd6453326e8ec6221026cd79853c959d2dc8790bc0a804e6a91c23ca60853,download,1801686325,PROFILE-c128adbb98567ca5d26d,f5bfd6453326e8ec6221026cd79853c959d2dc8790bc0a804e6a91c23ca60853,12207,MID-917B5B3166F37FA6AC35EFDDB4C3BD91,matching_id,fulfilled
aura_rsp,480,MNO-C,ORDER-8E723FD6B55C872B2BCECAE4,ACCOUNT-91772bcffa86dfe7b11eba49,aura-smdpp.test,f5bfd6453326e8ec6221026cd79853c959d2dc8790bc0a804e6a91c23ca60853,download,1801686325,PROFILE-c128adbb98567ca5d26d,f5bfd6453326e8ec6221026cd79853c959d2dc8790bc0a804e6a91c23ca60853,12207,IAC-698E5CB5F9D0704A144DBED5EE15FA98,I_ac,fulfilled
standard_rsp,481,MNO-D,ORDER-DCFC2605B41D6C6439DA5F32,ACCOUNT-14887e8f4e36d4c46ed013bb,aura-smdpp.test,0c4d29600ddd62f25a01ee10036adc1faab0ec62341d72c877a98c255b481320,download,1800792381,PROFILE-8ccd8493cf7390b554c2,0c4d29600ddd62f25a01ee10036adc1faab0ec62341d72c877a98c255b481320,12207,MID-C14BF745503B4A1BCD925BBC8E833210,matching_id,fulfilled
aura_rsp,481,MNO-D,ORDER-D15807560886CC637A112C88,ACCOUNT-56ab8202d141b4301805c1c2,aura-smdpp.test,0c4d29600ddd62f25a01ee10036adc1faab0ec62341d72c877a98c255b481320,download,1800792381,PROFILE-8ccd8493cf7390b554c2,0c4d29600ddd62f25a01ee10036adc1faab0ec62341d72c877a98c255b481320,12207,IAC-8C20E4D5A6F6400BAAE8ABED95A26287,I_ac,fulfilled
standard_rsp,482,MNO-B,ORDER-5BF2950EEE4D4C2223811F09,ACCOUNT-e0ea6439e13e04103e070d47,aura-smdpp.test,45c28b0b7888b24bfd30548d3b8ccdbf1c30239e40afc755513a9fb0ffb5dc1d,download,1801210594,PROFILE-b4fabdc5ffdcf16ce03c,45c28b0b7888b24bfd30548d3b8ccdbf1c30239e40afc755513a9fb0ffb5dc1d,12207,MID-26123478FF53831A72FE031C08DF2B1A,matching_id,fulfilled
aura_rsp,482,MNO-B,ORDER-8E2C82DC9F00E176FA77510F,ACCOUNT-7f25269323911b04f8787521,aura-smdpp.test,45c28b0b7888b24bfd30548d3b8ccdbf1c30239e40afc755513a9fb0ffb5dc1d,download,1801210594,PROFILE-b4fabdc5ffdcf16ce03c,45c28b0b7888b24bfd30548d3b8ccdbf1c30239e40afc755513a9fb0ffb5dc1d,12207,IAC-8C8CC8024D45A5F0A2532DE886F4F77B,I_ac,fulfilled
standard_rsp,483,MNO-D,ORDER-A660FC710A5E27A85C8A6B88,ACCOUNT-b1cea2ad034fa2111d53f005,aura-smdpp.test,17020f307bb7797f17c6b9ce7a01404bffed86383b7e28d0d9ba8c435f9d83de,download,1800536315,PROFILE-e03140f4fa10bce6343f,17020f307bb7797f17c6b9ce7a01404bffed86383b7e28d0d9ba8c435f9d83de,12207,MID-83EAEDBBAC7DB38702C126B4A19E2526,matching_id,fulfilled
aura_rsp,483,MNO-D,ORDER-C1A9DCDB93F7FC1FAB7BEA04,ACCOUNT-bdfd855c5a3c6c6276cd4fc3,aura-smdpp.test,17020f307bb7797f17c6b9ce7a01404bffed86383b7e28d0d9ba8c435f9d83de,download,1800536315,PROFILE-e03140f4fa10bce6343f,17020f307bb7797f17c6b9ce7a01404bffed86383b7e28d0d9ba8c435f9d83de,12207,IAC-3D4C54912D9E7DF0D9802C1763586E62,I_ac,fulfilled
standard_rsp,484,MNO-A,ORDER-4E56956B33A2B8E0F8BCF6E9,ACCOUNT-d5fd1fd2c492a2d1242930d3,aura-smdpp.test,ad2480f822f11a35bd45f37ca41e4259b85517099fb7c4fdccd350ca78d25bff,download,1800337819,PROFILE-36ddeed08a1d7b868868,ad2480f822f11a35bd45f37ca41e4259b85517099fb7c4fdccd350ca78d25bff,12207,MID-C93AC9CDB37EA9B497C8F003123DFC86,matching_id,fulfilled
aura_rsp,484,MNO-A,ORDER-84624B7B97452A9729EDD130,ACCOUNT-91fd32b189778d5e9f99ce66,aura-smdpp.test,ad2480f822f11a35bd45f37ca41e4259b85517099fb7c4fdccd350ca78d25bff,download,1800337819,PROFILE-36ddeed08a1d7b868868,ad2480f822f11a35bd45f37ca41e4259b85517099fb7c4fdccd350ca78d25bff,12207,IAC-F339FC670CF1C2EBEBC430F706AF9A2E,I_ac,fulfilled
standard_rsp,485,MNO-C,ORDER-16B6FDAD94C28D2159651BB9,ACCOUNT-92bb6b6ae321769cc5a7a006,aura-smdpp.test,73038d76a20e889ebcbaaeca11d5a534f4318227b5b447bcb5ef56ecd49ebf34,download,1801163179,PROFILE-14f1aa30bc9b362e4995,73038d76a20e889ebcbaaeca11d5a534f4318227b5b447bcb5ef56ecd49ebf34,12207,MID-2E82F76D59923B7563DE22FE89B0E39A,matching_id,fulfilled
aura_rsp,485,MNO-C,ORDER-F5648338FA8F5E56A363508A,ACCOUNT-ceb4fd537735f669ab4d7dd6,aura-smdpp.test,73038d76a20e889ebcbaaeca11d5a534f4318227b5b447bcb5ef56ecd49ebf34,download,1801163179,PROFILE-14f1aa30bc9b362e4995,73038d76a20e889ebcbaaeca11d5a534f4318227b5b447bcb5ef56ecd49ebf34,12207,IAC-BA0775158765DC87583F9788C3920DA2,I_ac,fulfilled
standard_rsp,486,MNO-C,ORDER-E068EAC6A518395F0509A79B,ACCOUNT-c610ef7943416a72c9c4d98a,aura-smdpp.test,38604543a1e2aa9ef8847eca37fbf8d06e28d5b66346302b7f313821344943c0,download,1802308272,PROFILE-9aa17763cb5889486361,38604543a1e2aa9ef8847eca37fbf8d06e28d5b66346302b7f313821344943c0,12207,MID-B4D92E545715A02BA18A56FCBB940634,matching_id,fulfilled
aura_rsp,486,MNO-C,ORDER-EFA94399AA30565F1018580E,ACCOUNT-db3c056f297bb35f4dc0c404,aura-smdpp.test,38604543a1e2aa9ef8847eca37fbf8d06e28d5b66346302b7f313821344943c0,download,1802308272,PROFILE-9aa17763cb5889486361,38604543a1e2aa9ef8847eca37fbf8d06e28d5b66346302b7f313821344943c0,12207,IAC-2AE9D8C6800030E0D4A2A81DD64FB251,I_ac,fulfilled
standard_rsp,487,MNO-B,ORDER-DD10BF04DCE867458CE855A9,ACCOUNT-5a4912739148f1617f3ba08a,aura-smdpp.test,b2fcc7a85ea9c6f91025a0751ceabecb7a1645f5c6e12f6d126da8e378fcaf14,download,1801037048,PROFILE-16ed75f4393119cbde01,b2fcc7a85ea9c6f91025a0751ceabecb7a1645f5c6e12f6d126da8e378fcaf14,12207,MID-49E0CA7B4F6F92A8792C5FFB7A31BB47,matching_id,fulfilled
aura_rsp,487,MNO-B,ORDER-2D60C398F06B49CBFCADE9F8,ACCOUNT-28e6ecbfe5090a28cc32bcf0,aura-smdpp.test,b2fcc7a85ea9c6f91025a0751ceabecb7a1645f5c6e12f6d126da8e378fcaf14,download,1801037048,PROFILE-16ed75f4393119cbde01,b2fcc7a85ea9c6f91025a0751ceabecb7a1645f5c6e12f6d126da8e378fcaf14,12207,IAC-ACD88B2E1446CA47DDB10BDEA9EB7CBC,I_ac,fulfilled
standard_rsp,488,MNO-B,ORDER-14E28DA0EF5CFA9829EACBBB,ACCOUNT-abf43b626fd29387ee2d9c0c,aura-smdpp.test,f44cd0b9034cf2ce3567957f15cbcb97888b8e0a2e021e126b51bed79e32d03d,download,1800390339,PROFILE-122a5bdb28e93f85d47b,f44cd0b9034cf2ce3567957f15cbcb97888b8e0a2e021e126b51bed79e32d03d,12207,MID-87CB9BC1AB0F72E8667AF79F8A030081,matching_id,fulfilled
aura_rsp,488,MNO-B,ORDER-E9E0B0DC3954CE8C981F9B45,ACCOUNT-786cc1644c6ec89fef343aa6,aura-smdpp.test,f44cd0b9034cf2ce3567957f15cbcb97888b8e0a2e021e126b51bed79e32d03d,download,1800390339,PROFILE-122a5bdb28e93f85d47b,f44cd0b9034cf2ce3567957f15cbcb97888b8e0a2e021e126b51bed79e32d03d,12207,IAC-3515DA0051707752411B1F7CD513E3F7,I_ac,fulfilled
standard_rsp,489,MNO-C,ORDER-DAD55BEDF71A5E23418303FA,ACCOUNT-5dac65c617c7d0d9620b171b,aura-smdpp.test,5bd0fc6a596e6e443c70d92bea1a742362f2b16c9eadeb308cdea8bd2594d61c,download,1800278402,PROFILE-ae1fe46cfba81e4b407e,5bd0fc6a596e6e443c70d92bea1a742362f2b16c9eadeb308cdea8bd2594d61c,12207,MID-B7569878CC6C75F94BD3F827E7970C4F,matching_id,fulfilled
aura_rsp,489,MNO-C,ORDER-0E2D8B6449612454A9834D49,ACCOUNT-d2f6804a3032e769e6290ae9,aura-smdpp.test,5bd0fc6a596e6e443c70d92bea1a742362f2b16c9eadeb308cdea8bd2594d61c,download,1800278402,PROFILE-ae1fe46cfba81e4b407e,5bd0fc6a596e6e443c70d92bea1a742362f2b16c9eadeb308cdea8bd2594d61c,12207,IAC-BD3EEA789E8E05AC37C0AFBA84A85AAF,I_ac,fulfilled
standard_rsp,490,MNO-D,ORDER-59772345D2A47B4A2E0E2795,ACCOUNT-8bbb5370b52565f0f77e83a0,aura-smdpp.test,7666082d6354502bf93ca9f3466e6fea47190e9eed0a4256b54a7ff99f7762ef,download,1800776120,PROFILE-97af98b54d775c8cab81,7666082d6354502bf93ca9f3466e6fea47190e9eed0a4256b54a7ff99f7762ef,12207,MID-387A85C301BAF155C2FF7BCA832EB3AA,matching_id,fulfilled
aura_rsp,490,MNO-D,ORDER-C05898BC6CF2F1AFB12B8FCC,ACCOUNT-78a18dfee1223c8a1a27824e,aura-smdpp.test,7666082d6354502bf93ca9f3466e6fea47190e9eed0a4256b54a7ff99f7762ef,download,1800776120,PROFILE-97af98b54d775c8cab81,7666082d6354502bf93ca9f3466e6fea47190e9eed0a4256b54a7ff99f7762ef,12207,IAC-583197F91F1BC9353F4981494CD00885,I_ac,fulfilled
standard_rsp,491,MNO-D,ORDER-F24AC5253105D32D6C8663E3,ACCOUNT-1792222f14373eb9dcd7b168,aura-smdpp.test,a4b485b8a0ba69243c6541f784dd4a652462bac9a6bc14b29db4916d75e85111,download,1800539252,PROFILE-0aaff4ce918446370309,a4b485b8a0ba69243c6541f784dd4a652462bac9a6bc14b29db4916d75e85111,12207,MID-FF834286309303C8ACE7F63325FA5392,matching_id,fulfilled
aura_rsp,491,MNO-D,ORDER-F5DF08C3FAA828E6837A7965,ACCOUNT-73f5035cf23374c21d09f864,aura-smdpp.test,a4b485b8a0ba69243c6541f784dd4a652462bac9a6bc14b29db4916d75e85111,download,1800539252,PROFILE-0aaff4ce918446370309,a4b485b8a0ba69243c6541f784dd4a652462bac9a6bc14b29db4916d75e85111,12207,IAC-7C4E8BCDFB6F69C6EEE0BC71AF9A988B,I_ac,fulfilled
standard_rsp,492,MNO-C,ORDER-2487E4CA311A7E579268BBE4,ACCOUNT-93fe7832bf8ac7f186c6fd73,aura-smdpp.test,5f431023948d98787e4a65b6469eb168c3649d9b12622f91ea69940dc302b7c9,download,1800297000,PROFILE-691ce6764f2e26b9059b,5f431023948d98787e4a65b6469eb168c3649d9b12622f91ea69940dc302b7c9,12207,MID-D7C149388AF14B62279341DAB0E64F86,matching_id,fulfilled
aura_rsp,492,MNO-C,ORDER-61A938021C0D3BBF858F3D6B,ACCOUNT-a146a5590411acc9542bef45,aura-smdpp.test,5f431023948d98787e4a65b6469eb168c3649d9b12622f91ea69940dc302b7c9,download,1800297000,PROFILE-691ce6764f2e26b9059b,5f431023948d98787e4a65b6469eb168c3649d9b12622f91ea69940dc302b7c9,12207,IAC-B3CD57FD73556A41CC4A3E9F38819258,I_ac,fulfilled
standard_rsp,493,MNO-A,ORDER-BEAF678E81C67B261A1ECD5E,ACCOUNT-154fc6d433bb05715221ff5d,aura-smdpp.test,98a64b50de4cb69ded5f5725f97785d64df417e1285aa075692b579b88f7e2b8,download,1801788497,PROFILE-57b7fe864481941e13a2,98a64b50de4cb69ded5f5725f97785d64df417e1285aa075692b579b88f7e2b8,12207,MID-AA2A5FD75E00F9A79BFFE2819011C684,matching_id,fulfilled
aura_rsp,493,MNO-A,ORDER-ED5BCC1FA68EAA123B92E439,ACCOUNT-9d46fd2f19ff68c5767948c5,aura-smdpp.test,98a64b50de4cb69ded5f5725f97785d64df417e1285aa075692b579b88f7e2b8,download,1801788497,PROFILE-57b7fe864481941e13a2,98a64b50de4cb69ded5f5725f97785d64df417e1285aa075692b579b88f7e2b8,12207,IAC-A4C12C4DDFB8B7DB7939AC11D566889F,I_ac,fulfilled
standard_rsp,494,MNO-D,ORDER-C61525D54D4133FBE551AA89,ACCOUNT-1b883956e17744d992b7a797,aura-smdpp.test,540095ba4276e8c9efc7b9689caefe58c99f1d26e8f306b76fa2345ba2d97f4a,download,1800132919,PROFILE-53f649dfd357239cbc20,540095ba4276e8c9efc7b9689caefe58c99f1d26e8f306b76fa2345ba2d97f4a,12207,MID-6FE80CCFD24BA78C6D7348EDEB457340,matching_id,fulfilled
aura_rsp,494,MNO-D,ORDER-2BFFACFF57D94FCA94D22E58,ACCOUNT-a1e4f700e2fefe6b27469743,aura-smdpp.test,540095ba4276e8c9efc7b9689caefe58c99f1d26e8f306b76fa2345ba2d97f4a,download,1800132919,PROFILE-53f649dfd357239cbc20,540095ba4276e8c9efc7b9689caefe58c99f1d26e8f306b76fa2345ba2d97f4a,12207,IAC-9DF4080A467DD1F2C3338131FF976447,I_ac,fulfilled
standard_rsp,495,MNO-D,ORDER-86C5DEEC3EBF79CDD2BCB2BD,ACCOUNT-aaa8a913637cc6abf953c714,aura-smdpp.test,479bf25e75c45cf41ae0374ca86efd5988cc70efd0fc8fe985ca83ac0d6d56ba,download,1802345808,PROFILE-b13ede3892f35424fffa,479bf25e75c45cf41ae0374ca86efd5988cc70efd0fc8fe985ca83ac0d6d56ba,12207,MID-87D7CE285B0F71692C5C4106280BBD54,matching_id,fulfilled
aura_rsp,495,MNO-D,ORDER-21E4E646DE020BC91926C21C,ACCOUNT-5e11b5ab0367f0af7d23a0f2,aura-smdpp.test,479bf25e75c45cf41ae0374ca86efd5988cc70efd0fc8fe985ca83ac0d6d56ba,download,1802345808,PROFILE-b13ede3892f35424fffa,479bf25e75c45cf41ae0374ca86efd5988cc70efd0fc8fe985ca83ac0d6d56ba,12207,IAC-7496528F1906017328CEAC2106C0EF75,I_ac,fulfilled
standard_rsp,496,MNO-B,ORDER-84A334571FE890353E85CBA8,ACCOUNT-4dd714cadd89cfdb880bab5f,aura-smdpp.test,90adf306fc5316013029b4e2958a8513e82a674eef000edf62fc72ef13ff6eb9,download,1800234868,PROFILE-a8411f351af0e34d1adb,90adf306fc5316013029b4e2958a8513e82a674eef000edf62fc72ef13ff6eb9,12207,MID-9A469D253035BD2D2B9119CCA3417D60,matching_id,fulfilled
aura_rsp,496,MNO-B,ORDER-B43A5DE3139D3F7DBDE4CCB1,ACCOUNT-3d5eeaeae10fcc649acce8c8,aura-smdpp.test,90adf306fc5316013029b4e2958a8513e82a674eef000edf62fc72ef13ff6eb9,download,1800234868,PROFILE-a8411f351af0e34d1adb,90adf306fc5316013029b4e2958a8513e82a674eef000edf62fc72ef13ff6eb9,12207,IAC-C59F202234B019536D94D95C26562889,I_ac,fulfilled
standard_rsp,497,MNO-C,ORDER-27A2DBB728A918DA71D0F0E6,ACCOUNT-66f0e846d390447b6d09f469,aura-smdpp.test,e064f0f0a1578bb52c79dbf967786d59df4b3fced04d87f81bc2e7df42c39795,download,1801501410,PROFILE-d20d0ab073b9196448c1,e064f0f0a1578bb52c79dbf967786d59df4b3fced04d87f81bc2e7df42c39795,12207,MID-3F6A9BBC39BC7141B0C487DCABDCC6FA,matching_id,fulfilled
aura_rsp,497,MNO-C,ORDER-57FFB0E73B6807F694DDB84E,ACCOUNT-f2ecdb1903d891b253058812,aura-smdpp.test,e064f0f0a1578bb52c79dbf967786d59df4b3fced04d87f81bc2e7df42c39795,download,1801501410,PROFILE-d20d0ab073b9196448c1,e064f0f0a1578bb52c79dbf967786d59df4b3fced04d87f81bc2e7df42c39795,12207,IAC-F07AE68B83F94E8ACB7EB3555AB41183,I_ac,fulfilled
standard_rsp,498,MNO-A,ORDER-4FE70A2474A94C21D330D1AD,ACCOUNT-00a32dc00635695d871c35f1,aura-smdpp.test,64996b6e2e80a9856c829e247a2b709ec350dd18f0295dc4e4575d80b43cae0f,download,1801645739,PROFILE-8d14dbc940f74595e84e,64996b6e2e80a9856c829e247a2b709ec350dd18f0295dc4e4575d80b43cae0f,12207,MID-B8BCBC840BF9B57D5A65D8FA69CB15A7,matching_id,fulfilled
aura_rsp,498,MNO-A,ORDER-B77F3A3FFBFB4C9C913E22BF,ACCOUNT-11b47890b648b39864f9e7eb,aura-smdpp.test,64996b6e2e80a9856c829e247a2b709ec350dd18f0295dc4e4575d80b43cae0f,download,1801645739,PROFILE-8d14dbc940f74595e84e,64996b6e2e80a9856c829e247a2b709ec350dd18f0295dc4e4575d80b43cae0f,12207,IAC-A82A86CD074C51608E52E13B020878A0,I_ac,fulfilled
standard_rsp,499,MNO-D,ORDER-7988FDE6EF3490D2436497C1,ACCOUNT-e80a52caf8f2ff11ff3d4b9b,aura-smdpp.test,d166564e4385fb45be27de2378af0476c4572a9d4ae0576e5931f892d4f57087,download,1801132559,PROFILE-c480232b79c8b8ee62dc,d166564e4385fb45be27de2378af0476c4572a9d4ae0576e5931f892d4f57087,12207,MID-9C5323B3875435CB98AF81EF0A6FE263,matching_id,fulfilled
aura_rsp,499,MNO-D,ORDER-D6741EFEE5F84BCB23B384CE,ACCOUNT-ae610dcd204ec16d269b33ed,aura-smdpp.test,d166564e4385fb45be27de2378af0476c4572a9d4ae0576e5931f892d4f57087,download,1801132559,PROFILE-c480232b79c8b8ee62dc,d166564e4385fb45be27de2378af0476c4572a9d4ae0576e5931f892d4f57087,12207,IAC-E399503A1148CC5AB8DD1A156B91C864,I_ac,fulfilled
standard_rsp,500,MNO-B,ORDER-D7012E35B9E5D272018A2E40,ACCOUNT-2702b696ec6644d0924a5287,aura-smdpp.test,2b8dd4767174431b30100101f63614f0375eb7ec178264af37256d94afe82d20,download,1801142378,PROFILE-04dbc14e211004b05cee,2b8dd4767174431b30100101f63614f0375eb7ec178264af37256d94afe82d20,12207,MID-4E66A3D65239FBF27CE68208C9A3A9FA,matching_id,fulfilled
aura_rsp,500,MNO-B,ORDER-15C8FE90D5A4EC956342C703,ACCOUNT-d17b099739a9daa7fa531968,aura-smdpp.test,2b8dd4767174431b30100101f63614f0375eb7ec178264af37256d94afe82d20,download,1801142378,PROFILE-04dbc14e211004b05cee,2b8dd4767174431b30100101f63614f0375eb7ec178264af37256d94afe82d20,12207,IAC-C2AC055DBD42CC3D1EBA9D9546C4ABF6,I_ac,fulfilled
standard_rsp,501,MNO-B,ORDER-89B738942C84A838E191290D,ACCOUNT-3c898851452a3104a0bc2a04,aura-smdpp.test,adde4300644032213a118a6ec0166993d72cd5eea0044fa3ea3d3d17b5f3f4e6,download,1802314272,PROFILE-4cfc9a27de44f0c22909,adde4300644032213a118a6ec0166993d72cd5eea0044fa3ea3d3d17b5f3f4e6,12207,MID-DAF2E248EEF0E1AC688AC425A7015A94,matching_id,fulfilled
aura_rsp,501,MNO-B,ORDER-149D3E282968DA420539F1C4,ACCOUNT-49959e4e77e690f3fb4ec419,aura-smdpp.test,adde4300644032213a118a6ec0166993d72cd5eea0044fa3ea3d3d17b5f3f4e6,download,1802314272,PROFILE-4cfc9a27de44f0c22909,adde4300644032213a118a6ec0166993d72cd5eea0044fa3ea3d3d17b5f3f4e6,12207,IAC-BB47DC9283FCBC08DE1523FC5B6CCFEE,I_ac,fulfilled
standard_rsp,502,MNO-B,ORDER-5F5F2625A02501B2F677016C,ACCOUNT-568e2243a5aca0689e27815f,aura-smdpp.test,72f474da16da804a6b5815edd72c0eff9cf51ce8f5652398786fc630dc789299,download,1800084973,PROFILE-feb7b27effd1fee77c08,72f474da16da804a6b5815edd72c0eff9cf51ce8f5652398786fc630dc789299,12207,MID-A60D466B1D4F1636244BF2245F4F99C3,matching_id,fulfilled
aura_rsp,502,MNO-B,ORDER-AD7A0529213CE00CB04D3836,ACCOUNT-2baacaa7cacab560ee0c6151,aura-smdpp.test,72f474da16da804a6b5815edd72c0eff9cf51ce8f5652398786fc630dc789299,download,1800084973,PROFILE-feb7b27effd1fee77c08,72f474da16da804a6b5815edd72c0eff9cf51ce8f5652398786fc630dc789299,12207,IAC-6A3EC8A0AD1955EF80EC758FDF739868,I_ac,fulfilled
standard_rsp,503,MNO-A,ORDER-A8F3D923D6006E4DAEC4CDB0,ACCOUNT-3bb36c05cd99cbe72f43c984,aura-smdpp.test,f249a4a0107d3c7fb00494053efd832a149251fa1981494868fa8e9bb6732103,download,1800679857,PROFILE-c6032d4848e7841c4649,f249a4a0107d3c7fb00494053efd832a149251fa1981494868fa8e9bb6732103,12207,MID-B59FF4DF7000C15713AA06E04B990D84,matching_id,fulfilled
aura_rsp,503,MNO-A,ORDER-EE6F813C380636663D80AD99,ACCOUNT-239f7c75fbe82659fc88a4de,aura-smdpp.test,f249a4a0107d3c7fb00494053efd832a149251fa1981494868fa8e9bb6732103,download,1800679857,PROFILE-c6032d4848e7841c4649,f249a4a0107d3c7fb00494053efd832a149251fa1981494868fa8e9bb6732103,12207,IAC-5BE8B8BB9C858B729C5C55C99F4D090F,I_ac,fulfilled
standard_rsp,504,MNO-B,ORDER-2F95730338623E2CD02CF3A5,ACCOUNT-fabc01f198a855619960da04,aura-smdpp.test,57e2efb282a179499bdcc2c29c0e81b4b56f9ca3bfee23227408e4e7cf1b9df1,download,1801756072,PROFILE-ad011ef8dbf7afb37e93,57e2efb282a179499bdcc2c29c0e81b4b56f9ca3bfee23227408e4e7cf1b9df1,12207,MID-990145458819AEE4BB36045A7B78A0C3,matching_id,fulfilled
aura_rsp,504,MNO-B,ORDER-85D1ED159252B94C23DF9649,ACCOUNT-408158925b061e2fcdce0c22,aura-smdpp.test,57e2efb282a179499bdcc2c29c0e81b4b56f9ca3bfee23227408e4e7cf1b9df1,download,1801756072,PROFILE-ad011ef8dbf7afb37e93,57e2efb282a179499bdcc2c29c0e81b4b56f9ca3bfee23227408e4e7cf1b9df1,12207,IAC-CDFE32616E1E076097E7CE255706371E,I_ac,fulfilled
standard_rsp,505,MNO-A,ORDER-5A728364F15FC776BEAA7461,ACCOUNT-c1cf9b45e9120fef19cc836a,aura-smdpp.test,ff16fc11d514d51d4fe47d6462a71e12913fd6358d5936da77cb10284cd237e4,download,1800621178,PROFILE-2243bed57ffda91b6e04,ff16fc11d514d51d4fe47d6462a71e12913fd6358d5936da77cb10284cd237e4,12207,MID-D57B4AA79E8FD2645D4CB7C7C3B5AB61,matching_id,fulfilled
aura_rsp,505,MNO-A,ORDER-56FC50EB6722DBD28B79CAF1,ACCOUNT-5dc73723f4290651ef9533ab,aura-smdpp.test,ff16fc11d514d51d4fe47d6462a71e12913fd6358d5936da77cb10284cd237e4,download,1800621178,PROFILE-2243bed57ffda91b6e04,ff16fc11d514d51d4fe47d6462a71e12913fd6358d5936da77cb10284cd237e4,12207,IAC-D520AA2DDB90725C3D07B9CA1B963A07,I_ac,fulfilled
standard_rsp,506,MNO-D,ORDER-257428BD020450D344E397FC,ACCOUNT-d141d130654f039c0200cd49,aura-smdpp.test,6a9f3f84c6c4128b39212cff104d998fead6291d3d3eda6118665043e1f7eef3,download,1800807396,PROFILE-bb69a6e4c4e9eacfe8fa,6a9f3f84c6c4128b39212cff104d998fead6291d3d3eda6118665043e1f7eef3,12207,MID-12828DDEF34542FA3C7B508EDAF89AD6,matching_id,fulfilled
aura_rsp,506,MNO-D,ORDER-8507704CC1A29D3FF60FAC81,ACCOUNT-53080caba5b65491ded4178b,aura-smdpp.test,6a9f3f84c6c4128b39212cff104d998fead6291d3d3eda6118665043e1f7eef3,download,1800807396,PROFILE-bb69a6e4c4e9eacfe8fa,6a9f3f84c6c4128b39212cff104d998fead6291d3d3eda6118665043e1f7eef3,12207,IAC-1AAF18C4989E4E50F53239CB3560A700,I_ac,fulfilled
standard_rsp,507,MNO-B,ORDER-86A34732B2B4C6242900DC19,ACCOUNT-d1a51a75c0e70c243de85461,aura-smdpp.test,23042bbc58317c263fe55490ac04813916e29e4d4c1e918e615b3b7f3858f531,download,1802059932,PROFILE-12a741cb310488a45083,23042bbc58317c263fe55490ac04813916e29e4d4c1e918e615b3b7f3858f531,12207,MID-DBF4FD9C6175B913A63B5ABED3FCE7CE,matching_id,fulfilled
aura_rsp,507,MNO-B,ORDER-EF41250CE2F0949EBA9DA486,ACCOUNT-2b830b333dfbdf79c82c0a41,aura-smdpp.test,23042bbc58317c263fe55490ac04813916e29e4d4c1e918e615b3b7f3858f531,download,1802059932,PROFILE-12a741cb310488a45083,23042bbc58317c263fe55490ac04813916e29e4d4c1e918e615b3b7f3858f531,12207,IAC-CD59247EFCE24D61A556015D8D30F18F,I_ac,fulfilled
standard_rsp,508,MNO-B,ORDER-F84E5E81CDB7C3CD80E74AAA,ACCOUNT-c3a4f3bb7b0fbfbaae3594bc,aura-smdpp.test,07be684ad4af2538e7edd1663a48a46e90e1bf461520c7160a0b4d493ec935b1,download,1800153029,PROFILE-e723d4468ac9c7186406,07be684ad4af2538e7edd1663a48a46e90e1bf461520c7160a0b4d493ec935b1,12207,MID-0DA5DCB0E574119184B5C2C38792B01D,matching_id,fulfilled
aura_rsp,508,MNO-B,ORDER-31CD28CF0C0A58626C45D083,ACCOUNT-bc9f637bf60b23bb0f7f773c,aura-smdpp.test,07be684ad4af2538e7edd1663a48a46e90e1bf461520c7160a0b4d493ec935b1,download,1800153029,PROFILE-e723d4468ac9c7186406,07be684ad4af2538e7edd1663a48a46e90e1bf461520c7160a0b4d493ec935b1,12207,IAC-29AEDA0B07B69F0E6985494A20EA6ECA,I_ac,fulfilled
standard_rsp,509,MNO-D,ORDER-3682A39EDF68D12337125675,ACCOUNT-7f4524841185336f985c4b5e,aura-smdpp.test,0bf31001b6adf984b9845de88f1f7debac074e74551ec30f51a306e37551db0e,download,1800539347,PROFILE-ff843d15e5abc51f15e9,0bf31001b6adf984b9845de88f1f7debac074e74551ec30f51a306e37551db0e,12207,MID-84278877BBF80A4D21F578F20CBA4D1D,matching_id,fulfilled
aura_rsp,509,MNO-D,ORDER-35DAA09BCF125B144D0E97AF,ACCOUNT-1cb53b849d1b651673bdcb7f,aura-smdpp.test,0bf31001b6adf984b9845de88f1f7debac074e74551ec30f51a306e37551db0e,download,1800539347,PROFILE-ff843d15e5abc51f15e9,0bf31001b6adf984b9845de88f1f7debac074e74551ec30f51a306e37551db0e,12207,IAC-4C992E84A30DF8E12AE1E6E61A70CDC8,I_ac,fulfilled
standard_rsp,510,MNO-D,ORDER-CD9C88823B2FBEDAACC5D2CD,ACCOUNT-57ce4bc5b29858938a1ae9c0,aura-smdpp.test,83855069a716caf864551f5b3dc2aa3ed9cb9c8437afe1afd3b51da31ef978d0,download,1801990690,PROFILE-2f4aa246bf8411822c53,83855069a716caf864551f5b3dc2aa3ed9cb9c8437afe1afd3b51da31ef978d0,12207,MID-77022BD9787AD845410DC4BA08A4E377,matching_id,fulfilled
aura_rsp,510,MNO-D,ORDER-1964CBE1A02F7FC900E7F5A0,ACCOUNT-6e2c542501cc314d8df8b596,aura-smdpp.test,83855069a716caf864551f5b3dc2aa3ed9cb9c8437afe1afd3b51da31ef978d0,download,1801990690,PROFILE-2f4aa246bf8411822c53,83855069a716caf864551f5b3dc2aa3ed9cb9c8437afe1afd3b51da31ef978d0,12207,IAC-595E61F7EA04A2B09BC75A4A54511520,I_ac,fulfilled
standard_rsp,511,MNO-D,ORDER-E0F899A706A8A9150D1C507F,ACCOUNT-faa7468a59e4b5337633375b,aura-smdpp.test,338ea40a0ea96d950a965c11c831da4d50d3f59586aa97ff3fa66d5e282ce976,download,1802559199,PROFILE-0b6b0e8c6b9a5137269e,338ea40a0ea96d950a965c11c831da4d50d3f59586aa97ff3fa66d5e282ce976,12207,MID-6B12B013A8C43EE32AD77DFE3F47EDFD,matching_id,fulfilled
aura_rsp,511,MNO-D,ORDER-12D28471F9EA0DECBE04F7C1,ACCOUNT-bcde6fdc1d07e44e2e2efd83,aura-smdpp.test,338ea40a0ea96d950a965c11c831da4d50d3f59586aa97ff3fa66d5e282ce976,download,1802559199,PROFILE-0b6b0e8c6b9a5137269e,338ea40a0ea96d950a965c11c831da4d50d3f59586aa97ff3fa66d5e282ce976,12207,IAC-A680553735355EC85783DA2CB696FA07,I_ac,fulfilled
standard_rsp,512,MNO-A,ORDER-12DCD5B16633A8FCC50305DE,ACCOUNT-ca2e9438570cb7a01537b746,aura-smdpp.test,8587f0ed88b8a5cd7a078f68029b891519bece078563ba063e9149913bbeba5d,download,1801509865,PROFILE-dd1710bf6262c216a27a,8587f0ed88b8a5cd7a078f68029b891519bece078563ba063e9149913bbeba5d,12207,MID-0258DEC1F976C3268533BC94EBD128FC,matching_id,fulfilled
aura_rsp,512,MNO-A,ORDER-D34E0FEE62D38532D8A1A19B,ACCOUNT-aa6dc93a93363655146f21ce,aura-smdpp.test,8587f0ed88b8a5cd7a078f68029b891519bece078563ba063e9149913bbeba5d,download,1801509865,PROFILE-dd1710bf6262c216a27a,8587f0ed88b8a5cd7a078f68029b891519bece078563ba063e9149913bbeba5d,12207,IAC-321B1B4CF0C8B2064A823E8418F431BE,I_ac,fulfilled
standard_rsp,513,MNO-B,ORDER-4D35B28F575C3D284263FF5B,ACCOUNT-0841d3bd9b012e6882a9a81d,aura-smdpp.test,35e3e92a416d0c9dcc0f1721a169c74d53ed24fe272803c8274d9608e68c9652,download,1801659134,PROFILE-c8c68fe991904253996d,35e3e92a416d0c9dcc0f1721a169c74d53ed24fe272803c8274d9608e68c9652,12207,MID-B8A27A72DED1338E4E70424559076BF6,matching_id,fulfilled
aura_rsp,513,MNO-B,ORDER-D5A0B0E76C3EE180AE8A1E17,ACCOUNT-a9fd6a73588c853d6831c3b9,aura-smdpp.test,35e3e92a416d0c9dcc0f1721a169c74d53ed24fe272803c8274d9608e68c9652,download,1801659134,PROFILE-c8c68fe991904253996d,35e3e92a416d0c9dcc0f1721a169c74d53ed24fe272803c8274d9608e68c9652,12207,IAC-EFB45417E568B8F00E8300BCF21B139E,I_ac,fulfilled
standard_rsp,514,MNO-B,ORDER-AEB639F4781C1410448ABE9C,ACCOUNT-27e3976b009e4dd950a53645,aura-smdpp.test,b37f0e53ba1ab09ce93c4e655e6687e06baf50b6a5ac07e4ad6c9fca69b8d37e,download,1802329613,PROFILE-0baee2378c7e38a2755d,b37f0e53ba1ab09ce93c4e655e6687e06baf50b6a5ac07e4ad6c9fca69b8d37e,12207,MID-46E3848EBA91374015FF93C5FFF1FBD1,matching_id,fulfilled
aura_rsp,514,MNO-B,ORDER-F373FEFB75885D07DB953946,ACCOUNT-3e5bbdc4d4cba8e57f3ec099,aura-smdpp.test,b37f0e53ba1ab09ce93c4e655e6687e06baf50b6a5ac07e4ad6c9fca69b8d37e,download,1802329613,PROFILE-0baee2378c7e38a2755d,b37f0e53ba1ab09ce93c4e655e6687e06baf50b6a5ac07e4ad6c9fca69b8d37e,12207,IAC-76DA5D5A137484892B693DFA31766E0D,I_ac,fulfilled
standard_rsp,515,MNO-A,ORDER-8C4155D49B7136E78BB3763E,ACCOUNT-1c91e974e0fa32c00bf0d500,aura-smdpp.test,b98d8e96f66247e975d573c9ab24bdd9a3a44c335c40db18e287a26622d2f38b,download,1801712696,PROFILE-fddfce0dd034180b57bd,b98d8e96f66247e975d573c9ab24bdd9a3a44c335c40db18e287a26622d2f38b,12207,MID-AB8C2F10E2547B89AED3E1A3A0857D6C,matching_id,fulfilled
aura_rsp,515,MNO-A,ORDER-9F3980E862F5216775F60FEA,ACCOUNT-06b4c6cf23612877335032a9,aura-smdpp.test,b98d8e96f66247e975d573c9ab24bdd9a3a44c335c40db18e287a26622d2f38b,download,1801712696,PROFILE-fddfce0dd034180b57bd,b98d8e96f66247e975d573c9ab24bdd9a3a44c335c40db18e287a26622d2f38b,12207,IAC-C7F6CDAF030D7A90887392C65FED30E1,I_ac,fulfilled
standard_rsp,516,MNO-D,ORDER-97B8B502989CC4CDDEA78FBB,ACCOUNT-d1a0fc10184c3da504dfdfc3,aura-smdpp.test,4c0f72e70576c2d9d79b54720eaaf1b8bceb890db83409c4f2e87281a5e2e9be,download,1801432866,PROFILE-2cd114416e826d76718d,4c0f72e70576c2d9d79b54720eaaf1b8bceb890db83409c4f2e87281a5e2e9be,12207,MID-7049F54D0C245861109C67EBD68781A5,matching_id,fulfilled
aura_rsp,516,MNO-D,ORDER-DF67C7EDEADE062453ED68B4,ACCOUNT-10652075783c106d9d240dc1,aura-smdpp.test,4c0f72e70576c2d9d79b54720eaaf1b8bceb890db83409c4f2e87281a5e2e9be,download,1801432866,PROFILE-2cd114416e826d76718d,4c0f72e70576c2d9d79b54720eaaf1b8bceb890db83409c4f2e87281a5e2e9be,12207,IAC-688860054BF619558C29FCF25686F533,I_ac,fulfilled
standard_rsp,517,MNO-D,ORDER-9BF5F2B73BE0A8147A33CFBD,ACCOUNT-5ec27d5cb9112d0e3f9feb7c,aura-smdpp.test,07f644c9a358e49e1eddde55b4a5bddb6e20c25602b6fc3657a75d17e7eae595,download,1801484522,PROFILE-e14f7f7f4af3890be149,07f644c9a358e49e1eddde55b4a5bddb6e20c25602b6fc3657a75d17e7eae595,12207,MID-42227DCA59D8AF90E3FD078E7E472DDE,matching_id,fulfilled
aura_rsp,517,MNO-D,ORDER-E37DDE26462398E0B841EF35,ACCOUNT-ee4f4fdd548f46a4ac5944fb,aura-smdpp.test,07f644c9a358e49e1eddde55b4a5bddb6e20c25602b6fc3657a75d17e7eae595,download,1801484522,PROFILE-e14f7f7f4af3890be149,07f644c9a358e49e1eddde55b4a5bddb6e20c25602b6fc3657a75d17e7eae595,12207,IAC-4ED7EADB7544CF6F0CEC6C652B5CEE44,I_ac,fulfilled
standard_rsp,518,MNO-C,ORDER-8EA0DB5FAE06782FDA424636,ACCOUNT-86de976608afb5ba010c5c5c,aura-smdpp.test,4bca51f38b7a80c17d69092b4f4288e3180f24cfaa60ebe3f09170a87bb918a6,download,1802288816,PROFILE-668bbcac7c6d3de3504d,4bca51f38b7a80c17d69092b4f4288e3180f24cfaa60ebe3f09170a87bb918a6,12207,MID-4C5B1861DDCC7F756886FD988468CE06,matching_id,fulfilled
aura_rsp,518,MNO-C,ORDER-7DC95DF1E61280A7EF27319B,ACCOUNT-594b3b315b68041ccf2cdf9c,aura-smdpp.test,4bca51f38b7a80c17d69092b4f4288e3180f24cfaa60ebe3f09170a87bb918a6,download,1802288816,PROFILE-668bbcac7c6d3de3504d,4bca51f38b7a80c17d69092b4f4288e3180f24cfaa60ebe3f09170a87bb918a6,12207,IAC-BC8892A0AD271538B980E28D64A4667C,I_ac,fulfilled
standard_rsp,519,MNO-A,ORDER-C8E2C78BBEC337B0C494B3D2,ACCOUNT-1eb5299e92aa0f79fee4e556,aura-smdpp.test,78ca233edf157f5c1a2b303ccc9c98b9fe52c641a66d1e38885c5a113cfafe51,download,1801913502,PROFILE-46c3a96558d06f28739d,78ca233edf157f5c1a2b303ccc9c98b9fe52c641a66d1e38885c5a113cfafe51,12207,MID-295CCEE83819CE28EB2EC1F6C69FE223,matching_id,fulfilled
aura_rsp,519,MNO-A,ORDER-AE2760C504986EB7E2A11D39,ACCOUNT-5fcd77e21c926811bb7488df,aura-smdpp.test,78ca233edf157f5c1a2b303ccc9c98b9fe52c641a66d1e38885c5a113cfafe51,download,1801913502,PROFILE-46c3a96558d06f28739d,78ca233edf157f5c1a2b303ccc9c98b9fe52c641a66d1e38885c5a113cfafe51,12207,IAC-0ABC2E9F74E7087B3C39E76ACCAF7855,I_ac,fulfilled
standard_rsp,520,MNO-A,ORDER-A61623E6E6027D2AD346AB22,ACCOUNT-df7e29d8b399778d9bd80d5c,aura-smdpp.test,4844d83614b6aa04f7020d4b36e350af797d336e22fb784cf816f5a11bfdcc9f,download,1800633290,PROFILE-01c3690132ce3daee1f0,4844d83614b6aa04f7020d4b36e350af797d336e22fb784cf816f5a11bfdcc9f,12207,MID-776E7EE84C9C448CF7681EE0343BF4FB,matching_id,fulfilled
aura_rsp,520,MNO-A,ORDER-E48EDE1C356A05BBB0498F9B,ACCOUNT-961b8df3446f0567acee0ebc,aura-smdpp.test,4844d83614b6aa04f7020d4b36e350af797d336e22fb784cf816f5a11bfdcc9f,download,1800633290,PROFILE-01c3690132ce3daee1f0,4844d83614b6aa04f7020d4b36e350af797d336e22fb784cf816f5a11bfdcc9f,12207,IAC-B9B47D1D662AB35B82F6B989CF3A8CCF,I_ac,fulfilled
standard_rsp,521,MNO-D,ORDER-A0C700B4B537175F94938549,ACCOUNT-7394c4fe00c264c7ce1f36b3,aura-smdpp.test,d6a1d07240eb3e3f5b705d3b5cf1e23e1941ceb73c9e959ba593a01dc22007ee,download,1800102586,PROFILE-f5944d3b87a5818ce67e,d6a1d07240eb3e3f5b705d3b5cf1e23e1941ceb73c9e959ba593a01dc22007ee,12207,MID-99339F82BE254D63B671AEE0C7E25FFD,matching_id,fulfilled
aura_rsp,521,MNO-D,ORDER-00A4032271FD96B68D5C17B0,ACCOUNT-439a710669f89d8917c6dee9,aura-smdpp.test,d6a1d07240eb3e3f5b705d3b5cf1e23e1941ceb73c9e959ba593a01dc22007ee,download,1800102586,PROFILE-f5944d3b87a5818ce67e,d6a1d07240eb3e3f5b705d3b5cf1e23e1941ceb73c9e959ba593a01dc22007ee,12207,IAC-2787E011B0679F1A9AE9EFBA786A904B,I_ac,fulfilled
standard_rsp,522,MNO-D,ORDER-811C0B2FE8B3FEDF807341F6,ACCOUNT-6fa35ed9197650c51bdd809c,aura-smdpp.test,1bf95e05207a3df0a3a360e5b76303cf8f396c68ea1311c596aca0aac18fd66b,download,1802189143,PROFILE-e6bb105e7df0468c5f2c,1bf95e05207a3df0a3a360e5b76303cf8f396c68ea1311c596aca0aac18fd66b,12207,MID-F7526C8999F5D6A7521AEF1D25FD96C6,matching_id,fulfilled
aura_rsp,522,MNO-D,ORDER-ABCDAB9E343C97A78B8459AE,ACCOUNT-68cbd571c5842696dbcd846f,aura-smdpp.test,1bf95e05207a3df0a3a360e5b76303cf8f396c68ea1311c596aca0aac18fd66b,download,1802189143,PROFILE-e6bb105e7df0468c5f2c,1bf95e05207a3df0a3a360e5b76303cf8f396c68ea1311c596aca0aac18fd66b,12207,IAC-6858AF527DEF58D90D0870E7930BCEB0,I_ac,fulfilled
standard_rsp,523,MNO-A,ORDER-24DECB55EF6AC06C5B3A9468,ACCOUNT-d489b3b7bec0415ce30da238,aura-smdpp.test,60b06c1b24b43dbdf8cc1ccca6b61e535688b912e473e19d7d3d0916b3a4338a,download,1801481113,PROFILE-0dd19301131b3078df6c,60b06c1b24b43dbdf8cc1ccca6b61e535688b912e473e19d7d3d0916b3a4338a,12207,MID-5824CAAE0A9CF799A04A9CFE042AF9B0,matching_id,fulfilled
aura_rsp,523,MNO-A,ORDER-F997E255378CF70065444EF8,ACCOUNT-c510fdb7c08c3706aed7768b,aura-smdpp.test,60b06c1b24b43dbdf8cc1ccca6b61e535688b912e473e19d7d3d0916b3a4338a,download,1801481113,PROFILE-0dd19301131b3078df6c,60b06c1b24b43dbdf8cc1ccca6b61e535688b912e473e19d7d3d0916b3a4338a,12207,IAC-B95839CD0F87633C2B683C7EE8A72A16,I_ac,fulfilled
standard_rsp,524,MNO-C,ORDER-1CBBCC7DDBFE7E88D5C7FF7E,ACCOUNT-844053ec1162563d04dc102d,aura-smdpp.test,182c1f9dd24ebe6d8fb62635c696c242dce129148444ac0c4b37dd108eb9d426,download,1801895428,PROFILE-d5268c84bd9998d7cf5e,182c1f9dd24ebe6d8fb62635c696c242dce129148444ac0c4b37dd108eb9d426,12207,MID-48391ACFF9A22CFA7FD8E58A798A8BA3,matching_id,fulfilled
aura_rsp,524,MNO-C,ORDER-F6CE86A1FB41410A9C8CF2A6,ACCOUNT-f09f71418f098e167b9002d8,aura-smdpp.test,182c1f9dd24ebe6d8fb62635c696c242dce129148444ac0c4b37dd108eb9d426,download,1801895428,PROFILE-d5268c84bd9998d7cf5e,182c1f9dd24ebe6d8fb62635c696c242dce129148444ac0c4b37dd108eb9d426,12207,IAC-A109CB4435AA40298D49EBE1349D177C,I_ac,fulfilled
standard_rsp,525,MNO-C,ORDER-F71B8DFAFEE73E83495A9075,ACCOUNT-25fb779bc6f79c00ea4ca492,aura-smdpp.test,453540a0d7dfba517464abccd49b15920a036921f3de01728a2a019e765d2c26,download,1800996291,PROFILE-5a847d498a78dc2770aa,453540a0d7dfba517464abccd49b15920a036921f3de01728a2a019e765d2c26,12207,MID-C3E18CD310D8F11E20C9118CE4F46233,matching_id,fulfilled
aura_rsp,525,MNO-C,ORDER-513F028CDEF0FD07D96E5201,ACCOUNT-3a2898c6c07a0aeca955cb8d,aura-smdpp.test,453540a0d7dfba517464abccd49b15920a036921f3de01728a2a019e765d2c26,download,1800996291,PROFILE-5a847d498a78dc2770aa,453540a0d7dfba517464abccd49b15920a036921f3de01728a2a019e765d2c26,12207,IAC-EDD2D9A34A2FDFF1E8A764A52954AD6C,I_ac,fulfilled
standard_rsp,526,MNO-B,ORDER-B52F04D0A6D8EBED1BCC2A6E,ACCOUNT-2392294cb781f0dd1986681f,aura-smdpp.test,756b9901c6ee0a509075dc02354e4e7690beff1b669aa1226e0ca760bce79065,download,1801987194,PROFILE-25fd3e2ac65003133bb4,756b9901c6ee0a509075dc02354e4e7690beff1b669aa1226e0ca760bce79065,12207,MID-840E9EA9B0C9627299D151B4626BA925,matching_id,fulfilled
aura_rsp,526,MNO-B,ORDER-B02A2F042C55AE76B712420C,ACCOUNT-e72b7e1abaaca74e3c87deed,aura-smdpp.test,756b9901c6ee0a509075dc02354e4e7690beff1b669aa1226e0ca760bce79065,download,1801987194,PROFILE-25fd3e2ac65003133bb4,756b9901c6ee0a509075dc02354e4e7690beff1b669aa1226e0ca760bce79065,12207,IAC-C55F2EC9D1D8C74F68B991E020B4484D,I_ac,fulfilled
standard_rsp,527,MNO-B,ORDER-20658FD117E8C91BAF3C93AC,ACCOUNT-e44f8b378015d019636978d8,aura-smdpp.test,bdc4e16d115150c645cd04cb35f07c4c94029c65c795ee63abf21688ff743d49,download,1801019232,PROFILE-f900dcf61bf1dfd88c9b,bdc4e16d115150c645cd04cb35f07c4c94029c65c795ee63abf21688ff743d49,12207,MID-A86BFFB6823D8AE8F374651D94FA35EA,matching_id,fulfilled
aura_rsp,527,MNO-B,ORDER-1B582C43CEFA5CCB4D43B175,ACCOUNT-90052fec64ff231bf318cfb3,aura-smdpp.test,bdc4e16d115150c645cd04cb35f07c4c94029c65c795ee63abf21688ff743d49,download,1801019232,PROFILE-f900dcf61bf1dfd88c9b,bdc4e16d115150c645cd04cb35f07c4c94029c65c795ee63abf21688ff743d49,12207,IAC-989C9344218BCF339617C045DC579568,I_ac,fulfilled
standard_rsp,528,MNO-C,ORDER-9333C096A8357C9C355DA012,ACCOUNT-c4542d495f02a7abde999f73,aura-smdpp.test,697e9ec9b5a63982cfc5f71c727afeb95806482c38def2b36fdeea2c0775fe9d,download,1800334612,PROFILE-e478f38cb6f44e37717a,697e9ec9b5a63982cfc5f71c727afeb95806482c38def2b36fdeea2c0775fe9d,12207,MID-DC56E6C04FADE6985BCA3BA90C022B11,matching_id,fulfilled
aura_rsp,528,MNO-C,ORDER-846ABB2B6334D9936675CADD,ACCOUNT-ba2130bff73e71a1dadf9566,aura-smdpp.test,697e9ec9b5a63982cfc5f71c727afeb95806482c38def2b36fdeea2c0775fe9d,download,1800334612,PROFILE-e478f38cb6f44e37717a,697e9ec9b5a63982cfc5f71c727afeb95806482c38def2b36fdeea2c0775fe9d,12207,IAC-3D6EDB83FE15F6E82B2E54288D67B685,I_ac,fulfilled
standard_rsp,529,MNO-D,ORDER-271D1245A1C7D6D4DCF3D100,ACCOUNT-265ffd5d83a2e1e47bcf8902,aura-smdpp.test,ea115561824022a83d71da8d19381187e0327d8f96d839cbff089027e5655c9a,download,1800256150,PROFILE-67af6333a4dcd14047c5,ea115561824022a83d71da8d19381187e0327d8f96d839cbff089027e5655c9a,12207,MID-6A8B6D5627146CDFB518D828A8365C1F,matching_id,fulfilled
aura_rsp,529,MNO-D,ORDER-D4117A6D8E619B6CF063556B,ACCOUNT-4b4d4f3e8a588b0f48c4e4bc,aura-smdpp.test,ea115561824022a83d71da8d19381187e0327d8f96d839cbff089027e5655c9a,download,1800256150,PROFILE-67af6333a4dcd14047c5,ea115561824022a83d71da8d19381187e0327d8f96d839cbff089027e5655c9a,12207,IAC-1A6BCBB1C835AEDC0ACFB1F8377F4B3B,I_ac,fulfilled
standard_rsp,530,MNO-D,ORDER-90E15F4336AB26DB8289315C,ACCOUNT-0a38146ae72685e706f231f1,aura-smdpp.test,ad78a65cc23bfa3e436d030a49317353f7fc87d7d790ee18f6cd06204be32f9a,download,1800163547,PROFILE-ab3c6a1978e261edd548,ad78a65cc23bfa3e436d030a49317353f7fc87d7d790ee18f6cd06204be32f9a,12207,MID-5F31BBAF9F5486FB680AD841011CCE0C,matching_id,fulfilled
aura_rsp,530,MNO-D,ORDER-81328DF013AA2A279109A1BD,ACCOUNT-98a0773ff2600eaa7af663df,aura-smdpp.test,ad78a65cc23bfa3e436d030a49317353f7fc87d7d790ee18f6cd06204be32f9a,download,1800163547,PROFILE-ab3c6a1978e261edd548,ad78a65cc23bfa3e436d030a49317353f7fc87d7d790ee18f6cd06204be32f9a,12207,IAC-F2D9C9D910CC85B82716BEED625F8513,I_ac,fulfilled
standard_rsp,531,MNO-A,ORDER-364AFDC161D50F7D8D1B60A3,ACCOUNT-a3a1576c2a79872f936ec02d,aura-smdpp.test,18c7e9a9387b1a377ad219d64117c88f67a74539918c9023654ef641d1aa76d8,download,1801806144,PROFILE-eb161bbc1444523f475b,18c7e9a9387b1a377ad219d64117c88f67a74539918c9023654ef641d1aa76d8,12207,MID-A98AB6F5F1962169214F60C82853D41C,matching_id,fulfilled
aura_rsp,531,MNO-A,ORDER-03F46C5EAE0740A850D9E067,ACCOUNT-b5a76ca162df831a9f24b689,aura-smdpp.test,18c7e9a9387b1a377ad219d64117c88f67a74539918c9023654ef641d1aa76d8,download,1801806144,PROFILE-eb161bbc1444523f475b,18c7e9a9387b1a377ad219d64117c88f67a74539918c9023654ef641d1aa76d8,12207,IAC-62D15E3D07DACBCF792815E94C980885,I_ac,fulfilled
standard_rsp,532,MNO-D,ORDER-CE83FC93EC7FAE7C13A00A3C,ACCOUNT-068af605a188170930c4fee6,aura-smdpp.test,f2635d982ee2c5480761b648a27e7c2a77c7f148e9af8d00695de9cd31175761,download,1800685264,PROFILE-fbd9b16c3aaca1aea6a7,f2635d982ee2c5480761b648a27e7c2a77c7f148e9af8d00695de9cd31175761,12207,MID-ABF54B5C7E72D3855EFEEB1BB33C871C,matching_id,fulfilled
aura_rsp,532,MNO-D,ORDER-CE423C64217234E1F634FB50,ACCOUNT-a3c5898b0a2c071214876c97,aura-smdpp.test,f2635d982ee2c5480761b648a27e7c2a77c7f148e9af8d00695de9cd31175761,download,1800685264,PROFILE-fbd9b16c3aaca1aea6a7,f2635d982ee2c5480761b648a27e7c2a77c7f148e9af8d00695de9cd31175761,12207,IAC-2ABE22368C8AAD0AA647CB1E8A2FD747,I_ac,fulfilled
standard_rsp,533,MNO-A,ORDER-03F5291BC6EF098151423FF0,ACCOUNT-918a16a00d9940301633bddf,aura-smdpp.test,ea9027b8c77f0f5b7a235745f106486772805968ba6144f7a372b039ccd7b349,download,1800379731,PROFILE-c601a1de52c609daf566,ea9027b8c77f0f5b7a235745f106486772805968ba6144f7a372b039ccd7b349,12207,MID-9A387EB227BE2C2FCFB0EFA72BF87314,matching_id,fulfilled
aura_rsp,533,MNO-A,ORDER-79EF946B1DFFD2D319F91CA3,ACCOUNT-ae27aee751e7f4632fc0db88,aura-smdpp.test,ea9027b8c77f0f5b7a235745f106486772805968ba6144f7a372b039ccd7b349,download,1800379731,PROFILE-c601a1de52c609daf566,ea9027b8c77f0f5b7a235745f106486772805968ba6144f7a372b039ccd7b349,12207,IAC-B76479ABE965F6753519504AFAD4846B,I_ac,fulfilled
standard_rsp,534,MNO-A,ORDER-BB402A453ECE641302B21469,ACCOUNT-2508904eaa3993f8f90b0ee1,aura-smdpp.test,81cc82b21d648e74ad83f1e8293acd7b4196af4e7653605555c1a74e85c3b549,download,1802321459,PROFILE-c1f3983778e9b7224cc1,81cc82b21d648e74ad83f1e8293acd7b4196af4e7653605555c1a74e85c3b549,12207,MID-E0941B19351446689D212F6355571EF6,matching_id,fulfilled
aura_rsp,534,MNO-A,ORDER-8A1C0A1F1979DDF1C5B7894D,ACCOUNT-cf6d8e82374951dd32564d7e,aura-smdpp.test,81cc82b21d648e74ad83f1e8293acd7b4196af4e7653605555c1a74e85c3b549,download,1802321459,PROFILE-c1f3983778e9b7224cc1,81cc82b21d648e74ad83f1e8293acd7b4196af4e7653605555c1a74e85c3b549,12207,IAC-44B98CC899165270D78944B3FEECA25E,I_ac,fulfilled
standard_rsp,535,MNO-C,ORDER-6394852E681AA0A611427ED2,ACCOUNT-df1a0582aa79c2ef0e7e3326,aura-smdpp.test,f0bffb1d7393f54f02ba1b5139011987741e48f74d4de1f4bc4119cec9f42dc6,download,1800982936,PROFILE-77638517f9f3e21637c4,f0bffb1d7393f54f02ba1b5139011987741e48f74d4de1f4bc4119cec9f42dc6,12207,MID-37311E4AF9E790783FEDC26FFD3CE285,matching_id,fulfilled
aura_rsp,535,MNO-C,ORDER-D4169F8B4CEA6294EC954B57,ACCOUNT-e8393a5df26aad77615c33ba,aura-smdpp.test,f0bffb1d7393f54f02ba1b5139011987741e48f74d4de1f4bc4119cec9f42dc6,download,1800982936,PROFILE-77638517f9f3e21637c4,f0bffb1d7393f54f02ba1b5139011987741e48f74d4de1f4bc4119cec9f42dc6,12207,IAC-EC1E7193108D93D6EB3F8125A5F84209,I_ac,fulfilled
standard_rsp,536,MNO-B,ORDER-42C6197B0117E1D7B8CD3EA8,ACCOUNT-7ca132cd9eda54bd0a34a37f,aura-smdpp.test,c34fd0b7fb345b236573d31331c5b9ad58a61dc37c2ff515048557a9342fa503,download,1800599970,PROFILE-5f5545e767edfa3d4b22,c34fd0b7fb345b236573d31331c5b9ad58a61dc37c2ff515048557a9342fa503,12207,MID-5A297CEF522DF9B9A8E69324279DEC76,matching_id,fulfilled
aura_rsp,536,MNO-B,ORDER-C01BA637AA1FC105128CBA5F,ACCOUNT-cf126c26191a87a3a12b725e,aura-smdpp.test,c34fd0b7fb345b236573d31331c5b9ad58a61dc37c2ff515048557a9342fa503,download,1800599970,PROFILE-5f5545e767edfa3d4b22,c34fd0b7fb345b236573d31331c5b9ad58a61dc37c2ff515048557a9342fa503,12207,IAC-FDB7DD33F43313A0290C043B6CBAD46A,I_ac,fulfilled
standard_rsp,537,MNO-B,ORDER-DDBC8BA062832573FC243957,ACCOUNT-d02eb743a8b5ea66dcfc4ca8,aura-smdpp.test,25437af1d7ab2f28a880558ed56f1d20bef6826ff548b9f43702e5277bca2002,download,1800820584,PROFILE-b226d88e03c27eba0a25,25437af1d7ab2f28a880558ed56f1d20bef6826ff548b9f43702e5277bca2002,12207,MID-30FED1E3E41E386FFCAB32BF4E72ECB8,matching_id,fulfilled
aura_rsp,537,MNO-B,ORDER-7D88E390987EA01CB349D4E7,ACCOUNT-6300dcb76e7b3ead119c0d85,aura-smdpp.test,25437af1d7ab2f28a880558ed56f1d20bef6826ff548b9f43702e5277bca2002,download,1800820584,PROFILE-b226d88e03c27eba0a25,25437af1d7ab2f28a880558ed56f1d20bef6826ff548b9f43702e5277bca2002,12207,IAC-468D6E6EDBF7672C3E57CE62CF2B495D,I_ac,fulfilled
standard_rsp,538,MNO-D,ORDER-691E079BE787CED47FF31712,ACCOUNT-54b8fea978dd70bb85c167f1,aura-smdpp.test,753ba91bd1933e9dc9f89753a1e6a8a7b42733f56b240c34ec7562065767daa4,download,1802050949,PROFILE-4e174c46c889074563e8,753ba91bd1933e9dc9f89753a1e6a8a7b42733f56b240c34ec7562065767daa4,12207,MID-9CAC82CB11DA2D71706ED368A8B9F1BD,matching_id,fulfilled
aura_rsp,538,MNO-D,ORDER-E5F95AFDEA3E6833F134C186,ACCOUNT-4a56fe54364223cfca668191,aura-smdpp.test,753ba91bd1933e9dc9f89753a1e6a8a7b42733f56b240c34ec7562065767daa4,download,1802050949,PROFILE-4e174c46c889074563e8,753ba91bd1933e9dc9f89753a1e6a8a7b42733f56b240c34ec7562065767daa4,12207,IAC-33B4B85C6CA92A6336648AB53DF783EA,I_ac,fulfilled
standard_rsp,539,MNO-C,ORDER-82448AE21B24AFC54FDF14F4,ACCOUNT-b3cce1adfac84035dd45a821,aura-smdpp.test,904b61d738bbc58a8a55379b701c3ab3ef4cd68b73543b47106cabcdf49a39bf,download,1801975193,PROFILE-55d49d3e2e58abb220b2,904b61d738bbc58a8a55379b701c3ab3ef4cd68b73543b47106cabcdf49a39bf,12207,MID-1241B071A545EA22C36C2670A395975B,matching_id,fulfilled
aura_rsp,539,MNO-C,ORDER-2E2E1BF76CDAF2542B2E1F89,ACCOUNT-8e401cf19e9ee2c677b2cabf,aura-smdpp.test,904b61d738bbc58a8a55379b701c3ab3ef4cd68b73543b47106cabcdf49a39bf,download,1801975193,PROFILE-55d49d3e2e58abb220b2,904b61d738bbc58a8a55379b701c3ab3ef4cd68b73543b47106cabcdf49a39bf,12207,IAC-04A91D4FC52E87C6D0A6628F739743ED,I_ac,fulfilled
standard_rsp,540,MNO-B,ORDER-AB27BA850F08AF045B3BB87F,ACCOUNT-d6dd72b557a8069d48129416,aura-smdpp.test,a111b45dfda065799e6c140563fba4044dbc0901860a16e2572284c1f2a56811,download,1802341545,PROFILE-264a00683b64629d08a7,a111b45dfda065799e6c140563fba4044dbc0901860a16e2572284c1f2a56811,12207,MID-8E6A9E007B10D3E6B70B86BF610D1FDC,matching_id,fulfilled
aura_rsp,540,MNO-B,ORDER-C861793FF565BEF0A158A3F9,ACCOUNT-38122551c47522d65cceca29,aura-smdpp.test,a111b45dfda065799e6c140563fba4044dbc0901860a16e2572284c1f2a56811,download,1802341545,PROFILE-264a00683b64629d08a7,a111b45dfda065799e6c140563fba4044dbc0901860a16e2572284c1f2a56811,12207,IAC-AF37A8FA4AC8BDB18FF8B0D5A051C9CC,I_ac,fulfilled
standard_rsp,541,MNO-D,ORDER-6844495703E133EF48317617,ACCOUNT-1c909b1265330b1d303c87cd,aura-smdpp.test,a8a143e23bdfc07949cbc47b4395aa715aa0e959e14fdf2cedd443df484978c8,download,1801084561,PROFILE-e9f1287b8f7630ba7ad3,a8a143e23bdfc07949cbc47b4395aa715aa0e959e14fdf2cedd443df484978c8,12207,MID-50CDD90BE78953C958C162C6EB899BF3,matching_id,fulfilled
aura_rsp,541,MNO-D,ORDER-B222480513091A4815A44FFC,ACCOUNT-5075f3f271064a758d28f3a6,aura-smdpp.test,a8a143e23bdfc07949cbc47b4395aa715aa0e959e14fdf2cedd443df484978c8,download,1801084561,PROFILE-e9f1287b8f7630ba7ad3,a8a143e23bdfc07949cbc47b4395aa715aa0e959e14fdf2cedd443df484978c8,12207,IAC-19B0CC2BB88A4389762BA8216D354F19,I_ac,fulfilled
standard_rsp,542,MNO-B,ORDER-1809C62F52BB5A12DF085A83,ACCOUNT-23a4596b5675defca3354049,aura-smdpp.test,2d237c86f62d936f2fcf7cf1990c86b161ce9f557d881172f6f799f3b8786e12,download,1800801506,PROFILE-6deae58425ed6cf86b57,2d237c86f62d936f2fcf7cf1990c86b161ce9f557d881172f6f799f3b8786e12,12207,MID-FF756D4B06E54D356064FECEC02DEA3A,matching_id,fulfilled
aura_rsp,542,MNO-B,ORDER-C338BD5D6E5BA42648249D5B,ACCOUNT-a19da31e0b34392d6e639c03,aura-smdpp.test,2d237c86f62d936f2fcf7cf1990c86b161ce9f557d881172f6f799f3b8786e12,download,1800801506,PROFILE-6deae58425ed6cf86b57,2d237c86f62d936f2fcf7cf1990c86b161ce9f557d881172f6f799f3b8786e12,12207,IAC-CBDB9245D6996AD38CDBD4FE722547C9,I_ac,fulfilled
standard_rsp,543,MNO-D,ORDER-48CE26F4ED1CD0DCD092BAC3,ACCOUNT-207a57c5eadd872a09c5d3f2,aura-smdpp.test,748e3c6177e75c7e416eb3244e6c2584d4cbf385b87dadb97548f38b048daa48,download,1800218063,PROFILE-15d0e190a07d82e06ff3,748e3c6177e75c7e416eb3244e6c2584d4cbf385b87dadb97548f38b048daa48,12207,MID-72FCDCAFD762516B6A71213308D49464,matching_id,fulfilled
aura_rsp,543,MNO-D,ORDER-4EBE8F21FD1BCDD1342355F6,ACCOUNT-ab80a94759203a7812033d93,aura-smdpp.test,748e3c6177e75c7e416eb3244e6c2584d4cbf385b87dadb97548f38b048daa48,download,1800218063,PROFILE-15d0e190a07d82e06ff3,748e3c6177e75c7e416eb3244e6c2584d4cbf385b87dadb97548f38b048daa48,12207,IAC-3BF2FFF3530F4437A81D2DE25C653C7B,I_ac,fulfilled
standard_rsp,544,MNO-C,ORDER-9FCC8327B5720CA60E55E51A,ACCOUNT-ddea3c77b2aa1c80128afcc1,aura-smdpp.test,5a4a82cda56d8997f3054dbcef2fb258f387480e534e75ce202e31197fccc2fb,download,1802174213,PROFILE-fb156f4ca1f9c5344c57,5a4a82cda56d8997f3054dbcef2fb258f387480e534e75ce202e31197fccc2fb,12207,MID-E3D58C87B94AD64C65662012D48EFF42,matching_id,fulfilled
aura_rsp,544,MNO-C,ORDER-B55346554D43226687C13649,ACCOUNT-304deb33c9c51a30d6e7ef4d,aura-smdpp.test,5a4a82cda56d8997f3054dbcef2fb258f387480e534e75ce202e31197fccc2fb,download,1802174213,PROFILE-fb156f4ca1f9c5344c57,5a4a82cda56d8997f3054dbcef2fb258f387480e534e75ce202e31197fccc2fb,12207,IAC-0BCE49C08F9D607DD1D126B576A2B975,I_ac,fulfilled
standard_rsp,545,MNO-B,ORDER-60E485FEEA4743B009A199B8,ACCOUNT-cfd17a2b0d1e61d37f6b7e5b,aura-smdpp.test,d049bf79a159029e1ec57aab73a99582bded53eff9bcad733f9824d5d148b584,download,1800459951,PROFILE-d5eff93f69a25facf467,d049bf79a159029e1ec57aab73a99582bded53eff9bcad733f9824d5d148b584,12207,MID-30C625C8FAC46198DEE9A4CE077AC2BB,matching_id,fulfilled
aura_rsp,545,MNO-B,ORDER-DD6C3634C2AF446EA6008F77,ACCOUNT-bdedc3dbf4cb6d66dbffc83f,aura-smdpp.test,d049bf79a159029e1ec57aab73a99582bded53eff9bcad733f9824d5d148b584,download,1800459951,PROFILE-d5eff93f69a25facf467,d049bf79a159029e1ec57aab73a99582bded53eff9bcad733f9824d5d148b584,12207,IAC-B51E3665190D7EE0720ECE64CECE2212,I_ac,fulfilled
standard_rsp,546,MNO-C,ORDER-CA9D73F7148150C49B94EF59,ACCOUNT-808be19b73c66f5c228165eb,aura-smdpp.test,6ae06941263d5f79eb74370c9f2e4d25da35e1e96452c24655d37545004e2c38,download,1801492651,PROFILE-9449b834aca80c11a2db,6ae06941263d5f79eb74370c9f2e4d25da35e1e96452c24655d37545004e2c38,12207,MID-5A3B959D3EE7EA4FBC10AAD3425F9716,matching_id,fulfilled
aura_rsp,546,MNO-C,ORDER-99A2BEDC2C9E90A69567BC62,ACCOUNT-d4d2b423faeba377efd3138f,aura-smdpp.test,6ae06941263d5f79eb74370c9f2e4d25da35e1e96452c24655d37545004e2c38,download,1801492651,PROFILE-9449b834aca80c11a2db,6ae06941263d5f79eb74370c9f2e4d25da35e1e96452c24655d37545004e2c38,12207,IAC-22D80AB26BBE6B0DCB62BA691C97655A,I_ac,fulfilled
standard_rsp,547,MNO-B,ORDER-22ABD20E9664F59B07B404CD,ACCOUNT-805b1e68bccc707182ab6ea0,aura-smdpp.test,b8fd145fd1931dbe8daea9cd13bdd43720092817687bd9a53fe8afaf2d825a24,download,1800390809,PROFILE-c0dc8ed4a0abf2c5cfc4,b8fd145fd1931dbe8daea9cd13bdd43720092817687bd9a53fe8afaf2d825a24,12207,MID-1339B6E742729E25AFC6B31E770C572C,matching_id,fulfilled
aura_rsp,547,MNO-B,ORDER-03965E8C432EF02A6E474F24,ACCOUNT-53ba0ddc454e8fe86f90bbd7,aura-smdpp.test,b8fd145fd1931dbe8daea9cd13bdd43720092817687bd9a53fe8afaf2d825a24,download,1800390809,PROFILE-c0dc8ed4a0abf2c5cfc4,b8fd145fd1931dbe8daea9cd13bdd43720092817687bd9a53fe8afaf2d825a24,12207,IAC-ADB1479AFFE8FF300214BE3C98547F50,I_ac,fulfilled
standard_rsp,548,MNO-C,ORDER-A4612347883C123607048243,ACCOUNT-a0b9764971a74e3ac303681a,aura-smdpp.test,e2a57150f7583a72118653a7077a87fcc866c856069fbbd0c35bb85fedfc1115,download,1801059581,PROFILE-31f9239e81327edc3510,e2a57150f7583a72118653a7077a87fcc866c856069fbbd0c35bb85fedfc1115,12207,MID-8FC3EFC77382175FF851609A2BE2DB15,matching_id,fulfilled
aura_rsp,548,MNO-C,ORDER-5A64F5A600D66E42F9AF9751,ACCOUNT-fce4c6aa8e72be9a240a7a06,aura-smdpp.test,e2a57150f7583a72118653a7077a87fcc866c856069fbbd0c35bb85fedfc1115,download,1801059581,PROFILE-31f9239e81327edc3510,e2a57150f7583a72118653a7077a87fcc866c856069fbbd0c35bb85fedfc1115,12207,IAC-EF55D6BE705F024E014F274129CD3B3D,I_ac,fulfilled
standard_rsp,549,MNO-D,ORDER-DB7F84FCE1ADB4A014B60ADE,ACCOUNT-e69141843c9852db8a1b2a65,aura-smdpp.test,52228498fac6f2e492f0867658fb20f89078f4c817f8b3853f68b7b257bddb50,download,1802408488,PROFILE-d27cf2809773ca71d632,52228498fac6f2e492f0867658fb20f89078f4c817f8b3853f68b7b257bddb50,12207,MID-C4A41FAE09C727CD9CE873018066AD25,matching_id,fulfilled
aura_rsp,549,MNO-D,ORDER-C9EF68D71E1F37D1516C71DB,ACCOUNT-0be5fbf862f72cc75e602666,aura-smdpp.test,52228498fac6f2e492f0867658fb20f89078f4c817f8b3853f68b7b257bddb50,download,1802408488,PROFILE-d27cf2809773ca71d632,52228498fac6f2e492f0867658fb20f89078f4c817f8b3853f68b7b257bddb50,12207,IAC-A5EEF08335DF58C040480439CA79F20B,I_ac,fulfilled
standard_rsp,550,MNO-D,ORDER-2FD4CF7FF935D82E0DA9D13F,ACCOUNT-9ec300024fd112b204dab195,aura-smdpp.test,9357e22d720047fd5e54e272b22b297b70f7c50392cb0cc43f5ac061222f3cf1,download,1800295366,PROFILE-f40bd59677e181addf4e,9357e22d720047fd5e54e272b22b297b70f7c50392cb0cc43f5ac061222f3cf1,12207,MID-49FD04ACAF89800DEAB364AB2B61129D,matching_id,fulfilled
aura_rsp,550,MNO-D,ORDER-40D438449158A2749231B5EC,ACCOUNT-640c26405acbda34922b688b,aura-smdpp.test,9357e22d720047fd5e54e272b22b297b70f7c50392cb0cc43f5ac061222f3cf1,download,1800295366,PROFILE-f40bd59677e181addf4e,9357e22d720047fd5e54e272b22b297b70f7c50392cb0cc43f5ac061222f3cf1,12207,IAC-80271360EC386BABD5910813394B03C9,I_ac,fulfilled
standard_rsp,551,MNO-C,ORDER-B0CB15C19575B79393881BFD,ACCOUNT-959e442a36531228ab3f90e7,aura-smdpp.test,0ab8b2bf0107c33d5e4adfae644072b49617802d3b3862437eb9663ca508e8bf,download,1801125558,PROFILE-b5ad55907826c8ccfb09,0ab8b2bf0107c33d5e4adfae644072b49617802d3b3862437eb9663ca508e8bf,12207,MID-EFD1026E963575F9C35FA406758E9567,matching_id,fulfilled
aura_rsp,551,MNO-C,ORDER-BE1B9E69D0FFB10B2CDBC958,ACCOUNT-1a96cffff44555a3fa6aad37,aura-smdpp.test,0ab8b2bf0107c33d5e4adfae644072b49617802d3b3862437eb9663ca508e8bf,download,1801125558,PROFILE-b5ad55907826c8ccfb09,0ab8b2bf0107c33d5e4adfae644072b49617802d3b3862437eb9663ca508e8bf,12207,IAC-DF11C151A054BA01964D02AE87426B68,I_ac,fulfilled
standard_rsp,552,MNO-B,ORDER-1B962F2D918DA4DC44F7C30A,ACCOUNT-acaab24736bd494a6a4290bd,aura-smdpp.test,046d1007451723cd9b269f7a8144b0e1a0b74da4ddd50dffd2344b464a1fa3e9,download,1800267698,PROFILE-6c5487ff3102347ba048,046d1007451723cd9b269f7a8144b0e1a0b74da4ddd50dffd2344b464a1fa3e9,12207,MID-376DB95C3C40CC889132E753F347A2BF,matching_id,fulfilled
aura_rsp,552,MNO-B,ORDER-6358F4678F954C3E982F2261,ACCOUNT-0afd586a75acd6b86744f4a8,aura-smdpp.test,046d1007451723cd9b269f7a8144b0e1a0b74da4ddd50dffd2344b464a1fa3e9,download,1800267698,PROFILE-6c5487ff3102347ba048,046d1007451723cd9b269f7a8144b0e1a0b74da4ddd50dffd2344b464a1fa3e9,12207,IAC-926EB0E23CD47FEF2A3652A26049B2A6,I_ac,fulfilled
standard_rsp,553,MNO-D,ORDER-2C5205F0904BE8E2AD05B8A4,ACCOUNT-4f73e51490438accb69856e4,aura-smdpp.test,8416b170553d8234b4fa09881a69bb2b287f7b52e48f5821c2d90dff7b54c973,download,1800477689,PROFILE-e157c4781743bdd3e1fc,8416b170553d8234b4fa09881a69bb2b287f7b52e48f5821c2d90dff7b54c973,12207,MID-7C89766850A1008A792011949EAC4831,matching_id,fulfilled
aura_rsp,553,MNO-D,ORDER-A210E8DBEF992A098B28073E,ACCOUNT-74e67dc3eb6b4c22c8701afa,aura-smdpp.test,8416b170553d8234b4fa09881a69bb2b287f7b52e48f5821c2d90dff7b54c973,download,1800477689,PROFILE-e157c4781743bdd3e1fc,8416b170553d8234b4fa09881a69bb2b287f7b52e48f5821c2d90dff7b54c973,12207,IAC-ABFFF6118E645439E8EF4312B2785B84,I_ac,fulfilled
standard_rsp,554,MNO-D,ORDER-C69DD42CFB4D56D5552EC4FF,ACCOUNT-82400aaef6dae34a49ed27db,aura-smdpp.test,fa408e2fe07ab690f41d01bf148796cb4cec90d9d009014c367d725f1999d8ab,download,1801280197,PROFILE-82a66ee807c548747395,fa408e2fe07ab690f41d01bf148796cb4cec90d9d009014c367d725f1999d8ab,12207,MID-F9FF3BD5D2A8208E6E9F47E9F9C76119,matching_id,fulfilled
aura_rsp,554,MNO-D,ORDER-4F64A2B492B241C5B1325A3F,ACCOUNT-84fb3e3bbcc4f88bf6a41248,aura-smdpp.test,fa408e2fe07ab690f41d01bf148796cb4cec90d9d009014c367d725f1999d8ab,download,1801280197,PROFILE-82a66ee807c548747395,fa408e2fe07ab690f41d01bf148796cb4cec90d9d009014c367d725f1999d8ab,12207,IAC-CCBEC8C8CDB876977654292177F921B1,I_ac,fulfilled
standard_rsp,555,MNO-A,ORDER-6EBE456737B7DC01C510ABB7,ACCOUNT-b85ee6cdc09f5fc86873fdca,aura-smdpp.test,e2b422368057cd25569f819332a32bd6439190d2db065f87c3e27822d781711f,download,1801262865,PROFILE-875037c8534ba569483c,e2b422368057cd25569f819332a32bd6439190d2db065f87c3e27822d781711f,12207,MID-F03B3CDBA54A9A4198693EA10B6770BC,matching_id,fulfilled
aura_rsp,555,MNO-A,ORDER-E785CA9801E8B88524B744F4,ACCOUNT-fa599175b6538702ffa2925d,aura-smdpp.test,e2b422368057cd25569f819332a32bd6439190d2db065f87c3e27822d781711f,download,1801262865,PROFILE-875037c8534ba569483c,e2b422368057cd25569f819332a32bd6439190d2db065f87c3e27822d781711f,12207,IAC-9EED09DBFDD5685A21B8B564D79ED461,I_ac,fulfilled
standard_rsp,556,MNO-B,ORDER-333CD5BD15049B6EFAF68791,ACCOUNT-75f0d5bf96333abb3c4b49a8,aura-smdpp.test,5836e49137f57be4ec0aa118e9c1f52d53eec347df5bcbe9a051f7627c595c5c,download,1801570930,PROFILE-5633030c7a0f25d94e03,5836e49137f57be4ec0aa118e9c1f52d53eec347df5bcbe9a051f7627c595c5c,12207,MID-263141C456A8CB5F28144C1FABBB187F,matching_id,fulfilled
aura_rsp,556,MNO-B,ORDER-A7D00DC8CD214D58DEA86824,ACCOUNT-4eec84f3e620970d83962055,aura-smdpp.test,5836e49137f57be4ec0aa118e9c1f52d53eec347df5bcbe9a051f7627c595c5c,download,1801570930,PROFILE-5633030c7a0f25d94e03,5836e49137f57be4ec0aa118e9c1f52d53eec347df5bcbe9a051f7627c595c5c,12207,IAC-2DAA160E76A924B4CCA339B95B1C4C51,I_ac,fulfilled
standard_rsp,557,MNO-D,ORDER-BBCF967A0A3F2837F20931DD,ACCOUNT-f6b68d826d6881ad0b311945,aura-smdpp.test,f9d38b70a1e1af91cfb3d85700397202268d6ff2cf9c0cba8f841f5a24772d67,download,1801162572,PROFILE-32a63ae8efd8560d030e,f9d38b70a1e1af91cfb3d85700397202268d6ff2cf9c0cba8f841f5a24772d67,12207,MID-7B4851DB1BCF177D5784D2F9D83A6ABB,matching_id,fulfilled
aura_rsp,557,MNO-D,ORDER-6A3ACDAE250C91670C4EC3B8,ACCOUNT-bc53b47a99588bb69796c99c,aura-smdpp.test,f9d38b70a1e1af91cfb3d85700397202268d6ff2cf9c0cba8f841f5a24772d67,download,1801162572,PROFILE-32a63ae8efd8560d030e,f9d38b70a1e1af91cfb3d85700397202268d6ff2cf9c0cba8f841f5a24772d67,12207,IAC-FB4383E17D286E4F51528259E4BD0107,I_ac,fulfilled
standard_rsp,558,MNO-A,ORDER-5E3B0CD7AE724ADC72679329,ACCOUNT-9507627852f2a87dd0a66c37,aura-smdpp.test,6a01f2a78127ae5331034ffda7e50daae94de479ffb2100a07dcbdc74d6f5cf5,download,1800005434,PROFILE-adf0458d9fa8cedd0758,6a01f2a78127ae5331034ffda7e50daae94de479ffb2100a07dcbdc74d6f5cf5,12207,MID-44D51B3579CFE63628AC65FEF2417804,matching_id,fulfilled
aura_rsp,558,MNO-A,ORDER-42A65B82B1ACE9AC5995EC8A,ACCOUNT-0169be0216090942454a0a52,aura-smdpp.test,6a01f2a78127ae5331034ffda7e50daae94de479ffb2100a07dcbdc74d6f5cf5,download,1800005434,PROFILE-adf0458d9fa8cedd0758,6a01f2a78127ae5331034ffda7e50daae94de479ffb2100a07dcbdc74d6f5cf5,12207,IAC-8ABC1747DAC6D96509872BA8D0D2A5AC,I_ac,fulfilled
standard_rsp,559,MNO-C,ORDER-2E0DE1AAC54473BA80C2CE46,ACCOUNT-3a3ec113ffa5c27b58620f6c,aura-smdpp.test,c1f620eeecbc419dccf696406a62a8963316d1d5ef2b2544ec4e5b393ea6ebb0,download,1800134880,PROFILE-ce70c6cb11ad89b3bd65,c1f620eeecbc419dccf696406a62a8963316d1d5ef2b2544ec4e5b393ea6ebb0,12207,MID-0869BFA44FFD59AB97E509540F649A89,matching_id,fulfilled
aura_rsp,559,MNO-C,ORDER-1365BE50854FBA9B90462ED9,ACCOUNT-547ad1fafa30e96b0129f904,aura-smdpp.test,c1f620eeecbc419dccf696406a62a8963316d1d5ef2b2544ec4e5b393ea6ebb0,download,1800134880,PROFILE-ce70c6cb11ad89b3bd65,c1f620eeecbc419dccf696406a62a8963316d1d5ef2b2544ec4e5b393ea6ebb0,12207,IAC-5EE460EA0168724AE383BDE58A679240,I_ac,fulfilled
standard_rsp,560,MNO-B,ORDER-8CC22385DC4315B9C6945BB4,ACCOUNT-18641dddb8b6b86d2261c81a,aura-smdpp.test,555005e056eac27a78b57544f0e8dcd9ce413a10631b6544d29c2e9ef1ae6ff3,download,1801273070,PROFILE-a8cd6cc134dbe98caf1f,555005e056eac27a78b57544f0e8dcd9ce413a10631b6544d29c2e9ef1ae6ff3,12207,MID-5D55503C0692E9CAED8673779E9E31BC,matching_id,fulfilled
aura_rsp,560,MNO-B,ORDER-A84F8707918B323FC54EBEEA,ACCOUNT-c8640e0954da5d21026bcb32,aura-smdpp.test,555005e056eac27a78b57544f0e8dcd9ce413a10631b6544d29c2e9ef1ae6ff3,download,1801273070,PROFILE-a8cd6cc134dbe98caf1f,555005e056eac27a78b57544f0e8dcd9ce413a10631b6544d29c2e9ef1ae6ff3,12207,IAC-023351B3F0F60C5366726E55E0A95643,I_ac,fulfilled
standard_rsp,561,MNO-A,ORDER-90A8B48E9583F545185E3C4B,ACCOUNT-88d5161ca34b49d886c49c1f,aura-smdpp.test,693cb67af2a9e2f1bf3ddb61eafdd24e5063c631403d0f938b1277a88f761a64,download,1801089335,PROFILE-3f6b204399753565b484,693cb67af2a9e2f1bf3ddb61eafdd24e5063c631403d0f938b1277a88f761a64,12207,MID-A268DEAC2B3D90F335121A2604092A24,matching_id,fulfilled
aura_rsp,561,MNO-A,ORDER-147FB42EE49E11F4CA4231A5,ACCOUNT-159b76ce6666f6d331ce1bf8,aura-smdpp.test,693cb67af2a9e2f1bf3ddb61eafdd24e5063c631403d0f938b1277a88f761a64,download,1801089335,PROFILE-3f6b204399753565b484,693cb67af2a9e2f1bf3ddb61eafdd24e5063c631403d0f938b1277a88f761a64,12207,IAC-99041B15A13CFB032B4735B8D3AD3332,I_ac,fulfilled
standard_rsp,562,MNO-A,ORDER-1A3F6AA31F22661E1BCF7A48,ACCOUNT-6a819fff099d6f40637e466e,aura-smdpp.test,7ff7288b7f26a4f23552430907e137fb03afede7c66951f902a15b3298461ed1,download,1802321499,PROFILE-27815d9fc3c0c09c7bfb,7ff7288b7f26a4f23552430907e137fb03afede7c66951f902a15b3298461ed1,12207,MID-291C38C55D532DCDA0765D9A4B8E7A7E,matching_id,fulfilled
aura_rsp,562,MNO-A,ORDER-734C70DE6663CC03D91076D4,ACCOUNT-2d7fc903bc51f1da97a61a9c,aura-smdpp.test,7ff7288b7f26a4f23552430907e137fb03afede7c66951f902a15b3298461ed1,download,1802321499,PROFILE-27815d9fc3c0c09c7bfb,7ff7288b7f26a4f23552430907e137fb03afede7c66951f902a15b3298461ed1,12207,IAC-E5473A6DF0002588FC8D91CD7E72C0B4,I_ac,fulfilled
standard_rsp,563,MNO-A,ORDER-5C3FB2BDD755B090AAF0B2D1,ACCOUNT-f7ffd1e2387beb382ef68ce2,aura-smdpp.test,a0c2cc620dc66a14fb74ca38833f9690cc0d5dcece4f9f9c9cc2b3caf9bff37b,download,1801982628,PROFILE-dffdc221f5d6c31558b2,a0c2cc620dc66a14fb74ca38833f9690cc0d5dcece4f9f9c9cc2b3caf9bff37b,12207,MID-C5BB76246B4EB306F5BD9A7EF1221C42,matching_id,fulfilled
aura_rsp,563,MNO-A,ORDER-9C1C94BD2791416BC417EB8F,ACCOUNT-8a4438b97fa9bc382accb449,aura-smdpp.test,a0c2cc620dc66a14fb74ca38833f9690cc0d5dcece4f9f9c9cc2b3caf9bff37b,download,1801982628,PROFILE-dffdc221f5d6c31558b2,a0c2cc620dc66a14fb74ca38833f9690cc0d5dcece4f9f9c9cc2b3caf9bff37b,12207,IAC-9E50FDF3CDE7B352F275AA9332456BC7,I_ac,fulfilled
standard_rsp,564,MNO-C,ORDER-36397520ED89DE3BEDF810B0,ACCOUNT-d6f5cb21d0130634e269e5db,aura-smdpp.test,26349d609b237401231b688ea2e50bb48404a5123f8f691a05932875f92e5574,download,1800526842,PROFILE-a7894e80e9a9549fdfb4,26349d609b237401231b688ea2e50bb48404a5123f8f691a05932875f92e5574,12207,MID-0B168C3AA98037EC028C4EB3798EAB26,matching_id,fulfilled
aura_rsp,564,MNO-C,ORDER-1EB5E744379D56F0594C0986,ACCOUNT-b522491b6ae2152a024c997f,aura-smdpp.test,26349d609b237401231b688ea2e50bb48404a5123f8f691a05932875f92e5574,download,1800526842,PROFILE-a7894e80e9a9549fdfb4,26349d609b237401231b688ea2e50bb48404a5123f8f691a05932875f92e5574,12207,IAC-AEAC426F8C87EA0D28651AE3091CA69F,I_ac,fulfilled
standard_rsp,565,MNO-C,ORDER-D60C6875C7831AB29C04155B,ACCOUNT-4cc0c07a3df1f611d08a69a3,aura-smdpp.test,b1390ec7748fb5dd2ca7f9d8e55fe4664bfa9d5e4188fc0045bec684843a450d,download,1800882774,PROFILE-595766a10147287d4d75,b1390ec7748fb5dd2ca7f9d8e55fe4664bfa9d5e4188fc0045bec684843a450d,12207,MID-4F65F2830B1562260E1C4F2CBBBFCFC6,matching_id,fulfilled
aura_rsp,565,MNO-C,ORDER-BAB313EBF4043EA10CB37B29,ACCOUNT-92692a8e4b40898823a1f790,aura-smdpp.test,b1390ec7748fb5dd2ca7f9d8e55fe4664bfa9d5e4188fc0045bec684843a450d,download,1800882774,PROFILE-595766a10147287d4d75,b1390ec7748fb5dd2ca7f9d8e55fe4664bfa9d5e4188fc0045bec684843a450d,12207,IAC-F3E380E015F7E3BA1A9455B95310EB0A,I_ac,fulfilled
standard_rsp,566,MNO-B,ORDER-040F0AE29879EB01F7EC937B,ACCOUNT-ede1c6366d37fc76af01230b,aura-smdpp.test,ae265b1656f83fea8a8f044775a8c200275434525379380e758218634d7d9ca6,download,1801457650,PROFILE-eac733105d25b2dc8814,ae265b1656f83fea8a8f044775a8c200275434525379380e758218634d7d9ca6,12207,MID-339ABED17062D3803E2071A3C6E33B77,matching_id,fulfilled
aura_rsp,566,MNO-B,ORDER-A0C4FC30F892D20CD564E1C6,ACCOUNT-15648f3690068cc2f7404ca7,aura-smdpp.test,ae265b1656f83fea8a8f044775a8c200275434525379380e758218634d7d9ca6,download,1801457650,PROFILE-eac733105d25b2dc8814,ae265b1656f83fea8a8f044775a8c200275434525379380e758218634d7d9ca6,12207,IAC-CB96EB11CC8E26C715AF88DA26D3B79C,I_ac,fulfilled
standard_rsp,567,MNO-D,ORDER-DCFE3596FFD2D1EFCFC2C5BE,ACCOUNT-d20f745c596af9894660f312,aura-smdpp.test,d7022d8d8d1ed37286b476c7f1cbf4100ec9887c1304c44cd589fa0b086444b5,download,1800941408,PROFILE-68a93f6682c27bb2c554,d7022d8d8d1ed37286b476c7f1cbf4100ec9887c1304c44cd589fa0b086444b5,12207,MID-5BA93D20978E5367A3C81AA1D850CDCC,matching_id,fulfilled
aura_rsp,567,MNO-D,ORDER-51C1F8B6E3FB11FC84F07AAF,ACCOUNT-2b49f04978cca900350874d5,aura-smdpp.test,d7022d8d8d1ed37286b476c7f1cbf4100ec9887c1304c44cd589fa0b086444b5,download,1800941408,PROFILE-68a93f6682c27bb2c554,d7022d8d8d1ed37286b476c7f1cbf4100ec9887c1304c44cd589fa0b086444b5,12207,IAC-8A91734338387AD170B54A266C1C0B71,I_ac,fulfilled
standard_rsp,568,MNO-D,ORDER-0F2E337EFAEF8ABEB4CC1352,ACCOUNT-bc653a49dfb055be1b5fb5c4,aura-smdpp.test,b456ce97522d2722319f2dbb4ca46aee3744fa9f9881df460974f77f3d42c824,download,1800991960,PROFILE-417624e0c87018d6391b,b456ce97522d2722319f2dbb4ca46aee3744fa9f9881df460974f77f3d42c824,12207,MID-156E5AA52A367682EB14EB9A9A71C50F,matching_id,fulfilled
aura_rsp,568,MNO-D,ORDER-3AE5C0AED4BDDECE2430D600,ACCOUNT-b6a00264740ce52a47c1c4bd,aura-smdpp.test,b456ce97522d2722319f2dbb4ca46aee3744fa9f9881df460974f77f3d42c824,download,1800991960,PROFILE-417624e0c87018d6391b,b456ce97522d2722319f2dbb4ca46aee3744fa9f9881df460974f77f3d42c824,12207,IAC-8323F65A3C23E503057B7D5ADEC0E5E5,I_ac,fulfilled
standard_rsp,569,MNO-B,ORDER-962099316CC6390B71697355,ACCOUNT-d90d0e5466e0ca4e18446d19,aura-smdpp.test,91d85f8ec2e2ac60b28b95a99b0c9b4cbb907b6cb70d410e59f6f8cdd2b0c80e,download,1802485043,PROFILE-8fe9dd5fc01dd74a5f3a,91d85f8ec2e2ac60b28b95a99b0c9b4cbb907b6cb70d410e59f6f8cdd2b0c80e,12207,MID-CF652B3D3AEFF33BE6A114323A90FC7B,matching_id,fulfilled
aura_rsp,569,MNO-B,ORDER-73FB6BC756C1ED06E2870D52,ACCOUNT-eedb18d2809cb521cad4b9d5,aura-smdpp.test,91d85f8ec2e2ac60b28b95a99b0c9b4cbb907b6cb70d410e59f6f8cdd2b0c80e,download,1802485043,PROFILE-8fe9dd5fc01dd74a5f3a,91d85f8ec2e2ac60b28b95a99b0c9b4cbb907b6cb70d410e59f6f8cdd2b0c80e,12207,IAC-B0BD55A731DED920CD9CDD1C50BFD468,I_ac,fulfilled
standard_rsp,570,MNO-B,ORDER-C0BAA61E322B8D5086F319DF,ACCOUNT-3da69d7854a48218f05964c6,aura-smdpp.test,ea10d65ba8d64b2a46132e57a5c84ae07ac851e675ce0f84045067e295fc48a9,download,1802233484,PROFILE-5931953961405882532d,ea10d65ba8d64b2a46132e57a5c84ae07ac851e675ce0f84045067e295fc48a9,12207,MID-BDB94B95F2CB3A4D4FAF283E8AC6E298,matching_id,fulfilled
aura_rsp,570,MNO-B,ORDER-CFBE4A40E4FE13379D7DDEBD,ACCOUNT-d6aabeb7dd645c55d2f4c4d3,aura-smdpp.test,ea10d65ba8d64b2a46132e57a5c84ae07ac851e675ce0f84045067e295fc48a9,download,1802233484,PROFILE-5931953961405882532d,ea10d65ba8d64b2a46132e57a5c84ae07ac851e675ce0f84045067e295fc48a9,12207,IAC-8E73EBC2FC6E71F0BB50724F646D43FF,I_ac,fulfilled
standard_rsp,571,MNO-B,ORDER-E0565875CC28C3AAA68DCAEE,ACCOUNT-8d315d823dc8acab75b5cd58,aura-smdpp.test,97149094b9796e69e2edb7733a96e6e12e48690b248d22d65d601dd699066c7e,download,1802285944,PROFILE-6512c6154b3db043c664,97149094b9796e69e2edb7733a96e6e12e48690b248d22d65d601dd699066c7e,12207,MID-266C63A70C25CBD7D943FA77D82ED20D,matching_id,fulfilled
aura_rsp,571,MNO-B,ORDER-731B7978997A9E9822E9CE69,ACCOUNT-1eae801390a9a3199e6e4a6a,aura-smdpp.test,97149094b9796e69e2edb7733a96e6e12e48690b248d22d65d601dd699066c7e,download,1802285944,PROFILE-6512c6154b3db043c664,97149094b9796e69e2edb7733a96e6e12e48690b248d22d65d601dd699066c7e,12207,IAC-8135258AE47A22BA7AB2125E729909DE,I_ac,fulfilled
standard_rsp,572,MNO-C,ORDER-C639766CD66CFC636C182606,ACCOUNT-aee3199e4947493c93f6578f,aura-smdpp.test,3c74cf02b8c623fb67981feb8afaeec89eacf4b7d6e228cf69a282ce8fd86fc6,download,1800675685,PROFILE-b771cfeeb701f5a361f2,3c74cf02b8c623fb67981feb8afaeec89eacf4b7d6e228cf69a282ce8fd86fc6,12207,MID-3351F31F71A271CC9BEEA3C950D3491E,matching_id,fulfilled
aura_rsp,572,MNO-C,ORDER-720C7821F5235165B3D48B85,ACCOUNT-50b61f8d21691dfa1881db05,aura-smdpp.test,3c74cf02b8c623fb67981feb8afaeec89eacf4b7d6e228cf69a282ce8fd86fc6,download,1800675685,PROFILE-b771cfeeb701f5a361f2,3c74cf02b8c623fb67981feb8afaeec89eacf4b7d6e228cf69a282ce8fd86fc6,12207,IAC-83C7F4BDC8A92B03E3A0071CC2403DA4,I_ac,fulfilled
standard_rsp,573,MNO-C,ORDER-624D8E74B6897F43DA327598,ACCOUNT-92cd1681c4b719bd85901d1d,aura-smdpp.test,1d444b87d12c076bc875de48dfc58b3df45ead1e30c54a4c1f35bea5dea42262,download,1801352255,PROFILE-eb31a00a40e37f12b31f,1d444b87d12c076bc875de48dfc58b3df45ead1e30c54a4c1f35bea5dea42262,12207,MID-4BDD096F66F409E169C23B59F638B2D9,matching_id,fulfilled
aura_rsp,573,MNO-C,ORDER-908BCD3881F5680B35AABE5F,ACCOUNT-b496e13203ad89996a74598a,aura-smdpp.test,1d444b87d12c076bc875de48dfc58b3df45ead1e30c54a4c1f35bea5dea42262,download,1801352255,PROFILE-eb31a00a40e37f12b31f,1d444b87d12c076bc875de48dfc58b3df45ead1e30c54a4c1f35bea5dea42262,12207,IAC-C8427400407DD9B5C334C0753F4EFE1B,I_ac,fulfilled
standard_rsp,574,MNO-B,ORDER-F99419B47100D29CB76A1C5B,ACCOUNT-79348de38e11924bb33f2689,aura-smdpp.test,54c816a3fe41a49f3124f6e27fb0081696379a4af657bd545d82222ae79e5cb5,download,1800033031,PROFILE-d43c36f60a086adc8876,54c816a3fe41a49f3124f6e27fb0081696379a4af657bd545d82222ae79e5cb5,12207,MID-F8B569BD8B2F51843A07A24A99B1F792,matching_id,fulfilled
aura_rsp,574,MNO-B,ORDER-962CD76E178487E2AA8B69E6,ACCOUNT-eff828be6f69462bda41f6ef,aura-smdpp.test,54c816a3fe41a49f3124f6e27fb0081696379a4af657bd545d82222ae79e5cb5,download,1800033031,PROFILE-d43c36f60a086adc8876,54c816a3fe41a49f3124f6e27fb0081696379a4af657bd545d82222ae79e5cb5,12207,IAC-78A0C83CB47472C97511F61C930BE718,I_ac,fulfilled
standard_rsp,575,MNO-B,ORDER-73C1BA73476B6A43441D23F6,ACCOUNT-6ddb6f140af6bcca1a52072b,aura-smdpp.test,bde74c19b4062c778bdb1b794d3c82c052452061633a034977dbc20112870c37,download,1800781589,PROFILE-a89d8494c4c1a28ad5cc,bde74c19b4062c778bdb1b794d3c82c052452061633a034977dbc20112870c37,12207,MID-3EC987BA07DFA0EC774A4391C1677787,matching_id,fulfilled
aura_rsp,575,MNO-B,ORDER-7BE6FA9923CD64EAC6984632,ACCOUNT-7ca179d3b0889c72494fe551,aura-smdpp.test,bde74c19b4062c778bdb1b794d3c82c052452061633a034977dbc20112870c37,download,1800781589,PROFILE-a89d8494c4c1a28ad5cc,bde74c19b4062c778bdb1b794d3c82c052452061633a034977dbc20112870c37,12207,IAC-3565F7CC780C4CA464A0ED2309386095,I_ac,fulfilled
standard_rsp,576,MNO-B,ORDER-5A55A3AAADE3C1A434882A90,ACCOUNT-8b8cb67087d9dc815d46d6c2,aura-smdpp.test,08b818c9b4676ec2b828073034ebbadccdda5998aedaefcc4bdb9aa63f9c058b,download,1802191890,PROFILE-810580eb84f597c5cb44,08b818c9b4676ec2b828073034ebbadccdda5998aedaefcc4bdb9aa63f9c058b,12207,MID-F4E182ECF542F3A430FBB828434B26E6,matching_id,fulfilled
aura_rsp,576,MNO-B,ORDER-2CC26CBE68AB727C334D22AF,ACCOUNT-31159fca1e93ed381b47cf17,aura-smdpp.test,08b818c9b4676ec2b828073034ebbadccdda5998aedaefcc4bdb9aa63f9c058b,download,1802191890,PROFILE-810580eb84f597c5cb44,08b818c9b4676ec2b828073034ebbadccdda5998aedaefcc4bdb9aa63f9c058b,12207,IAC-36E469E1FF8A82C0A2CD421E550E2279,I_ac,fulfilled
standard_rsp,577,MNO-B,ORDER-0E870BF1AEC013B2C79A41BD,ACCOUNT-2980822bd4b7c387bf505e58,aura-smdpp.test,bb3e1aa97b73f975fa1e13ef63fd507b5eb5e5fa308ad898b14db7e6c5c2e111,download,1800975857,PROFILE-6b7fcde029ec23d54926,bb3e1aa97b73f975fa1e13ef63fd507b5eb5e5fa308ad898b14db7e6c5c2e111,12207,MID-0D2297BE3AEDF6C38AF5953ED901F5DC,matching_id,fulfilled
aura_rsp,577,MNO-B,ORDER-64E283B50B0CD6B90EB0BD63,ACCOUNT-94598d4dbb7440aeefd7495a,aura-smdpp.test,bb3e1aa97b73f975fa1e13ef63fd507b5eb5e5fa308ad898b14db7e6c5c2e111,download,1800975857,PROFILE-6b7fcde029ec23d54926,bb3e1aa97b73f975fa1e13ef63fd507b5eb5e5fa308ad898b14db7e6c5c2e111,12207,IAC-4435C6DF56B0FF71749DAAF6735C6494,I_ac,fulfilled
standard_rsp,578,MNO-B,ORDER-EE4AD1EB9ABE895CB123834D,ACCOUNT-e4f49c980478235f5e4cd2d0,aura-smdpp.test,613e0844bf947d4416f854b95f44872d8f6c6d3fe34189430367de166a99f651,download,1801029962,PROFILE-bd5cb259f7bb948a2cee,613e0844bf947d4416f854b95f44872d8f6c6d3fe34189430367de166a99f651,12207,MID-89651A745986B2DDDA8C0CE4CAF00986,matching_id,fulfilled
aura_rsp,578,MNO-B,ORDER-163E1CFFB21E785E3D249B9B,ACCOUNT-10454ca82db24aa44156f79a,aura-smdpp.test,613e0844bf947d4416f854b95f44872d8f6c6d3fe34189430367de166a99f651,download,1801029962,PROFILE-bd5cb259f7bb948a2cee,613e0844bf947d4416f854b95f44872d8f6c6d3fe34189430367de166a99f651,12207,IAC-C39FFC25499CF46619937CD414C04DF7,I_ac,fulfilled
standard_rsp,579,MNO-B,ORDER-38E52C6AB31EAF63BF987BF3,ACCOUNT-89ce3e9186ddd235e0633619,aura-smdpp.test,6e9be515c1923f6efe76407952074f3c98296cb223e4e12593173a1434b2f91c,download,1801152120,PROFILE-f805455f527cfe9c36eb,6e9be515c1923f6efe76407952074f3c98296cb223e4e12593173a1434b2f91c,12207,MID-387EC3DCAC9E406BECCAAC3DC380FD4B,matching_id,fulfilled
aura_rsp,579,MNO-B,ORDER-E3DF3257C6EBC84B86EF61F3,ACCOUNT-23234e972885646b6b8c9bf5,aura-smdpp.test,6e9be515c1923f6efe76407952074f3c98296cb223e4e12593173a1434b2f91c,download,1801152120,PROFILE-f805455f527cfe9c36eb,6e9be515c1923f6efe76407952074f3c98296cb223e4e12593173a1434b2f91c,12207,IAC-95A54778C8D65389587F56A638A25BE8,I_ac,fulfilled
standard_rsp,580,MNO-B,ORDER-D2ED591A29BEB54AF9ED568D,ACCOUNT-4f7d9cc6def8df02d8856bca,aura-smdpp.test,fa1ebb6e106e3732b134e6e08786ec85af8a141e0c58fd43686971c8b5668a30,download,1800733549,PROFILE-8b88adc30b000c85f5b4,fa1ebb6e106e3732b134e6e08786ec85af8a141e0c58fd43686971c8b5668a30,12207,MID-B3EF22E2D1719D55535B3A6732F835AD,matching_id,fulfilled
aura_rsp,580,MNO-B,ORDER-5776746650BAD56041F38FB0,ACCOUNT-4bcf4a148530910fb32b906b,aura-smdpp.test,fa1ebb6e106e3732b134e6e08786ec85af8a141e0c58fd43686971c8b5668a30,download,1800733549,PROFILE-8b88adc30b000c85f5b4,fa1ebb6e106e3732b134e6e08786ec85af8a141e0c58fd43686971c8b5668a30,12207,IAC-6114B8E923BF954B94714B1ADB6435B5,I_ac,fulfilled
standard_rsp,581,MNO-C,ORDER-BC118047AC78E9F214646E0A,ACCOUNT-cc6b66d1e1ca84c71d4db938,aura-smdpp.test,d2dd72e3b33c2d6fc55cffe0381802368e511d798325461afb1bd6320c6e5dac,download,1802518719,PROFILE-0c1bd132225059449620,d2dd72e3b33c2d6fc55cffe0381802368e511d798325461afb1bd6320c6e5dac,12207,MID-1DB3C9D627E905C00D24E1E6E6B95695,matching_id,fulfilled
aura_rsp,581,MNO-C,ORDER-34478A01BE52FB4C4A71232D,ACCOUNT-7a0a0ef86cb20649f988f386,aura-smdpp.test,d2dd72e3b33c2d6fc55cffe0381802368e511d798325461afb1bd6320c6e5dac,download,1802518719,PROFILE-0c1bd132225059449620,d2dd72e3b33c2d6fc55cffe0381802368e511d798325461afb1bd6320c6e5dac,12207,IAC-C356EE2AED82702C00B4809D35F09E53,I_ac,fulfilled
standard_rsp,582,MNO-D,ORDER-99BE4AA557E60B4C090C7131,ACCOUNT-625a808895662e621586ba03,aura-smdpp.test,697b89bf6912d28938bc3b9241df153de162dca5b6129852b3deb80106befa4a,download,1800392882,PROFILE-a200611f9b3222289eb7,697b89bf6912d28938bc3b9241df153de162dca5b6129852b3deb80106befa4a,12207,MID-BACDC2CD1D47972DC6E9E847AEE363D5,matching_id,fulfilled
aura_rsp,582,MNO-D,ORDER-591D588BE89DD397C282A897,ACCOUNT-00b671e7c873f647d4d30021,aura-smdpp.test,697b89bf6912d28938bc3b9241df153de162dca5b6129852b3deb80106befa4a,download,1800392882,PROFILE-a200611f9b3222289eb7,697b89bf6912d28938bc3b9241df153de162dca5b6129852b3deb80106befa4a,12207,IAC-D606766C50DCC97A15873CEDC1E122C7,I_ac,fulfilled
standard_rsp,583,MNO-A,ORDER-B35CACD55A91813B8B36B8B1,ACCOUNT-608172a1e30ec70cb9fa90bd,aura-smdpp.test,45a2459b0629092204f8c6cc70da357fd0879199e040a29cb29772a7474caea4,download,1801729400,PROFILE-91297abcb02ac5fb3cff,45a2459b0629092204f8c6cc70da357fd0879199e040a29cb29772a7474caea4,12207,MID-0EA8EF7DEE7D43081F4C44696F9C8D87,matching_id,fulfilled
aura_rsp,583,MNO-A,ORDER-BD51F1AD003D0C7D56E7E416,ACCOUNT-dd14038b543bb7d6c925374b,aura-smdpp.test,45a2459b0629092204f8c6cc70da357fd0879199e040a29cb29772a7474caea4,download,1801729400,PROFILE-91297abcb02ac5fb3cff,45a2459b0629092204f8c6cc70da357fd0879199e040a29cb29772a7474caea4,12207,IAC-64D7EDB10578CDD44E1F2EF12B41E6C5,I_ac,fulfilled
standard_rsp,584,MNO-D,ORDER-3DF12D8467BB82460DDB9F31,ACCOUNT-9ef6c2d3894de746ffc73c61,aura-smdpp.test,62bc75294654f01654f42d3b64e5d9541d004831f30ff9378628a4e4ac42188c,download,1801737505,PROFILE-83b40afb5eee8da88a05,62bc75294654f01654f42d3b64e5d9541d004831f30ff9378628a4e4ac42188c,12207,MID-3ED06822BFB4B049AC588E10F06C1957,matching_id,fulfilled
aura_rsp,584,MNO-D,ORDER-D9D2B3E9971E50D59C6C71DF,ACCOUNT-4d751a0891b9e60e5d3a4fa2,aura-smdpp.test,62bc75294654f01654f42d3b64e5d9541d004831f30ff9378628a4e4ac42188c,download,1801737505,PROFILE-83b40afb5eee8da88a05,62bc75294654f01654f42d3b64e5d9541d004831f30ff9378628a4e4ac42188c,12207,IAC-BDA047A26A18D4A4B6ECF299336DA583,I_ac,fulfilled
standard_rsp,585,MNO-A,ORDER-D78EB1A336026149C996C219,ACCOUNT-23c0d944131caf7e0a19454d,aura-smdpp.test,91320bc34a6a05045d6817ee55a7aea2716904a9b9ca0371acd711d84ca5dae2,download,1801685738,PROFILE-b12185b1812b3d3e976a,91320bc34a6a05045d6817ee55a7aea2716904a9b9ca0371acd711d84ca5dae2,12207,MID-1F20DFA8CAB1C515459F889D374F3366,matching_id,fulfilled
aura_rsp,585,MNO-A,ORDER-86E0AAF13F40467C14F1D9E5,ACCOUNT-45bc20b8e1d7ae7246312cd8,aura-smdpp.test,91320bc34a6a05045d6817ee55a7aea2716904a9b9ca0371acd711d84ca5dae2,download,1801685738,PROFILE-b12185b1812b3d3e976a,91320bc34a6a05045d6817ee55a7aea2716904a9b9ca0371acd711d84ca5dae2,12207,IAC-42E67587CE4C273E07461F81DDFD6DCF,I_ac,fulfilled
standard_rsp,586,MNO-D,ORDER-D0E988F592D176D0D52D1AFB,ACCOUNT-01067664b377c29b7bcb20bd,aura-smdpp.test,ab76607c251deac2604e486d6c9e184794b154646d3b135188a29ceef36e3e52,download,1801501416,PROFILE-71689e9bd64782796a25,ab76607c251deac2604e486d6c9e184794b154646d3b135188a29ceef36e3e52,12207,MID-59F571A2879F8197212A4E5B1D4756A7,matching_id,fulfilled
aura_rsp,586,MNO-D,ORDER-035E5A492A19CF505CDFD3D2,ACCOUNT-4765a1e56ce4454a93ab7ba3,aura-smdpp.test,ab76607c251deac2604e486d6c9e184794b154646d3b135188a29ceef36e3e52,download,1801501416,PROFILE-71689e9bd64782796a25,ab76607c251deac2604e486d6c9e184794b154646d3b135188a29ceef36e3e52,12207,IAC-0B907B8FB42109A8FF99EAED43D21A6F,I_ac,fulfilled
standard_rsp,587,MNO-A,ORDER-BF2FDB2D50066930FE1BA3CF,ACCOUNT-a5854ffac2de178198e1c6e4,aura-smdpp.test,e84afcfc3d4badb27aa3999c3cc067e221b8bbad3026084c50056f0397f9d945,download,1802301847,PROFILE-f20217a81ac2b77ffb9a,e84afcfc3d4badb27aa3999c3cc067e221b8bbad3026084c50056f0397f9d945,12207,MID-C0DDF11BED7B4B9418E74CCB568C7CF0,matching_id,fulfilled
aura_rsp,587,MNO-A,ORDER-5D23C528885E8A4D9FF340E4,ACCOUNT-62c0440f4a0ace9b9cc18d0e,aura-smdpp.test,e84afcfc3d4badb27aa3999c3cc067e221b8bbad3026084c50056f0397f9d945,download,1802301847,PROFILE-f20217a81ac2b77ffb9a,e84afcfc3d4badb27aa3999c3cc067e221b8bbad3026084c50056f0397f9d945,12207,IAC-637A1FCCB4D36DE6381E7F9D88AB6C7B,I_ac,fulfilled
standard_rsp,588,MNO-A,ORDER-5FFCA5FF1FF1002448EABA8C,ACCOUNT-3a993b02c200f951190aaebf,aura-smdpp.test,a5bb46d454ed2db576d2c4dbbe8869982b73cc7e2caa4963629219eb91970e41,download,1800425405,PROFILE-4e066013457da450abb7,a5bb46d454ed2db576d2c4dbbe8869982b73cc7e2caa4963629219eb91970e41,12207,MID-5AB070689ABBF88A3FB7367E470BC964,matching_id,fulfilled
aura_rsp,588,MNO-A,ORDER-D6244CBA5640DA20BAEA1102,ACCOUNT-37dfb89b2a11d07f3ee48e76,aura-smdpp.test,a5bb46d454ed2db576d2c4dbbe8869982b73cc7e2caa4963629219eb91970e41,download,1800425405,PROFILE-4e066013457da450abb7,a5bb46d454ed2db576d2c4dbbe8869982b73cc7e2caa4963629219eb91970e41,12207,IAC-6D56BE33CBE2E7C96EA3D56D4F9413BC,I_ac,fulfilled
standard_rsp,589,MNO-A,ORDER-B9B8EC5BD5EBA2B86068E322,ACCOUNT-d320c7c5db35a66a65c746c6,aura-smdpp.test,23b1f3e9619779ab87e5a3570ccd0af45078f7dddca6cfe664497ee3478a952e,download,1800010507,PROFILE-5311e216f22f65069b58,23b1f3e9619779ab87e5a3570ccd0af45078f7dddca6cfe664497ee3478a952e,12207,MID-4B86449FA9186703161C77643B192188,matching_id,fulfilled
aura_rsp,589,MNO-A,ORDER-F525279D93FB19523D1CDF98,ACCOUNT-092ce6ed17ad5143e43a2c4c,aura-smdpp.test,23b1f3e9619779ab87e5a3570ccd0af45078f7dddca6cfe664497ee3478a952e,download,1800010507,PROFILE-5311e216f22f65069b58,23b1f3e9619779ab87e5a3570ccd0af45078f7dddca6cfe664497ee3478a952e,12207,IAC-AF3BC497690301870477D07301B78876,I_ac,fulfilled
standard_rsp,590,MNO-B,ORDER-75AF880B09767B9593AA845E,ACCOUNT-6391afe5273339da032cd82d,aura-smdpp.test,5ca79383316e8968c0275c6476d551db04723c9a877565f62e7d326f6888e88b,download,1800714734,PROFILE-b7d0989e31f561528323,5ca79383316e8968c0275c6476d551db04723c9a877565f62e7d326f6888e88b,12207,MID-80221C6C7F34F32D485DC02D5BE15742,matching_id,fulfilled
aura_rsp,590,MNO-B,ORDER-455B55ED82338831A9333D6E,ACCOUNT-3d8d105dc3be8bef20a52378,aura-smdpp.test,5ca79383316e8968c0275c6476d551db04723c9a877565f62e7d326f6888e88b,download,1800714734,PROFILE-b7d0989e31f561528323,5ca79383316e8968c0275c6476d551db04723c9a877565f62e7d326f6888e88b,12207,IAC-8D24746DDCE4AFEF7E44969D582B9712,I_ac,fulfilled
standard_rsp,591,MNO-D,ORDER-E1BD317E479D9994A0904D96,ACCOUNT-7ae5972fd190aaf9ff9c988c,aura-smdpp.test,c19f948fca1c1cee374571e3bec7e3d3ab4046ede8d5233b6dd046144fc526e3,download,1800467729,PROFILE-04415b09239478bd1be0,c19f948fca1c1cee374571e3bec7e3d3ab4046ede8d5233b6dd046144fc526e3,12207,MID-46E6F45472C7F18A46B83D12D5A731AC,matching_id,fulfilled
aura_rsp,591,MNO-D,ORDER-3B48FCDD1906971E106A37B3,ACCOUNT-dfdbc049e053670b17d11ffc,aura-smdpp.test,c19f948fca1c1cee374571e3bec7e3d3ab4046ede8d5233b6dd046144fc526e3,download,1800467729,PROFILE-04415b09239478bd1be0,c19f948fca1c1cee374571e3bec7e3d3ab4046ede8d5233b6dd046144fc526e3,12207,IAC-44FFF1BD693473470929E25236B75111,I_ac,fulfilled
standard_rsp,592,MNO-C,ORDER-EE5ED4726FC23C231AADC157,ACCOUNT-308f7979f09e942586227b98,aura-smdpp.test,9fdcbe04a90c31dbacbb8e33e92324b4e6769d53d79afcfd7d74351e7a76654b,download,1800729013,PROFILE-107b723b68e91b168417,9fdcbe04a90c31dbacbb8e33e92324b4e6769d53d79afcfd7d74351e7a76654b,12207,MID-02FA16307A26FDEA6CCB94A4A0A34871,matching_id,fulfilled
aura_rsp,592,MNO-C,ORDER-17547C3B2132F26DC8B92CC9,ACCOUNT-0f693428f5240caf63f3e7fd,aura-smdpp.test,9fdcbe04a90c31dbacbb8e33e92324b4e6769d53d79afcfd7d74351e7a76654b,download,1800729013,PROFILE-107b723b68e91b168417,9fdcbe04a90c31dbacbb8e33e92324b4e6769d53d79afcfd7d74351e7a76654b,12207,IAC-E175AD909D1509BD470C79BE60702ABE,I_ac,fulfilled
standard_rsp,593,MNO-D,ORDER-29A4A930EEB1AFFAA2263DC9,ACCOUNT-a391c5b12747538fd537f048,aura-smdpp.test,c30f5ca7326ef5f1234d0f7cedc0d596723cc25705d38e3f3dac5b4f015c0c74,download,1801518595,PROFILE-f67c97542f1819b4c3c7,c30f5ca7326ef5f1234d0f7cedc0d596723cc25705d38e3f3dac5b4f015c0c74,12207,MID-539FAE2188391B95411C0C3AC5815034,matching_id,fulfilled
aura_rsp,593,MNO-D,ORDER-A4F7E35FDDBF31FDE3751AB1,ACCOUNT-c5cb3240e485759d7c6558ee,aura-smdpp.test,c30f5ca7326ef5f1234d0f7cedc0d596723cc25705d38e3f3dac5b4f015c0c74,download,1801518595,PROFILE-f67c97542f1819b4c3c7,c30f5ca7326ef5f1234d0f7cedc0d596723cc25705d38e3f3dac5b4f015c0c74,12207,IAC-B5BFAF8CBB748CE8D6790ADAE78D87C8,I_ac,fulfilled
standard_rsp,594,MNO-A,ORDER-04E9C5CD500139D6A92A2574,ACCOUNT-5f9c163a90bcf3a9520306b1,aura-smdpp.test,c19490364af9f30021b6ebbd2dc26df0aa266563c35ee3c44616059d631ef68c,download,1801601105,PROFILE-1c75479ecb00ecfab8ce,c19490364af9f30021b6ebbd2dc26df0aa266563c35ee3c44616059d631ef68c,12207,MID-CA18640CEA06F3BDD9F11B49DA5854CA,matching_id,fulfilled
aura_rsp,594,MNO-A,ORDER-DF25BC70AEB3ADF5EC79853A,ACCOUNT-eacf5c5bda41f19940ca488e,aura-smdpp.test,c19490364af9f30021b6ebbd2dc26df0aa266563c35ee3c44616059d631ef68c,download,1801601105,PROFILE-1c75479ecb00ecfab8ce,c19490364af9f30021b6ebbd2dc26df0aa266563c35ee3c44616059d631ef68c,12207,IAC-C5604C80363AF60EC3DFC5871766B703,I_ac,fulfilled
standard_rsp,595,MNO-C,ORDER-C0354549132DED78243BA645,ACCOUNT-461f976e86d35de666841881,aura-smdpp.test,e3e4f4c984e4d6508a4b08cb7d0406268544e9635855006d569cb91a4e3f5f2c,download,1801904726,PROFILE-c737df6be381f69a7703,e3e4f4c984e4d6508a4b08cb7d0406268544e9635855006d569cb91a4e3f5f2c,12207,MID-AEF76D5D409E025B8C7AB251BF2F83F9,matching_id,fulfilled
aura_rsp,595,MNO-C,ORDER-B0681949D67626D087CFBB97,ACCOUNT-1002bd88e3a201fe277137a3,aura-smdpp.test,e3e4f4c984e4d6508a4b08cb7d0406268544e9635855006d569cb91a4e3f5f2c,download,1801904726,PROFILE-c737df6be381f69a7703,e3e4f4c984e4d6508a4b08cb7d0406268544e9635855006d569cb91a4e3f5f2c,12207,IAC-08906805C63CED2C6A72B6C2F071DC49,I_ac,fulfilled
standard_rsp,596,MNO-C,ORDER-5DB5988E574AE55762D836AA,ACCOUNT-8918eab61b603fbacb130e74,aura-smdpp.test,e12232ff1c3c0ab023ca0a2c645e70328d03722b46dde324ebffb8d461836e95,download,1801874939,PROFILE-6956ecef74a63f37c670,e12232ff1c3c0ab023ca0a2c645e70328d03722b46dde324ebffb8d461836e95,12207,MID-4B16AE5A56CD7872150BEED5DA386CC3,matching_id,fulfilled
aura_rsp,596,MNO-C,ORDER-DE753BE88CBFDBE48394E1D4,ACCOUNT-d4fde49c6ff30e69c413fb1c,aura-smdpp.test,e12232ff1c3c0ab023ca0a2c645e70328d03722b46dde324ebffb8d461836e95,download,1801874939,PROFILE-6956ecef74a63f37c670,e12232ff1c3c0ab023ca0a2c645e70328d03722b46dde324ebffb8d461836e95,12207,IAC-98A6CD62F85681E2545674FCBFD77D37,I_ac,fulfilled
standard_rsp,597,MNO-A,ORDER-9CB5A2A0AFA23A2E0CA1E7F7,ACCOUNT-5e9749edcdd5d785649ad3e9,aura-smdpp.test,40bdacba9fd010ffe1a3b49e0726e5f28755f36e637da6baad1cbbc4935235ff,download,1801927809,PROFILE-73a17723be81d692a2cd,40bdacba9fd010ffe1a3b49e0726e5f28755f36e637da6baad1cbbc4935235ff,12207,MID-8137B3D1A55C748C13780648A5515E76,matching_id,fulfilled
aura_rsp,597,MNO-A,ORDER-B8D07C090401C31B80B91D66,ACCOUNT-37519df310325cedeccd341b,aura-smdpp.test,40bdacba9fd010ffe1a3b49e0726e5f28755f36e637da6baad1cbbc4935235ff,download,1801927809,PROFILE-73a17723be81d692a2cd,40bdacba9fd010ffe1a3b49e0726e5f28755f36e637da6baad1cbbc4935235ff,12207,IAC-95127E2722461166E6EBEB5280BCE573,I_ac,fulfilled
standard_rsp,598,MNO-D,ORDER-B7E6B4D97E85987E1C232EE9,ACCOUNT-0a06b6b807d51a49efb6d242,aura-smdpp.test,a2f85365e933ac0805c7953554b91bd1c62f64a32fe2d23bd0e82192d1d456f3,download,1800184706,PROFILE-29201c385904d6aa27bb,a2f85365e933ac0805c7953554b91bd1c62f64a32fe2d23bd0e82192d1d456f3,12207,MID-9DEB8DBB807808291C4B48AC71271D3D,matching_id,fulfilled
aura_rsp,598,MNO-D,ORDER-759F1DF035B118B6A0F72B63,ACCOUNT-65f91907de27540b132040c2,aura-smdpp.test,a2f85365e933ac0805c7953554b91bd1c62f64a32fe2d23bd0e82192d1d456f3,download,1800184706,PROFILE-29201c385904d6aa27bb,a2f85365e933ac0805c7953554b91bd1c62f64a32fe2d23bd0e82192d1d456f3,12207,IAC-DE3CECB48B48012A58E822C593AE5533,I_ac,fulfilled
standard_rsp,599,MNO-D,ORDER-A0F827D9EA45A72E679BAE41,ACCOUNT-3abf1cd05a1d3f1ea71cdf03,aura-smdpp.test,a00b93271c3f1ad3180a867b70fcd7ad96fba014885fb83ad0f9bc15311faf22,download,1802238906,PROFILE-f524a52bbc71b6050fc6,a00b93271c3f1ad3180a867b70fcd7ad96fba014885fb83ad0f9bc15311faf22,12207,MID-4F82DAF88AE48B1D5D20F622C04FA0BF,matching_id,fulfilled
aura_rsp,599,MNO-D,ORDER-28F4B412F3D93F5C8655D8D1,ACCOUNT-819dae97f29e3629a2953e22,aura-smdpp.test,a00b93271c3f1ad3180a867b70fcd7ad96fba014885fb83ad0f9bc15311faf22,download,1802238906,PROFILE-f524a52bbc71b6050fc6,a00b93271c3f1ad3180a867b70fcd7ad96fba014885fb83ad0f9bc15311faf22,12207,IAC-5ADC52F20B411887C68977B636465022,I_ac,fulfilled
standard_rsp,600,MNO-D,ORDER-E25FC16C24A71ADD10D793BB,ACCOUNT-6dbe5a8e1d76108cbc218331,aura-smdpp.test,700604aba8ff5b777acc547ec38cc3774ee57ffcee07766867440e66851dd242,download,1800750384,PROFILE-bddc8458fb92f9249e1f,700604aba8ff5b777acc547ec38cc3774ee57ffcee07766867440e66851dd242,12207,MID-63570D2EF5175CE28209B9AA1E752506,matching_id,fulfilled
aura_rsp,600,MNO-D,ORDER-296E378B67080D1DADF69018,ACCOUNT-5c989d24af6a4dee7b322fb2,aura-smdpp.test,700604aba8ff5b777acc547ec38cc3774ee57ffcee07766867440e66851dd242,download,1800750384,PROFILE-bddc8458fb92f9249e1f,700604aba8ff5b777acc547ec38cc3774ee57ffcee07766867440e66851dd242,12207,IAC-D9BAFA84DE84B1451A59BEB4512F2269,I_ac,fulfilled
standard_rsp,601,MNO-A,ORDER-F0931C4C22213B667CFE0121,ACCOUNT-48f86ef43b8cf1ee8150b0a5,aura-smdpp.test,042da9917bd888e5eb73503d7b271e6694ec51f074e9be222fb8eff918e8754b,download,1800983723,PROFILE-fa8cc982f0a6e790c13b,042da9917bd888e5eb73503d7b271e6694ec51f074e9be222fb8eff918e8754b,12207,MID-4E669E12A81F9728DB0CF0B1BDC6DF3A,matching_id,fulfilled
aura_rsp,601,MNO-A,ORDER-BCA526CB4216AD2F49355DCC,ACCOUNT-a45167f7ea4ac16896886882,aura-smdpp.test,042da9917bd888e5eb73503d7b271e6694ec51f074e9be222fb8eff918e8754b,download,1800983723,PROFILE-fa8cc982f0a6e790c13b,042da9917bd888e5eb73503d7b271e6694ec51f074e9be222fb8eff918e8754b,12207,IAC-1C32A1DF1F5783BBED370B2CCE9BDFFE,I_ac,fulfilled
standard_rsp,602,MNO-D,ORDER-985418679E393621937FCC43,ACCOUNT-974aa5ef70d1da11e0cce0cd,aura-smdpp.test,f6f1aabbfeba227272976b5ed3c41e4de82f14819efd7ca4ace5127c0059a4b4,download,1801898796,PROFILE-d915e6f572e7369d32a4,f6f1aabbfeba227272976b5ed3c41e4de82f14819efd7ca4ace5127c0059a4b4,12207,MID-4F23AC4B358D3C3FFC92DD7DB3A07778,matching_id,fulfilled
aura_rsp,602,MNO-D,ORDER-F99DEA1217CA2A2C3F10DCCE,ACCOUNT-1683450ce1b5cf8b1fc0500b,aura-smdpp.test,f6f1aabbfeba227272976b5ed3c41e4de82f14819efd7ca4ace5127c0059a4b4,download,1801898796,PROFILE-d915e6f572e7369d32a4,f6f1aabbfeba227272976b5ed3c41e4de82f14819efd7ca4ace5127c0059a4b4,12207,IAC-349CD10480412E95F43F840AA49A640C,I_ac,fulfilled
standard_rsp,603,MNO-B,ORDER-30CE5E3DE9C2061032A3A27D,ACCOUNT-7f748da6554ddf0494c51b3b,aura-smdpp.test,202ff43e5c01eceb53fee11dc84071fc972f5fbc2b6abe2a328c0369ebb5a580,download,1801663529,PROFILE-51d36ca9c6b3cee36d93,202ff43e5c01eceb53fee11dc84071fc972f5fbc2b6abe2a328c0369ebb5a580,12207,MID-57250B85181321FE3B3E7FDBD3D7AA29,matching_id,fulfilled
aura_rsp,603,MNO-B,ORDER-00326D5F4847753FD52BF8F7,ACCOUNT-9e4f67cbea1c4934af174166,aura-smdpp.test,202ff43e5c01eceb53fee11dc84071fc972f5fbc2b6abe2a328c0369ebb5a580,download,1801663529,PROFILE-51d36ca9c6b3cee36d93,202ff43e5c01eceb53fee11dc84071fc972f5fbc2b6abe2a328c0369ebb5a580,12207,IAC-54AB117056D5C2B6092AA9F7EF84577E,I_ac,fulfilled
standard_rsp,604,MNO-A,ORDER-E80B42AB24CAA0CE98DF30A2,ACCOUNT-222353e7b2d10da9dd94eebb,aura-smdpp.test,adaceb7782dbd208e8cf1e464dec6ca093f29f194ca4722a8ed499ff4e803c0f,download,1802410467,PROFILE-702df25dcf61b3b14cd4,adaceb7782dbd208e8cf1e464dec6ca093f29f194ca4722a8ed499ff4e803c0f,12207,MID-4C429639106DF1DAE3DBCE25233C6B0E,matching_id,fulfilled
aura_rsp,604,MNO-A,ORDER-BE0F54E7F1DE093692CDB3A1,ACCOUNT-5e20f651863b7ba809a1c395,aura-smdpp.test,adaceb7782dbd208e8cf1e464dec6ca093f29f194ca4722a8ed499ff4e803c0f,download,1802410467,PROFILE-702df25dcf61b3b14cd4,adaceb7782dbd208e8cf1e464dec6ca093f29f194ca4722a8ed499ff4e803c0f,12207,IAC-99B95029B57FC6DA632B8BF34F083E04,I_ac,fulfilled
standard_rsp,605,MNO-A,ORDER-E76CE79F69E1B2D76D74A8AB,ACCOUNT-7476fd3f7eb5dbad8b4485f3,aura-smdpp.test,125d221068b496ad3dfaf3bec30e84289119fc36ac33edef0fb1cd0084d90f8c,download,1802480051,PROFILE-f385fb675e0b41a9617d,125d221068b496ad3dfaf3bec30e84289119fc36ac33edef0fb1cd0084d90f8c,12207,MID-338EC9E9AEFD620B5A41836A5569DD13,matching_id,fulfilled
aura_rsp,605,MNO-A,ORDER-8F7C1EADDDDA0E94B70175AA,ACCOUNT-f7b244d467385c98ca106d51,aura-smdpp.test,125d221068b496ad3dfaf3bec30e84289119fc36ac33edef0fb1cd0084d90f8c,download,1802480051,PROFILE-f385fb675e0b41a9617d,125d221068b496ad3dfaf3bec30e84289119fc36ac33edef0fb1cd0084d90f8c,12207,IAC-B01C7761EB8ABD8638D20B3D00179D62,I_ac,fulfilled
standard_rsp,606,MNO-A,ORDER-148E32EB8D89BBB200F7701A,ACCOUNT-61e840302fc11d8ec1ca1195,aura-smdpp.test,d5531710b7f550af11ebfd4e4b4942348759e5418756d27eaa7c47f3b3b9625d,download,1802550380,PROFILE-d5466cf12ef67c45f6b8,d5531710b7f550af11ebfd4e4b4942348759e5418756d27eaa7c47f3b3b9625d,12207,MID-E2483EC3CEFA1AAA3DED60A4E0074136,matching_id,fulfilled
aura_rsp,606,MNO-A,ORDER-5F45A1A180A336E242B9AB07,ACCOUNT-0365f5ce3b6ba7bc75e8f27b,aura-smdpp.test,d5531710b7f550af11ebfd4e4b4942348759e5418756d27eaa7c47f3b3b9625d,download,1802550380,PROFILE-d5466cf12ef67c45f6b8,d5531710b7f550af11ebfd4e4b4942348759e5418756d27eaa7c47f3b3b9625d,12207,IAC-4E030D48E8A7764543E91DA28AF3F3EA,I_ac,fulfilled
standard_rsp,607,MNO-D,ORDER-956DE04C418BB0E074FA8368,ACCOUNT-1fae688fde643e48efd6923f,aura-smdpp.test,961847e6f6aceb2e955289aaa4246d2a76bc9a3d1f400257b5dc41e29f9d965d,download,1800593576,PROFILE-9ca68a366c8c07fa8007,961847e6f6aceb2e955289aaa4246d2a76bc9a3d1f400257b5dc41e29f9d965d,12207,MID-A97F560850C373FC16437B280A239734,matching_id,fulfilled
aura_rsp,607,MNO-D,ORDER-AF7332FCECA131BA26F38052,ACCOUNT-0afd19c9f12d8a13ed21ad74,aura-smdpp.test,961847e6f6aceb2e955289aaa4246d2a76bc9a3d1f400257b5dc41e29f9d965d,download,1800593576,PROFILE-9ca68a366c8c07fa8007,961847e6f6aceb2e955289aaa4246d2a76bc9a3d1f400257b5dc41e29f9d965d,12207,IAC-E32CA19C2052CBC62708B6D96B67E312,I_ac,fulfilled
standard_rsp,608,MNO-A,ORDER-2F5E4809BC09E6C5CAC4A732,ACCOUNT-b457593a4accd296a45f9800,aura-smdpp.test,0ecc7d707f24347a21b022c3a6fc5200cbc4ac6227b68b91f159a58d2f9b5b91,download,1801657066,PROFILE-c40309fcc1d4a60efc38,0ecc7d707f24347a21b022c3a6fc5200cbc4ac6227b68b91f159a58d2f9b5b91,12207,MID-DCC8B805FFD2CE1AE981397765CAE726,matching_id,fulfilled
aura_rsp,608,MNO-A,ORDER-3A543A7581EEAC8BB0FD4C04,ACCOUNT-6d17fb15b2f528cfe6fb082a,aura-smdpp.test,0ecc7d707f24347a21b022c3a6fc5200cbc4ac6227b68b91f159a58d2f9b5b91,download,1801657066,PROFILE-c40309fcc1d4a60efc38,0ecc7d707f24347a21b022c3a6fc5200cbc4ac6227b68b91f159a58d2f9b5b91,12207,IAC-8F705ABA94535C44E40FE7FE38F5A12F,I_ac,fulfilled
standard_rsp,609,MNO-B,ORDER-295B7DC1794314998CF832B1,ACCOUNT-944188299ba323f78c6208cb,aura-smdpp.test,d52cce4e7bd8ebb7850ccf722ebefa91b0528212c77f06c2da657ec79c5f6db2,download,1801399890,PROFILE-fc9607526216f66d15c4,d52cce4e7bd8ebb7850ccf722ebefa91b0528212c77f06c2da657ec79c5f6db2,12207,MID-B69E01C2696BEEFCC5F41FB83FC0C336,matching_id,fulfilled
aura_rsp,609,MNO-B,ORDER-70D6753C0F4DC2B5CCD50D5D,ACCOUNT-9a90058e745b320b3e4d69e2,aura-smdpp.test,d52cce4e7bd8ebb7850ccf722ebefa91b0528212c77f06c2da657ec79c5f6db2,download,1801399890,PROFILE-fc9607526216f66d15c4,d52cce4e7bd8ebb7850ccf722ebefa91b0528212c77f06c2da657ec79c5f6db2,12207,IAC-CE123F1F55A68BE0C257E77F3FD1C9B2,I_ac,fulfilled
standard_rsp,610,MNO-A,ORDER-11452A6CCABD916ED1CA3DD0,ACCOUNT-3c95b5c3a4c148004e3a5c70,aura-smdpp.test,3e015dd6af8801d69c0f2ef886c21aa0e8cdb1300fe18aa926241fdf1478cefd,download,1801644510,PROFILE-89094f4a0aa3673cf3fc,3e015dd6af8801d69c0f2ef886c21aa0e8cdb1300fe18aa926241fdf1478cefd,12207,MID-D9660B44D740D814ADD78D138BCFD28E,matching_id,fulfilled
aura_rsp,610,MNO-A,ORDER-51BFABD6EE9797D73B1C7F4B,ACCOUNT-391b12b2993a0d06ba619db2,aura-smdpp.test,3e015dd6af8801d69c0f2ef886c21aa0e8cdb1300fe18aa926241fdf1478cefd,download,1801644510,PROFILE-89094f4a0aa3673cf3fc,3e015dd6af8801d69c0f2ef886c21aa0e8cdb1300fe18aa926241fdf1478cefd,12207,IAC-81D2959DE48F2CD58E2202B178FF42E3,I_ac,fulfilled
standard_rsp,611,MNO-D,ORDER-B583AB2FC8261DE10F0B90B4,ACCOUNT-40043d7f6c18039ca2f88c0a,aura-smdpp.test,0881c45059ef6014d6a7efefd86c058ef7bf23d1c40386382270027192c5c403,download,1801089492,PROFILE-6463abeb0b81e5ca6406,0881c45059ef6014d6a7efefd86c058ef7bf23d1c40386382270027192c5c403,12207,MID-B7F26B8793B947C6D0E223395D71129D,matching_id,fulfilled
aura_rsp,611,MNO-D,ORDER-3E0B0EF388FCC2B64E0E0B90,ACCOUNT-79c0cb351605aa473f1dd3c2,aura-smdpp.test,0881c45059ef6014d6a7efefd86c058ef7bf23d1c40386382270027192c5c403,download,1801089492,PROFILE-6463abeb0b81e5ca6406,0881c45059ef6014d6a7efefd86c058ef7bf23d1c40386382270027192c5c403,12207,IAC-58226CF46B55DC8068351E0CD81064E3,I_ac,fulfilled
standard_rsp,612,MNO-C,ORDER-055FD0AD9EB333696C04AF68,ACCOUNT-5225814b3a86fcf04623523f,aura-smdpp.test,5a5f56f95c1a6d3fe008be49b5b0b902f3b8e25e8f91d8ea7fbbe7a036c723ed,download,1802004312,PROFILE-e83c181f67fe111624a7,5a5f56f95c1a6d3fe008be49b5b0b902f3b8e25e8f91d8ea7fbbe7a036c723ed,12207,MID-980C3A656897CB42AB6BCDC192D62C6D,matching_id,fulfilled
aura_rsp,612,MNO-C,ORDER-8E1F7240B53B9723A726782C,ACCOUNT-ec34fd22999f368c113968d8,aura-smdpp.test,5a5f56f95c1a6d3fe008be49b5b0b902f3b8e25e8f91d8ea7fbbe7a036c723ed,download,1802004312,PROFILE-e83c181f67fe111624a7,5a5f56f95c1a6d3fe008be49b5b0b902f3b8e25e8f91d8ea7fbbe7a036c723ed,12207,IAC-AC00536A560359A3254CE9CA29DEEE5B,I_ac,fulfilled
standard_rsp,613,MNO-C,ORDER-29371C74DE440D0064D0BC57,ACCOUNT-373f718b7dd2581ce3d9cdf8,aura-smdpp.test,8dfd85098df0fda401c8a22c0723c7b813576b1932367e9c22048d09ceda55cf,download,1802249422,PROFILE-b3e341c13222bb893b01,8dfd85098df0fda401c8a22c0723c7b813576b1932367e9c22048d09ceda55cf,12207,MID-D5526050CE8C13DABF10BD2570B0F6AF,matching_id,fulfilled
aura_rsp,613,MNO-C,ORDER-1E6F361DB22EE0DD9BA58FDC,ACCOUNT-02a053014e12af2370eb91ee,aura-smdpp.test,8dfd85098df0fda401c8a22c0723c7b813576b1932367e9c22048d09ceda55cf,download,1802249422,PROFILE-b3e341c13222bb893b01,8dfd85098df0fda401c8a22c0723c7b813576b1932367e9c22048d09ceda55cf,12207,IAC-0F290CFBB7A9291E7CB2D6C4C001F683,I_ac,fulfilled
standard_rsp,614,MNO-B,ORDER-56F5B48BA70C0A304B1B03D9,ACCOUNT-4daa1056f79d72db8f227083,aura-smdpp.test,d27474aa0544e03884938d73c9d3b466f63351bcd97fe8d05e9e34176a2bd5d1,download,1800216318,PROFILE-1f6bff2540a41a9d6a8a,d27474aa0544e03884938d73c9d3b466f63351bcd97fe8d05e9e34176a2bd5d1,12207,MID-E7099B54175AEE876BE7D1E15392A95A,matching_id,fulfilled
aura_rsp,614,MNO-B,ORDER-B86408A7758F047FB9A69315,ACCOUNT-422c321daa4619a5ad9b863d,aura-smdpp.test,d27474aa0544e03884938d73c9d3b466f63351bcd97fe8d05e9e34176a2bd5d1,download,1800216318,PROFILE-1f6bff2540a41a9d6a8a,d27474aa0544e03884938d73c9d3b466f63351bcd97fe8d05e9e34176a2bd5d1,12207,IAC-39A335E21F4609CBFB4699ADC7EC299F,I_ac,fulfilled
standard_rsp,615,MNO-D,ORDER-6093A66E0F5671582242755A,ACCOUNT-29d78e3d27da64db28948aa7,aura-smdpp.test,a72189a7a0b79eaefd7a11f69f4377df93a3aaa787977e4470ab424b1bf39080,download,1800483522,PROFILE-3ac1a7cef680e6b9fdcf,a72189a7a0b79eaefd7a11f69f4377df93a3aaa787977e4470ab424b1bf39080,12207,MID-090E4431271004827B7404A574D0EF87,matching_id,fulfilled
aura_rsp,615,MNO-D,ORDER-4B6F72A8C87D140288405BFA,ACCOUNT-e8b373cca02593bf78d97801,aura-smdpp.test,a72189a7a0b79eaefd7a11f69f4377df93a3aaa787977e4470ab424b1bf39080,download,1800483522,PROFILE-3ac1a7cef680e6b9fdcf,a72189a7a0b79eaefd7a11f69f4377df93a3aaa787977e4470ab424b1bf39080,12207,IAC-6C1C9D4964C10D6F8D3BD8614EE8D6FE,I_ac,fulfilled
standard_rsp,616,MNO-A,ORDER-24396181A0E9A29C9414DD9F,ACCOUNT-7c124ec9011ad74ddeafe4f1,aura-smdpp.test,69a5c54cfa9104256d833cfef2f0f42153ed13d4328a25343ebd6333b640ed72,download,1802262050,PROFILE-43a00b5561e20ee4e977,69a5c54cfa9104256d833cfef2f0f42153ed13d4328a25343ebd6333b640ed72,12207,MID-6FB192661776933F375F0C07A0831D9E,matching_id,fulfilled
aura_rsp,616,MNO-A,ORDER-F576953A9A5A4A3AFE851473,ACCOUNT-fae3726d63b3570d33d36573,aura-smdpp.test,69a5c54cfa9104256d833cfef2f0f42153ed13d4328a25343ebd6333b640ed72,download,1802262050,PROFILE-43a00b5561e20ee4e977,69a5c54cfa9104256d833cfef2f0f42153ed13d4328a25343ebd6333b640ed72,12207,IAC-4DB1548CC82BFC4FC7D9C4D51BF9E4CC,I_ac,fulfilled
standard_rsp,617,MNO-D,ORDER-0077473948332D352DE413B4,ACCOUNT-f4de6f7d759748b41e5055e1,aura-smdpp.test,9050eb7658b45b36d89e304dc6742f0b90c905cdc2f5e9bcded24ad327d738bf,download,1801575993,PROFILE-e778d54629a2b1792be2,9050eb7658b45b36d89e304dc6742f0b90c905cdc2f5e9bcded24ad327d738bf,12207,MID-AB0B2F7FECE9BEDBD9FB95890ADC6190,matching_id,fulfilled
aura_rsp,617,MNO-D,ORDER-4B1228608B683AA5E1D23BDD,ACCOUNT-8cedf2a38974a8dd329c6d37,aura-smdpp.test,9050eb7658b45b36d89e304dc6742f0b90c905cdc2f5e9bcded24ad327d738bf,download,1801575993,PROFILE-e778d54629a2b1792be2,9050eb7658b45b36d89e304dc6742f0b90c905cdc2f5e9bcded24ad327d738bf,12207,IAC-D59706516A651BE30CA2A2A70C3B2ED1,I_ac,fulfilled
standard_rsp,618,MNO-D,ORDER-2DD43E11D5A959EC017BE504,ACCOUNT-33e15bcd65b3d967736c9ef7,aura-smdpp.test,448bf39977cf4aa5d11170ea32f6aeb01b1d413a3308ef144b0580b3df50b1ba,download,1800246780,PROFILE-69d539dbd2209f315d78,448bf39977cf4aa5d11170ea32f6aeb01b1d413a3308ef144b0580b3df50b1ba,12207,MID-95D209430855DC12D14A679AB24C5D6A,matching_id,fulfilled
aura_rsp,618,MNO-D,ORDER-FA2CE686E6DC3FDF0AF20945,ACCOUNT-7cee72bce784d368fb870d08,aura-smdpp.test,448bf39977cf4aa5d11170ea32f6aeb01b1d413a3308ef144b0580b3df50b1ba,download,1800246780,PROFILE-69d539dbd2209f315d78,448bf39977cf4aa5d11170ea32f6aeb01b1d413a3308ef144b0580b3df50b1ba,12207,IAC-53E843AD3964F2B462E406758317539D,I_ac,fulfilled
standard_rsp,619,MNO-D,ORDER-356CDC45E6E4E16BA158A369,ACCOUNT-8d70a07706b0b030567ebc9e,aura-smdpp.test,180c48f49c267c6ddc9c1258184f931d0104b82378d60743a5dabab5c2f65a7f,download,1801645051,PROFILE-75c3d23e4deeff836886,180c48f49c267c6ddc9c1258184f931d0104b82378d60743a5dabab5c2f65a7f,12207,MID-FF9C51D9F40F49105EEEAFC17CA2828F,matching_id,fulfilled
aura_rsp,619,MNO-D,ORDER-4933C63B1516A9185E927F72,ACCOUNT-520ec44004e5b313b31e323a,aura-smdpp.test,180c48f49c267c6ddc9c1258184f931d0104b82378d60743a5dabab5c2f65a7f,download,1801645051,PROFILE-75c3d23e4deeff836886,180c48f49c267c6ddc9c1258184f931d0104b82378d60743a5dabab5c2f65a7f,12207,IAC-2CC1CD271D1DD69F029BFAB0108C08F6,I_ac,fulfilled
standard_rsp,620,MNO-B,ORDER-5A0D0810E5082019B2979383,ACCOUNT-dffdb79487b792206bdc79c5,aura-smdpp.test,0b748cc991e4506c5f58d1e3d17d22360d7638f8f76f333db24d51b91c432b98,download,1802404540,PROFILE-f1035c746cf29282d3f8,0b748cc991e4506c5f58d1e3d17d22360d7638f8f76f333db24d51b91c432b98,12207,MID-4E12EA41CDCF4F183B6B373BDD2FE655,matching_id,fulfilled
aura_rsp,620,MNO-B,ORDER-ADF28F2A1A05CBBE957A1FEA,ACCOUNT-1af6021183b3d9a34cee6bd5,aura-smdpp.test,0b748cc991e4506c5f58d1e3d17d22360d7638f8f76f333db24d51b91c432b98,download,1802404540,PROFILE-f1035c746cf29282d3f8,0b748cc991e4506c5f58d1e3d17d22360d7638f8f76f333db24d51b91c432b98,12207,IAC-4C02ED5D4FA43146AAE41F4FE6E29EBC,I_ac,fulfilled
standard_rsp,621,MNO-D,ORDER-AB6B2BFB2388E6BB71AA6798,ACCOUNT-a3d0fe34cccd20858f29eb43,aura-smdpp.test,207a673c017dda9289cb59c494f455bad42d672e817fbcfc3a894e54c8fc6beb,download,1800789089,PROFILE-bb6abfa9f3289f51fb0d,207a673c017dda9289cb59c494f455bad42d672e817fbcfc3a894e54c8fc6beb,12207,MID-2DF7B654140D73CCBA5B51B00E622A10,matching_id,fulfilled
aura_rsp,621,MNO-D,ORDER-8E1CDCA9730801F3B351385C,ACCOUNT-435cd922ac2370b8067a3870,aura-smdpp.test,207a673c017dda9289cb59c494f455bad42d672e817fbcfc3a894e54c8fc6beb,download,1800789089,PROFILE-bb6abfa9f3289f51fb0d,207a673c017dda9289cb59c494f455bad42d672e817fbcfc3a894e54c8fc6beb,12207,IAC-125D121E6F953957DC4F3BF3F20FC875,I_ac,fulfilled
standard_rsp,622,MNO-C,ORDER-45E0140ACFBFD63D9B56AF1B,ACCOUNT-7eb21c20d6f8dc7d16d35d8c,aura-smdpp.test,bb320807a73ef5af8633bffc9b7063d14eb12340c7640e3be97720c601885dc4,download,1800549117,PROFILE-d3ba06d6b7cbc7c08fac,bb320807a73ef5af8633bffc9b7063d14eb12340c7640e3be97720c601885dc4,12207,MID-E91A629982627B5B54B2BAA5FF9AAA2B,matching_id,fulfilled
aura_rsp,622,MNO-C,ORDER-0DF48235BB13BE6840D15973,ACCOUNT-2b04293890b4b075964cd63c,aura-smdpp.test,bb320807a73ef5af8633bffc9b7063d14eb12340c7640e3be97720c601885dc4,download,1800549117,PROFILE-d3ba06d6b7cbc7c08fac,bb320807a73ef5af8633bffc9b7063d14eb12340c7640e3be97720c601885dc4,12207,IAC-C652111538798F7672C1F96F59BFA5E3,I_ac,fulfilled
standard_rsp,623,MNO-C,ORDER-3E45D4BBED7975716578972A,ACCOUNT-f90963266b41dc949e6bb592,aura-smdpp.test,a991ca787be91351c10606cad84398ef0287e5807bd16952734a940414c202ef,download,1802588766,PROFILE-a74415da58d7ecaa5719,a991ca787be91351c10606cad84398ef0287e5807bd16952734a940414c202ef,12207,MID-A6CB5701C2B4CCB61C38E7FEBE7DB464,matching_id,fulfilled
aura_rsp,623,MNO-C,ORDER-1C50C828AF0F694D18A5FE35,ACCOUNT-38085ffd5fccf3341e1dab4b,aura-smdpp.test,a991ca787be91351c10606cad84398ef0287e5807bd16952734a940414c202ef,download,1802588766,PROFILE-a74415da58d7ecaa5719,a991ca787be91351c10606cad84398ef0287e5807bd16952734a940414c202ef,12207,IAC-080F332D136BB800AD4388F6D895AD1C,I_ac,fulfilled
standard_rsp,624,MNO-A,ORDER-5D7EB37FCE6EE9E73819D7BA,ACCOUNT-396cb46b6eb870fb7210a72d,aura-smdpp.test,ce1c176b670926f3cd642da7c86222f93b8e721388b742357ab46d4a112bfd58,download,1800008384,PROFILE-9260fd6f44ea3ce4d8b2,ce1c176b670926f3cd642da7c86222f93b8e721388b742357ab46d4a112bfd58,12207,MID-5757AD599D068AEB44FC4BACBCA07116,matching_id,fulfilled
aura_rsp,624,MNO-A,ORDER-A94B123F096424797EF23848,ACCOUNT-8ffe0697278d447e553b23c9,aura-smdpp.test,ce1c176b670926f3cd642da7c86222f93b8e721388b742357ab46d4a112bfd58,download,1800008384,PROFILE-9260fd6f44ea3ce4d8b2,ce1c176b670926f3cd642da7c86222f93b8e721388b742357ab46d4a112bfd58,12207,IAC-8E92458A314CE35199A3A35A486E62F3,I_ac,fulfilled
standard_rsp,625,MNO-C,ORDER-807AC7423B024DB87466925A,ACCOUNT-819bfa0c3ba2826dfa1fefe4,aura-smdpp.test,40547f1303bf7cd5a0e7f90887c215d48e04b4354c3c1c34dffc4f0bb8e5662d,download,1801486798,PROFILE-d6de061a31a8a567f9cb,40547f1303bf7cd5a0e7f90887c215d48e04b4354c3c1c34dffc4f0bb8e5662d,12207,MID-BA6092A1E84CA0C3750541A64B8AEB03,matching_id,fulfilled
aura_rsp,625,MNO-C,ORDER-92DF72C4F59F0E3CD5DD0195,ACCOUNT-824e1c2a0e0eb311b684711d,aura-smdpp.test,40547f1303bf7cd5a0e7f90887c215d48e04b4354c3c1c34dffc4f0bb8e5662d,download,1801486798,PROFILE-d6de061a31a8a567f9cb,40547f1303bf7cd5a0e7f90887c215d48e04b4354c3c1c34dffc4f0bb8e5662d,12207,IAC-EF5A0C4D216B2474910C62B189DEA3D1,I_ac,fulfilled
standard_rsp,626,MNO-D,ORDER-29D9A938BE6015CBDF2B5E4E,ACCOUNT-3892c1c53bcbd1096fc1bb1a,aura-smdpp.test,4eb6c0eedce1d73ec7ee8a5c28af11689d64db99df52673a1283f7b8b1be42fc,download,1800813713,PROFILE-df73f4b09b16314960e2,4eb6c0eedce1d73ec7ee8a5c28af11689d64db99df52673a1283f7b8b1be42fc,12207,MID-57804CBC1D8068770183FE449EC1B186,matching_id,fulfilled
aura_rsp,626,MNO-D,ORDER-6EE9087067B163F27E74426F,ACCOUNT-1e5f5b5bc5d45ed48e4292c2,aura-smdpp.test,4eb6c0eedce1d73ec7ee8a5c28af11689d64db99df52673a1283f7b8b1be42fc,download,1800813713,PROFILE-df73f4b09b16314960e2,4eb6c0eedce1d73ec7ee8a5c28af11689d64db99df52673a1283f7b8b1be42fc,12207,IAC-0B212B114E14EA947C209951DA450F09,I_ac,fulfilled
standard_rsp,627,MNO-C,ORDER-FB31753F141FEF55C26B966F,ACCOUNT-d9bc99733751fc2182cd4609,aura-smdpp.test,28cede55a01d2ac3ca8bc856f8430d0f026f227e4bfb24faaeece6a91913f2c0,download,1802242164,PROFILE-a3389fefc61b7762d675,28cede55a01d2ac3ca8bc856f8430d0f026f227e4bfb24faaeece6a91913f2c0,12207,MID-8AF6CC434D5CDBCF4A1E9B4BAFA0ABDF,matching_id,fulfilled
aura_rsp,627,MNO-C,ORDER-4C575ABF55088E03D90AD165,ACCOUNT-a5bbd2d3a7bd6ce8965522bc,aura-smdpp.test,28cede55a01d2ac3ca8bc856f8430d0f026f227e4bfb24faaeece6a91913f2c0,download,1802242164,PROFILE-a3389fefc61b7762d675,28cede55a01d2ac3ca8bc856f8430d0f026f227e4bfb24faaeece6a91913f2c0,12207,IAC-95DA1BD446898A5CF2E9CF97E5544EEF,I_ac,fulfilled
standard_rsp,628,MNO-C,ORDER-C96AA258882AF505F00F5C78,ACCOUNT-9e2082999d37378098a92fd5,aura-smdpp.test,1861de520e521ba33a3f2c3263ff697690a7703fd90d5b9d48364d1e4f596976,download,1800005015,PROFILE-2aaa6b0b0de7014f6cf2,1861de520e521ba33a3f2c3263ff697690a7703fd90d5b9d48364d1e4f596976,12207,MID-130A32D1890CC721D89C7F73266FB6DC,matching_id,fulfilled
aura_rsp,628,MNO-C,ORDER-0AAFCAFA24C117E454151751,ACCOUNT-0dece5db90130ffe7d03f359,aura-smdpp.test,1861de520e521ba33a3f2c3263ff697690a7703fd90d5b9d48364d1e4f596976,download,1800005015,PROFILE-2aaa6b0b0de7014f6cf2,1861de520e521ba33a3f2c3263ff697690a7703fd90d5b9d48364d1e4f596976,12207,IAC-CA4B1158AF65D94EDA18BEB678CB9D5A,I_ac,fulfilled
standard_rsp,629,MNO-A,ORDER-F493B50FE996ADAE78538B6F,ACCOUNT-ff5312331cf17f05932ea631,aura-smdpp.test,70d1eb8f56efcd497ebab722b645cac004c74393924f9253f9497e8dba06ef74,download,1802256027,PROFILE-7277cb1c6c6cb167f325,70d1eb8f56efcd497ebab722b645cac004c74393924f9253f9497e8dba06ef74,12207,MID-3225D6B840B97F447F535905F8343F31,matching_id,fulfilled
aura_rsp,629,MNO-A,ORDER-BAEE1366623DED35F26BF593,ACCOUNT-72b9657360d75ee73fb10486,aura-smdpp.test,70d1eb8f56efcd497ebab722b645cac004c74393924f9253f9497e8dba06ef74,download,1802256027,PROFILE-7277cb1c6c6cb167f325,70d1eb8f56efcd497ebab722b645cac004c74393924f9253f9497e8dba06ef74,12207,IAC-0EB62D4376937B59D5A51107895432A7,I_ac,fulfilled
standard_rsp,630,MNO-B,ORDER-B27EC67A68179ADD67C2FEFA,ACCOUNT-7c278d9ece887e1a563d68fe,aura-smdpp.test,844f334c822769a9bf9a4189fedf40db6b6eb21b1a4d4ee87d85e8906c3c5801,download,1800486802,PROFILE-f3d2436b8d2cf787acb0,844f334c822769a9bf9a4189fedf40db6b6eb21b1a4d4ee87d85e8906c3c5801,12207,MID-33542F4EFA1FC8B003336C41E64213AE,matching_id,fulfilled
aura_rsp,630,MNO-B,ORDER-7A30281C8113AF9C480CA4F7,ACCOUNT-6a487acbcd852bf9bb0c5e8f,aura-smdpp.test,844f334c822769a9bf9a4189fedf40db6b6eb21b1a4d4ee87d85e8906c3c5801,download,1800486802,PROFILE-f3d2436b8d2cf787acb0,844f334c822769a9bf9a4189fedf40db6b6eb21b1a4d4ee87d85e8906c3c5801,12207,IAC-8BB32FE1CF8014D3C725D3DBF795CB98,I_ac,fulfilled
standard_rsp,631,MNO-D,ORDER-3EB4F91C8A10A8B1D3D8E58B,ACCOUNT-fc48979da5a5e77fbe80be0e,aura-smdpp.test,382e8053d4dff65aa9ca49e7550a570ac229ae0aba5442c99b9eabe7d0454444,download,1800588541,PROFILE-f80436679f36eef5ce31,382e8053d4dff65aa9ca49e7550a570ac229ae0aba5442c99b9eabe7d0454444,12207,MID-5F08CE280604B43C8BA3B53986EFF2E2,matching_id,fulfilled
aura_rsp,631,MNO-D,ORDER-DB21E4B2C1642BABF0E21A10,ACCOUNT-44f2637c4f862fad74ba8aad,aura-smdpp.test,382e8053d4dff65aa9ca49e7550a570ac229ae0aba5442c99b9eabe7d0454444,download,1800588541,PROFILE-f80436679f36eef5ce31,382e8053d4dff65aa9ca49e7550a570ac229ae0aba5442c99b9eabe7d0454444,12207,IAC-1A04A380F598A645F7C9FC03B68DB300,I_ac,fulfilled
standard_rsp,632,MNO-A,ORDER-93FAD1C6DF2210878AAD23A4,ACCOUNT-03242ccba4564d80a062291e,aura-smdpp.test,54ba1df2e681f5344c1ba017361256a34b528631413c874477f4c4c475e70064,download,1801611778,PROFILE-6ebf15e52bea110453fd,54ba1df2e681f5344c1ba017361256a34b528631413c874477f4c4c475e70064,12207,MID-1FEDC2D267DC86A38A0D96A2D659CF28,matching_id,fulfilled
aura_rsp,632,MNO-A,ORDER-1817ACA1716406A1177703F6,ACCOUNT-c38ee3b25ad1e4ab8854e3f3,aura-smdpp.test,54ba1df2e681f5344c1ba017361256a34b528631413c874477f4c4c475e70064,download,1801611778,PROFILE-6ebf15e52bea110453fd,54ba1df2e681f5344c1ba017361256a34b528631413c874477f4c4c475e70064,12207,IAC-6283E0B4C32F4529B9657BA094A39207,I_ac,fulfilled
standard_rsp,633,MNO-D,ORDER-8B3D687FC363E3E0E0663A67,ACCOUNT-5bb1704af3f08e5c1e8a05f5,aura-smdpp.test,990f6ff0402a1511fdd45f3fd7e6a97652a726e8d9a4c1d273cdbaff88467b94,download,1800985014,PROFILE-1deaa6edd40bfb7a95ca,990f6ff0402a1511fdd45f3fd7e6a97652a726e8d9a4c1d273cdbaff88467b94,12207,MID-2DA548CFED8A805D6671A9E836B76A67,matching_id,fulfilled
aura_rsp,633,MNO-D,ORDER-A9674335EDD1DD727A0F1CE5,ACCOUNT-0c053fed1de0b99683bb77ed,aura-smdpp.test,990f6ff0402a1511fdd45f3fd7e6a97652a726e8d9a4c1d273cdbaff88467b94,download,1800985014,PROFILE-1deaa6edd40bfb7a95ca,990f6ff0402a1511fdd45f3fd7e6a97652a726e8d9a4c1d273cdbaff88467b94,12207,IAC-40E3FB09E403E5600D5941B26CDAD286,I_ac,fulfilled
standard_rsp,634,MNO-A,ORDER-371A7AE61A5206DD54E2A74F,ACCOUNT-9d79ce3db68c06e615fbe0f0,aura-smdpp.test,9c651b4b065dbbb46c96cd2f121f2866ad27ae47be113147f94e8803072418bb,download,1801251112,PROFILE-bb5a42e09a3f0ccafa61,9c651b4b065dbbb46c96cd2f121f2866ad27ae47be113147f94e8803072418bb,12207,MID-74CC999EEEB6548972726E5F28C0E328,matching_id,fulfilled
aura_rsp,634,MNO-A,ORDER-C5CC007859DE51762ABC09D0,ACCOUNT-0459bf81c43442c3759cae3f,aura-smdpp.test,9c651b4b065dbbb46c96cd2f121f2866ad27ae47be113147f94e8803072418bb,download,1801251112,PROFILE-bb5a42e09a3f0ccafa61,9c651b4b065dbbb46c96cd2f121f2866ad27ae47be113147f94e8803072418bb,12207,IAC-AB1DD11A785A38B6B1C85B3512E62229,I_ac,fulfilled
standard_rsp,635,MNO-B,ORDER-7C9319DFBB8160AC4F1D07AE,ACCOUNT-21ca91a02825ef8b55509bb2,aura-smdpp.test,49e9d59fb34497c7906217a5275208618a665a23192df8467a1e634261502dd9,download,1802512294,PROFILE-0c42facac7bb71646a3c,49e9d59fb34497c7906217a5275208618a665a23192df8467a1e634261502dd9,12207,MID-11A60F6C3B12FD558D837A625F3B0500,matching_id,fulfilled
aura_rsp,635,MNO-B,ORDER-D11FE62E56440E81DE3888A9,ACCOUNT-5ec3b38ca3c13c422f2ba5b5,aura-smdpp.test,49e9d59fb34497c7906217a5275208618a665a23192df8467a1e634261502dd9,download,1802512294,PROFILE-0c42facac7bb71646a3c,49e9d59fb34497c7906217a5275208618a665a23192df8467a1e634261502dd9,12207,IAC-4D6C8F4B4043BA4CFFA75F100CF6DD2F,I_ac,fulfilled
standard_rsp,636,MNO-C,ORDER-5D8392633706DA92A6F591BA,ACCOUNT-33b01cf67a0153bafdb65f4f,aura-smdpp.test,890294de806f1086fbf11e856700330f7fa63f69f492906ec3f259be2d201b01,download,1801691766,PROFILE-bc7880725ab963103fd2,890294de806f1086fbf11e856700330f7fa63f69f492906ec3f259be2d201b01,12207,MID-935A219A489724D5AA0FC750BCACEED8,matching_id,fulfilled
aura_rsp,636,MNO-C,ORDER-D429D9D0014D8F3899617ADF,ACCOUNT-676c61794ccfea2c7feaa122,aura-smdpp.test,890294de806f1086fbf11e856700330f7fa63f69f492906ec3f259be2d201b01,download,1801691766,PROFILE-bc7880725ab963103fd2,890294de806f1086fbf11e856700330f7fa63f69f492906ec3f259be2d201b01,12207,IAC-1CBF3A7AD5776FD7AE314B95BEDE3C1B,I_ac,fulfilled
standard_rsp,637,MNO-B,ORDER-7E69F509B5F2DA8E0F408307,ACCOUNT-33d02ec3ea27037cad2161dd,aura-smdpp.test,31f2532f24740ec47ea3cfd6c5620e89ced1d6c30d1b5df2fa106d6cc20e8823,download,1800219650,PROFILE-9618aa20361e28014a95,31f2532f24740ec47ea3cfd6c5620e89ced1d6c30d1b5df2fa106d6cc20e8823,12207,MID-C4B4CEBE9E30B541D23038D0A197F40A,matching_id,fulfilled
aura_rsp,637,MNO-B,ORDER-586463EE646E9F475B72EA45,ACCOUNT-8031d218ed2cf30a51080489,aura-smdpp.test,31f2532f24740ec47ea3cfd6c5620e89ced1d6c30d1b5df2fa106d6cc20e8823,download,1800219650,PROFILE-9618aa20361e28014a95,31f2532f24740ec47ea3cfd6c5620e89ced1d6c30d1b5df2fa106d6cc20e8823,12207,IAC-2A370800DFCF5D439E87E50F865E4E2E,I_ac,fulfilled
standard_rsp,638,MNO-B,ORDER-86FFDAD1438338F4E0F1D5A1,ACCOUNT-29982aa83a23048b88450d04,aura-smdpp.test,2bbfbcbfc886dc0c9edc98879218b4b7a0a843d032c771c9856362d4cc8de3ab,download,1802257987,PROFILE-392014a75583e74e5162,2bbfbcbfc886dc0c9edc98879218b4b7a0a843d032c771c9856362d4cc8de3ab,12207,MID-A3CE6A4AE123566970865902A178A4A0,matching_id,fulfilled
aura_rsp,638,MNO-B,ORDER-37A269888EE264812B75EC4B,ACCOUNT-857cd5876be1ba424aa99287,aura-smdpp.test,2bbfbcbfc886dc0c9edc98879218b4b7a0a843d032c771c9856362d4cc8de3ab,download,1802257987,PROFILE-392014a75583e74e5162,2bbfbcbfc886dc0c9edc98879218b4b7a0a843d032c771c9856362d4cc8de3ab,12207,IAC-D4D9028205ADFDD394A5BDCB1BD1674D,I_ac,fulfilled
standard_rsp,639,MNO-A,ORDER-0413BC4A6C1D5A519DB3F4B2,ACCOUNT-1dfc0297365ea16fb70d3557,aura-smdpp.test,8e86bae1ddbf80b94752ccde3f38feee1a5311b53b77ab4b0b12822545d6bcba,download,1800336225,PROFILE-ae228865d0446dfad5a7,8e86bae1ddbf80b94752ccde3f38feee1a5311b53b77ab4b0b12822545d6bcba,12207,MID-5E9F08F0A2FDDBA8466F2519E50EF4DF,matching_id,fulfilled
aura_rsp,639,MNO-A,ORDER-91411275F915E16DBFAC0CD2,ACCOUNT-fde54c1962f13f1bc5751bd3,aura-smdpp.test,8e86bae1ddbf80b94752ccde3f38feee1a5311b53b77ab4b0b12822545d6bcba,download,1800336225,PROFILE-ae228865d0446dfad5a7,8e86bae1ddbf80b94752ccde3f38feee1a5311b53b77ab4b0b12822545d6bcba,12207,IAC-775A88BFBC94D8E194E7C2198BC243B5,I_ac,fulfilled
standard_rsp,640,MNO-C,ORDER-78D6AFEE42881B1178EA1629,ACCOUNT-1b83ed27a54f7ccb5490b91d,aura-smdpp.test,81f82e42a12758b3304917089de1d6699386cb4128914d22d9b9cd8763653e06,download,1800258932,PROFILE-648adcdf6322817dee5d,81f82e42a12758b3304917089de1d6699386cb4128914d22d9b9cd8763653e06,12207,MID-16A5A1B27F53BAA72029DEF9AE0FA65F,matching_id,fulfilled
aura_rsp,640,MNO-C,ORDER-F95D140DE5A60554E182FF84,ACCOUNT-48442937dbec3b463a9e5244,aura-smdpp.test,81f82e42a12758b3304917089de1d6699386cb4128914d22d9b9cd8763653e06,download,1800258932,PROFILE-648adcdf6322817dee5d,81f82e42a12758b3304917089de1d6699386cb4128914d22d9b9cd8763653e06,12207,IAC-08015412106E30A9F44BAA30667A91C8,I_ac,fulfilled
standard_rsp,641,MNO-D,ORDER-5BFA717B1FAE4D716C165975,ACCOUNT-c24e1ea1784ff47781489beb,aura-smdpp.test,69829d5aecd63dfdacf106f8afbab9fdbdaed8b05691225d3b448e209a84ccb7,download,1801380773,PROFILE-4fb6efa7dc3064c3075f,69829d5aecd63dfdacf106f8afbab9fdbdaed8b05691225d3b448e209a84ccb7,12207,MID-5AFAA0ADB2A3AFFC25B5B52709F3CB8E,matching_id,fulfilled
aura_rsp,641,MNO-D,ORDER-6AAB38FD2D38492F977FDCA2,ACCOUNT-b2d850d80a794be8f719e1c6,aura-smdpp.test,69829d5aecd63dfdacf106f8afbab9fdbdaed8b05691225d3b448e209a84ccb7,download,1801380773,PROFILE-4fb6efa7dc3064c3075f,69829d5aecd63dfdacf106f8afbab9fdbdaed8b05691225d3b448e209a84ccb7,12207,IAC-2F903C1C424F4D7E2DAD18AF7E01B16F,I_ac,fulfilled
standard_rsp,642,MNO-A,ORDER-443A9306DC4EFEE756670AB8,ACCOUNT-e52415e99fb72a6242209436,aura-smdpp.test,ecae3b9e698ba8eeaf31840f499be6e3701ac93a4674b4281ef009858c7290d0,download,1800775607,PROFILE-80fdf819d63567b4f141,ecae3b9e698ba8eeaf31840f499be6e3701ac93a4674b4281ef009858c7290d0,12207,MID-9FCF529A05D28B185495377B23DF4981,matching_id,fulfilled
aura_rsp,642,MNO-A,ORDER-48ADA481B39B95B04BEEED66,ACCOUNT-9f9f84c1940e130458e3b2eb,aura-smdpp.test,ecae3b9e698ba8eeaf31840f499be6e3701ac93a4674b4281ef009858c7290d0,download,1800775607,PROFILE-80fdf819d63567b4f141,ecae3b9e698ba8eeaf31840f499be6e3701ac93a4674b4281ef009858c7290d0,12207,IAC-2C11963CCD6CEBFCCB536E59B1A98BD2,I_ac,fulfilled
standard_rsp,643,MNO-D,ORDER-E12ACD5C19C4872A562BB08E,ACCOUNT-e4b69be8577e657d2c98369d,aura-smdpp.test,98970e1cb2a53b1f2a8c8e77c76436f7c6d974aed8e06bca62dd441bd169f79f,download,1800161690,PROFILE-41d6329b2e130a64ef58,98970e1cb2a53b1f2a8c8e77c76436f7c6d974aed8e06bca62dd441bd169f79f,12207,MID-44201345CA10F94AE4B25B872F96163F,matching_id,fulfilled
aura_rsp,643,MNO-D,ORDER-36CA2B36C4E1BD6090F6066F,ACCOUNT-54e1bd9354488950d2936ab0,aura-smdpp.test,98970e1cb2a53b1f2a8c8e77c76436f7c6d974aed8e06bca62dd441bd169f79f,download,1800161690,PROFILE-41d6329b2e130a64ef58,98970e1cb2a53b1f2a8c8e77c76436f7c6d974aed8e06bca62dd441bd169f79f,12207,IAC-5B42277E89F250E2262D801B1DADF2ED,I_ac,fulfilled
standard_rsp,644,MNO-B,ORDER-9441C2DAB49CE3A35B285383,ACCOUNT-535f26874770c4826c0f16fd,aura-smdpp.test,2bec77c92ca25e5b9dad9709fd3d2bec6a0fe4a27c019ffa11bbc86311357073,download,1800195218,PROFILE-cb4e26ee9925d15d07dc,2bec77c92ca25e5b9dad9709fd3d2bec6a0fe4a27c019ffa11bbc86311357073,12207,MID-B097F0E2F8DB4D4425EDC32795B46610,matching_id,fulfilled
aura_rsp,644,MNO-B,ORDER-6EE1E39B3A174FB19EC443F4,ACCOUNT-29b02c6ae13a414e84bc3780,aura-smdpp.test,2bec77c92ca25e5b9dad9709fd3d2bec6a0fe4a27c019ffa11bbc86311357073,download,1800195218,PROFILE-cb4e26ee9925d15d07dc,2bec77c92ca25e5b9dad9709fd3d2bec6a0fe4a27c019ffa11bbc86311357073,12207,IAC-C98172E3274BC33B1DA2FFAFFF0F47A3,I_ac,fulfilled
standard_rsp,645,MNO-B,ORDER-BA306C818A4BCCEFB010175F,ACCOUNT-c46145b575e0eabbb38dfa09,aura-smdpp.test,b9e50a383feb6953d5d384d8d561d09b19b13d66095d801b8144d1928fbda2e1,download,1801676015,PROFILE-0f0647e739ad4ed9839c,b9e50a383feb6953d5d384d8d561d09b19b13d66095d801b8144d1928fbda2e1,12207,MID-B5DCFC5B6D05704C7EF8870BAA567B4E,matching_id,fulfilled
aura_rsp,645,MNO-B,ORDER-519A10ACA9D806423A0C2A20,ACCOUNT-0dd833ed72dcbc7f6804047d,aura-smdpp.test,b9e50a383feb6953d5d384d8d561d09b19b13d66095d801b8144d1928fbda2e1,download,1801676015,PROFILE-0f0647e739ad4ed9839c,b9e50a383feb6953d5d384d8d561d09b19b13d66095d801b8144d1928fbda2e1,12207,IAC-8E695BC0B79FC4C550CE14E8BBDD7CDF,I_ac,fulfilled
standard_rsp,646,MNO-D,ORDER-C7474B24FFCA2D3B0BA46F5C,ACCOUNT-7c1ed447f2b375b25158569b,aura-smdpp.test,fca6fe9fdf8677a0f5f23a562ed6dd80f0547e6e300fb58ea28d93907f757098,download,1801812519,PROFILE-70464178f1b22c9cd8bc,fca6fe9fdf8677a0f5f23a562ed6dd80f0547e6e300fb58ea28d93907f757098,12207,MID-BFF475F7EB3A1C512BA64D3B08E169FA,matching_id,fulfilled
aura_rsp,646,MNO-D,ORDER-C5141613518872CD7FAFB0D1,ACCOUNT-57b7c6275bcb79aa301bd39e,aura-smdpp.test,fca6fe9fdf8677a0f5f23a562ed6dd80f0547e6e300fb58ea28d93907f757098,download,1801812519,PROFILE-70464178f1b22c9cd8bc,fca6fe9fdf8677a0f5f23a562ed6dd80f0547e6e300fb58ea28d93907f757098,12207,IAC-A9CB56F67F5A726F6DAAC5B1EB8A1984,I_ac,fulfilled
standard_rsp,647,MNO-A,ORDER-4AE18F5885DF16FAB77056A0,ACCOUNT-6cb7c0f23212ee401d148cb8,aura-smdpp.test,645c42157dd52790a3d3bd78f38bff025af44e85a7dc8e5f7f76e5f619e0dbac,download,1800742178,PROFILE-717a57461970a18b32e2,645c42157dd52790a3d3bd78f38bff025af44e85a7dc8e5f7f76e5f619e0dbac,12207,MID-9B7D9AD035C58144A216C5A349AB6AAF,matching_id,fulfilled
aura_rsp,647,MNO-A,ORDER-7369CEE34D088ADAF18330C8,ACCOUNT-ac4b7b17adc3b38cc4dfe27d,aura-smdpp.test,645c42157dd52790a3d3bd78f38bff025af44e85a7dc8e5f7f76e5f619e0dbac,download,1800742178,PROFILE-717a57461970a18b32e2,645c42157dd52790a3d3bd78f38bff025af44e85a7dc8e5f7f76e5f619e0dbac,12207,IAC-76852523A154AB7C83D9FC2BE3476864,I_ac,fulfilled
standard_rsp,648,MNO-A,ORDER-A90FEFC54FD46A57D6BB2A73,ACCOUNT-ce725d41735be829eb33a02d,aura-smdpp.test,ac6000535284a769bc8ef9cfc7bacfac637c617f8a0881b90aadad6a5152f70a,download,1802258541,PROFILE-c7c2168ffbfe9aa833a1,ac6000535284a769bc8ef9cfc7bacfac637c617f8a0881b90aadad6a5152f70a,12207,MID-BE2AB9F6FEEB02BFFC9F8FAF3847EC25,matching_id,fulfilled
aura_rsp,648,MNO-A,ORDER-34175CB6E845B85F45747A6C,ACCOUNT-d767f93e055fd388e50ffaca,aura-smdpp.test,ac6000535284a769bc8ef9cfc7bacfac637c617f8a0881b90aadad6a5152f70a,download,1802258541,PROFILE-c7c2168ffbfe9aa833a1,ac6000535284a769bc8ef9cfc7bacfac637c617f8a0881b90aadad6a5152f70a,12207,IAC-0E9DCA02CDBAFA4AD3743FE32FB55C0F,I_ac,fulfilled
standard_rsp,649,MNO-C,ORDER-732F022D967A14D641C23E11,ACCOUNT-c963b294652b324fd49c339d,aura-smdpp.test,8daf4b64a9f26ab3bc5c338a4a1209fe107bc2c65faa47013f9b9a43cdcc75f0,download,1801545452,PROFILE-98190032c3cf61866146,8daf4b64a9f26ab3bc5c338a4a1209fe107bc2c65faa47013f9b9a43cdcc75f0,12207,MID-2F2950BF19566A21458D6B11FBE3E9EF,matching_id,fulfilled
aura_rsp,649,MNO-C,ORDER-4124B39AECB74E9F311E56A4,ACCOUNT-cfa1395a17ccb35ec232c95d,aura-smdpp.test,8daf4b64a9f26ab3bc5c338a4a1209fe107bc2c65faa47013f9b9a43cdcc75f0,download,1801545452,PROFILE-98190032c3cf61866146,8daf4b64a9f26ab3bc5c338a4a1209fe107bc2c65faa47013f9b9a43cdcc75f0,12207,IAC-54F47B5F2CE4A13E6CF9BEA141FA98E9,I_ac,fulfilled
standard_rsp,650,MNO-A,ORDER-50292B8EA85261821259DCD7,ACCOUNT-87374b51149cfe13ae6915a6,aura-smdpp.test,f7e64f20f920756de3e3b6a1804691168a52188be05d7dd8e3a6bf3d3bf5302c,download,1800862269,PROFILE-974e4147eb9650dac948,f7e64f20f920756de3e3b6a1804691168a52188be05d7dd8e3a6bf3d3bf5302c,12207,MID-B1D6ED2A40FEFD5D159007338383E113,matching_id,fulfilled
aura_rsp,650,MNO-A,ORDER-E1C072D6193D513D7B2F0499,ACCOUNT-3216a470dabf7b88831750d3,aura-smdpp.test,f7e64f20f920756de3e3b6a1804691168a52188be05d7dd8e3a6bf3d3bf5302c,download,1800862269,PROFILE-974e4147eb9650dac948,f7e64f20f920756de3e3b6a1804691168a52188be05d7dd8e3a6bf3d3bf5302c,12207,IAC-5A385027BD7CF61FA7175CF888CDC84A,I_ac,fulfilled
standard_rsp,651,MNO-C,ORDER-F68DF84A73B5CEE60252C2BC,ACCOUNT-a64935b31913d96e7f4aa226,aura-smdpp.test,a946c43b8cb7e3473b4158dc1e12bcaa79b89b3690b6aec4f35263afc6dd4179,download,1800069948,PROFILE-441a27093d663c8273e5,a946c43b8cb7e3473b4158dc1e12bcaa79b89b3690b6aec4f35263afc6dd4179,12207,MID-F2BB67D85019CB620D120D7745527062,matching_id,fulfilled
aura_rsp,651,MNO-C,ORDER-B676475E380F4E985FDBC363,ACCOUNT-d1f48ece3a8a683cb400c722,aura-smdpp.test,a946c43b8cb7e3473b4158dc1e12bcaa79b89b3690b6aec4f35263afc6dd4179,download,1800069948,PROFILE-441a27093d663c8273e5,a946c43b8cb7e3473b4158dc1e12bcaa79b89b3690b6aec4f35263afc6dd4179,12207,IAC-15DD644CC4BDC5117D48758CCBBB6B76,I_ac,fulfilled
standard_rsp,652,MNO-B,ORDER-085887CFC96926E221C21DF7,ACCOUNT-40581b4c9ebebfbc84a639ad,aura-smdpp.test,27c701f53e2882d4e192c6fac8ecf0bcf0d3fd15e1d0d2648f03a1c2beee5742,download,1800302592,PROFILE-de5abc61b242fb10e678,27c701f53e2882d4e192c6fac8ecf0bcf0d3fd15e1d0d2648f03a1c2beee5742,12207,MID-39B3D78DD90A9CBA420FF970C8CEBFF2,matching_id,fulfilled
aura_rsp,652,MNO-B,ORDER-F35AAF84A47946B64E2CCDEC,ACCOUNT-24d921bd03fde54d5dfbff8b,aura-smdpp.test,27c701f53e2882d4e192c6fac8ecf0bcf0d3fd15e1d0d2648f03a1c2beee5742,download,1800302592,PROFILE-de5abc61b242fb10e678,27c701f53e2882d4e192c6fac8ecf0bcf0d3fd15e1d0d2648f03a1c2beee5742,12207,IAC-477B08388CC70CFC3FE26FC2CC3CBB2C,I_ac,fulfilled
standard_rsp,653,MNO-A,ORDER-447E8E5C434F67F654D5626F,ACCOUNT-8f80f98f39bedc712f64399c,aura-smdpp.test,bd555ee6920ad55771e40684b7f4a034f504796969d237466fc5962c44318943,download,1800367217,PROFILE-17041e976ff137e39ab1,bd555ee6920ad55771e40684b7f4a034f504796969d237466fc5962c44318943,12207,MID-3192039A01A447A8FD85899B2015546E,matching_id,fulfilled
aura_rsp,653,MNO-A,ORDER-269D538A7A825433749BEC81,ACCOUNT-b75d44ab437a0223b2b4af4b,aura-smdpp.test,bd555ee6920ad55771e40684b7f4a034f504796969d237466fc5962c44318943,download,1800367217,PROFILE-17041e976ff137e39ab1,bd555ee6920ad55771e40684b7f4a034f504796969d237466fc5962c44318943,12207,IAC-671262C956CF1B6C052F1193F3940967,I_ac,fulfilled
standard_rsp,654,MNO-A,ORDER-7F0480FFA6C6A0CD7C74FC44,ACCOUNT-c6f95084e4d5082d53bd43ca,aura-smdpp.test,02bc3a21b3845f55309a9b0049f9d73f084a59be24505f9c74d2277a2005d5df,download,1801456475,PROFILE-32399139dca8bb2aa255,02bc3a21b3845f55309a9b0049f9d73f084a59be24505f9c74d2277a2005d5df,12207,MID-374D33BAFFC3335F8E67DF562C2F0F6D,matching_id,fulfilled
aura_rsp,654,MNO-A,ORDER-65F29A6E15C688D6B3400B1A,ACCOUNT-73f2839ba86bbbf24f72823f,aura-smdpp.test,02bc3a21b3845f55309a9b0049f9d73f084a59be24505f9c74d2277a2005d5df,download,1801456475,PROFILE-32399139dca8bb2aa255,02bc3a21b3845f55309a9b0049f9d73f084a59be24505f9c74d2277a2005d5df,12207,IAC-A9928F2E62ABBA63EAAB6F527EDAD113,I_ac,fulfilled
standard_rsp,655,MNO-A,ORDER-79586C0DC6D92A6CE05BDA77,ACCOUNT-ce73dac68bc319cf04c64a0f,aura-smdpp.test,9a209771d6df85e0c014752d7c961190dff51139505485b17cd6844691547ca9,download,1802099516,PROFILE-8ca3bd253ffbd758d370,9a209771d6df85e0c014752d7c961190dff51139505485b17cd6844691547ca9,12207,MID-8F7EA93FB4639BE3DFECD7504FD5F85C,matching_id,fulfilled
aura_rsp,655,MNO-A,ORDER-35416C4CC7DF558F2C40E5D2,ACCOUNT-22f55104fadbab03d9ca2699,aura-smdpp.test,9a209771d6df85e0c014752d7c961190dff51139505485b17cd6844691547ca9,download,1802099516,PROFILE-8ca3bd253ffbd758d370,9a209771d6df85e0c014752d7c961190dff51139505485b17cd6844691547ca9,12207,IAC-384CEBD0C5387FF7CDC0F51A2FDA10D2,I_ac,fulfilled
standard_rsp,656,MNO-A,ORDER-56566DBEB762D855A1D41083,ACCOUNT-301ca10e2c3f6fe3194287b3,aura-smdpp.test,0ce3d0c220229475435d69741745b4a5ab909e95e9e94390b0cf6f21c0bb7a48,download,1800088596,PROFILE-68e7e0f32e56e644c59c,0ce3d0c220229475435d69741745b4a5ab909e95e9e94390b0cf6f21c0bb7a48,12207,MID-5D42378EA91C7DA92F7D4489E16833E0,matching_id,fulfilled
aura_rsp,656,MNO-A,ORDER-AE6669656DA48FFF54A9DAC9,ACCOUNT-57d40cc4ff8ed8957356fe6e,aura-smdpp.test,0ce3d0c220229475435d69741745b4a5ab909e95e9e94390b0cf6f21c0bb7a48,download,1800088596,PROFILE-68e7e0f32e56e644c59c,0ce3d0c220229475435d69741745b4a5ab909e95e9e94390b0cf6f21c0bb7a48,12207,IAC-CF39F23F853BB0EBB3253B968CDF891F,I_ac,fulfilled
standard_rsp,657,MNO-D,ORDER-47724721631C8421B125EFEC,ACCOUNT-57d5a6dcb95c3e1665f36c7b,aura-smdpp.test,ea85feb6942a9c3f3f806c0a3ce911db1fededa824f9db6290ef915a0f7627de,download,1801970120,PROFILE-3099ac403097597fa872,ea85feb6942a9c3f3f806c0a3ce911db1fededa824f9db6290ef915a0f7627de,12207,MID-A313C39848B3F1E3DAE11AC7C56AF47D,matching_id,fulfilled
aura_rsp,657,MNO-D,ORDER-B3FAFCF7F47D70046A7AE6B0,ACCOUNT-d7f2e946261016d39a398348,aura-smdpp.test,ea85feb6942a9c3f3f806c0a3ce911db1fededa824f9db6290ef915a0f7627de,download,1801970120,PROFILE-3099ac403097597fa872,ea85feb6942a9c3f3f806c0a3ce911db1fededa824f9db6290ef915a0f7627de,12207,IAC-B9F57D95FF6E01B79F781C245A55F729,I_ac,fulfilled
standard_rsp,658,MNO-D,ORDER-669EF3690ABAB39B446EAF34,ACCOUNT-e2fbee6d73489bc1d2371a5b,aura-smdpp.test,805edd6392e27ec3e9a8e4177d5e2eb93241eb4bc4f9d7bfcb37f9cea1d263ea,download,1800409975,PROFILE-cacc4502b1b1326cb91b,805edd6392e27ec3e9a8e4177d5e2eb93241eb4bc4f9d7bfcb37f9cea1d263ea,12207,MID-B898A9F3101EE887650F5E4292ACE7CF,matching_id,fulfilled
aura_rsp,658,MNO-D,ORDER-36C6443838F55F267B19604D,ACCOUNT-4e6641a546c674659664697d,aura-smdpp.test,805edd6392e27ec3e9a8e4177d5e2eb93241eb4bc4f9d7bfcb37f9cea1d263ea,download,1800409975,PROFILE-cacc4502b1b1326cb91b,805edd6392e27ec3e9a8e4177d5e2eb93241eb4bc4f9d7bfcb37f9cea1d263ea,12207,IAC-72BFB67204690ECBEAC736BCB1051333,I_ac,fulfilled
standard_rsp,659,MNO-A,ORDER-8DEFC1BE1EAA3EC784520DB2,ACCOUNT-93deadf342d881cf95d6f500,aura-smdpp.test,3ec566a072969b3c2c83b78992e837af2d61831f95576ce02e9e810dd7981155,download,1801649138,PROFILE-cb3193489e29c15fd2f6,3ec566a072969b3c2c83b78992e837af2d61831f95576ce02e9e810dd7981155,12207,MID-1DB3090744250FAEB4EF86FAD1EFAC52,matching_id,fulfilled
aura_rsp,659,MNO-A,ORDER-8BC7FD1D125634C6FA584232,ACCOUNT-cdf0813eb22af9cebf87bbc4,aura-smdpp.test,3ec566a072969b3c2c83b78992e837af2d61831f95576ce02e9e810dd7981155,download,1801649138,PROFILE-cb3193489e29c15fd2f6,3ec566a072969b3c2c83b78992e837af2d61831f95576ce02e9e810dd7981155,12207,IAC-B74737F513639D0B9BC7F39CBB9848DA,I_ac,fulfilled
standard_rsp,660,MNO-D,ORDER-784613A19B0B675FABC5495E,ACCOUNT-436c9b296d388a6c01a3a0c0,aura-smdpp.test,c3f2e2fa07c50ef6b2a6dfef8388b4f5974354aab8e28fa6212c0f074ff59439,download,1802316158,PROFILE-a3bee2b4c3585e372155,c3f2e2fa07c50ef6b2a6dfef8388b4f5974354aab8e28fa6212c0f074ff59439,12207,MID-5303EDAAB2BD386AB77FD09D167B1679,matching_id,fulfilled
aura_rsp,660,MNO-D,ORDER-18EAC69F862806062A20FC83,ACCOUNT-f957f66635e67af9919b45a5,aura-smdpp.test,c3f2e2fa07c50ef6b2a6dfef8388b4f5974354aab8e28fa6212c0f074ff59439,download,1802316158,PROFILE-a3bee2b4c3585e372155,c3f2e2fa07c50ef6b2a6dfef8388b4f5974354aab8e28fa6212c0f074ff59439,12207,IAC-FF149337CF2191EC9EF1F34552AC4B74,I_ac,fulfilled
standard_rsp,661,MNO-A,ORDER-ACD9D1014B6F3F28E08480E9,ACCOUNT-ce0c6546094adba6c064e7e5,aura-smdpp.test,03f421c0fa2d67503dbfffc056f6a47008d72f56e2b9c384af08ba9985e67d5c,download,1801396411,PROFILE-4d99c9c1507ab22272ec,03f421c0fa2d67503dbfffc056f6a47008d72f56e2b9c384af08ba9985e67d5c,12207,MID-FF046422832E94393A33E5D78060FFB9,matching_id,fulfilled
aura_rsp,661,MNO-A,ORDER-D5B320E73AEB613BD63ADD49,ACCOUNT-f2f65a0c3759893e62d01556,aura-smdpp.test,03f421c0fa2d67503dbfffc056f6a47008d72f56e2b9c384af08ba9985e67d5c,download,1801396411,PROFILE-4d99c9c1507ab22272ec,03f421c0fa2d67503dbfffc056f6a47008d72f56e2b9c384af08ba9985e67d5c,12207,IAC-486C11CBEDC8901A708291557227EEA2,I_ac,fulfilled
standard_rsp,662,MNO-C,ORDER-FF94671A4E1269E5688710BA,ACCOUNT-57c7a0e970e17807f9bf175c,aura-smdpp.test,6d5091535ea9fd13cad201cbbe77ec70779138fdfb688fc54a83b07e6decf123,download,1802338042,PROFILE-5b96790e342b062d0f1d,6d5091535ea9fd13cad201cbbe77ec70779138fdfb688fc54a83b07e6decf123,12207,MID-916D5007AD378C389E2CDDEF4A99F22E,matching_id,fulfilled
aura_rsp,662,MNO-C,ORDER-F6413CB88E2CFC49BE5E9F30,ACCOUNT-52c1260303b4d16a4f4caed3,aura-smdpp.test,6d5091535ea9fd13cad201cbbe77ec70779138fdfb688fc54a83b07e6decf123,download,1802338042,PROFILE-5b96790e342b062d0f1d,6d5091535ea9fd13cad201cbbe77ec70779138fdfb688fc54a83b07e6decf123,12207,IAC-F6FD4001FF2DCEA1CCB4537FA1171E00,I_ac,fulfilled
standard_rsp,663,MNO-D,ORDER-7216BF9C458FF3C0F46E2D79,ACCOUNT-0c4247116820c74da88ac0f5,aura-smdpp.test,c334536d44dc3f9ee7e9421086864054a553e85f58766751669176fdbe0517b3,download,1800223885,PROFILE-801ed2b59802d778c258,c334536d44dc3f9ee7e9421086864054a553e85f58766751669176fdbe0517b3,12207,MID-279BC782D7FA35772D4B0DF8793BEF4F,matching_id,fulfilled
aura_rsp,663,MNO-D,ORDER-CB8626E5E89F19E16F08EA21,ACCOUNT-cb4ef87f9e112079c5a4cb77,aura-smdpp.test,c334536d44dc3f9ee7e9421086864054a553e85f58766751669176fdbe0517b3,download,1800223885,PROFILE-801ed2b59802d778c258,c334536d44dc3f9ee7e9421086864054a553e85f58766751669176fdbe0517b3,12207,IAC-2D0F084EB1AD70376735B86A04EB3B0D,I_ac,fulfilled
standard_rsp,664,MNO-A,ORDER-5D79BA927C964AE9A5BAC342,ACCOUNT-f11bc3d5b35c56d077f1aa66,aura-smdpp.test,471f2b7e57e4292c27c6af0336ec085d9ddacfa40c34f7e1ab2f2448c57d3a0a,download,1800971450,PROFILE-9f50fa8e4fc16909ead0,471f2b7e57e4292c27c6af0336ec085d9ddacfa40c34f7e1ab2f2448c57d3a0a,12207,MID-7825A75CF45765E2AE750555D6E25F30,matching_id,fulfilled
aura_rsp,664,MNO-A,ORDER-E8FC3D42016E9EEF08C70612,ACCOUNT-b3dbf9295abe40651205fd93,aura-smdpp.test,471f2b7e57e4292c27c6af0336ec085d9ddacfa40c34f7e1ab2f2448c57d3a0a,download,1800971450,PROFILE-9f50fa8e4fc16909ead0,471f2b7e57e4292c27c6af0336ec085d9ddacfa40c34f7e1ab2f2448c57d3a0a,12207,IAC-51068A38700688BE92BDAA7DE56AEF3E,I_ac,fulfilled
standard_rsp,665,MNO-B,ORDER-01C23C9C62E3362157356942,ACCOUNT-573c3001393b0469524eab98,aura-smdpp.test,f30531a9048b89ee86847dcaa21676ef0bbf989c5de06361cd476ec8949acc66,download,1802032181,PROFILE-55d1b5b95badea7ce785,f30531a9048b89ee86847dcaa21676ef0bbf989c5de06361cd476ec8949acc66,12207,MID-AF5BB77199E2A435095A37FEBDDBA1E0,matching_id,fulfilled
aura_rsp,665,MNO-B,ORDER-92EFFD567467DCF2D88E571A,ACCOUNT-df7fe06d9dadc3a96fea0dec,aura-smdpp.test,f30531a9048b89ee86847dcaa21676ef0bbf989c5de06361cd476ec8949acc66,download,1802032181,PROFILE-55d1b5b95badea7ce785,f30531a9048b89ee86847dcaa21676ef0bbf989c5de06361cd476ec8949acc66,12207,IAC-41A01358A40DA389307D5B9621B6712A,I_ac,fulfilled
standard_rsp,666,MNO-C,ORDER-807703EC9B7723D762385943,ACCOUNT-860d5bb9749354a7160ebb45,aura-smdpp.test,72a6d56ca13c4cf9cee0cb604d3c0999470124283b3578589e52cdd92296ecfa,download,1801806516,PROFILE-43af1cab39479cc94a9f,72a6d56ca13c4cf9cee0cb604d3c0999470124283b3578589e52cdd92296ecfa,12207,MID-4A27123B2B8715A59465B9C793D31B23,matching_id,fulfilled
aura_rsp,666,MNO-C,ORDER-D2C12C4618814F469ECB1403,ACCOUNT-ede6a4f833b7ee8b49997592,aura-smdpp.test,72a6d56ca13c4cf9cee0cb604d3c0999470124283b3578589e52cdd92296ecfa,download,1801806516,PROFILE-43af1cab39479cc94a9f,72a6d56ca13c4cf9cee0cb604d3c0999470124283b3578589e52cdd92296ecfa,12207,IAC-202B0F8216CF58995A277F02365882C4,I_ac,fulfilled
standard_rsp,667,MNO-C,ORDER-A2FE1F18265849A7A6DB472C,ACCOUNT-52f37ee359dd0854b25d8c13,aura-smdpp.test,9e48c1456fdf6a010d50733e3a2e2150d90a6b267404ac24e3df2326676689cb,download,1802243434,PROFILE-cb71a89c9d459c6e32f6,9e48c1456fdf6a010d50733e3a2e2150d90a6b267404ac24e3df2326676689cb,12207,MID-3240D3C99716A27553CC603F5F6736DF,matching_id,fulfilled
aura_rsp,667,MNO-C,ORDER-CD9350428E3A507C7DA68AAD,ACCOUNT-4be5535a6a800a9c2b6a691d,aura-smdpp.test,9e48c1456fdf6a010d50733e3a2e2150d90a6b267404ac24e3df2326676689cb,download,1802243434,PROFILE-cb71a89c9d459c6e32f6,9e48c1456fdf6a010d50733e3a2e2150d90a6b267404ac24e3df2326676689cb,12207,IAC-40153F6152CEC57C6C4A726A104EC042,I_ac,fulfilled
standard_rsp,668,MNO-B,ORDER-EDD17BD3FDDB08360441F9B1,ACCOUNT-a40f5c593142e7a84f478dd3,aura-smdpp.test,5de2829896df5279e3d1c9d2bcafb1ef1d5a6d5ee107cab6aa4f648864900e98,download,1800386081,PROFILE-72bfe2fc7f138882da5c,5de2829896df5279e3d1c9d2bcafb1ef1d5a6d5ee107cab6aa4f648864900e98,12207,MID-5C85A499190FA486F40725A52E7336EA,matching_id,fulfilled
aura_rsp,668,MNO-B,ORDER-EAA678285E9001230F707EB5,ACCOUNT-aaeb42c93b5f7c97960141e1,aura-smdpp.test,5de2829896df5279e3d1c9d2bcafb1ef1d5a6d5ee107cab6aa4f648864900e98,download,1800386081,PROFILE-72bfe2fc7f138882da5c,5de2829896df5279e3d1c9d2bcafb1ef1d5a6d5ee107cab6aa4f648864900e98,12207,IAC-EBC1E7E627522A38815B4C403E2126CF,I_ac,fulfilled
standard_rsp,669,MNO-B,ORDER-C1960AAA709E564D1AF8F777,ACCOUNT-2f0df970ff1e1eb8271f1cad,aura-smdpp.test,985ba75ddb71178749d68a992e80fde11e291d78925da40476fa50ed683e9e7c,download,1801995165,PROFILE-72e875fbe019a7a5a7b7,985ba75ddb71178749d68a992e80fde11e291d78925da40476fa50ed683e9e7c,12207,MID-DB12DC36430633D2A051FD5B0104B4FD,matching_id,fulfilled
aura_rsp,669,MNO-B,ORDER-3CCD012F7F36357BF0487B83,ACCOUNT-bd3e7b02368014e0a1ed8ebc,aura-smdpp.test,985ba75ddb71178749d68a992e80fde11e291d78925da40476fa50ed683e9e7c,download,1801995165,PROFILE-72e875fbe019a7a5a7b7,985ba75ddb71178749d68a992e80fde11e291d78925da40476fa50ed683e9e7c,12207,IAC-1F0C04F566D1DD68072AC2653D2B83E8,I_ac,fulfilled
standard_rsp,670,MNO-B,ORDER-3852E14ED6F4FFFB309627BF,ACCOUNT-03cea610d624d55c9a6f5818,aura-smdpp.test,1549b1a38704cf821cc686409756b3e4f3407d6ac8b7ef99f541fc0e9f975ddd,download,1801624949,PROFILE-7b05baf8aad30dcfea64,1549b1a38704cf821cc686409756b3e4f3407d6ac8b7ef99f541fc0e9f975ddd,12207,MID-3A5E9E1156C308567ECEB23DF3003427,matching_id,fulfilled
aura_rsp,670,MNO-B,ORDER-E935000B411A2FBCECB1F92F,ACCOUNT-643c4b86a5ade9be4c908559,aura-smdpp.test,1549b1a38704cf821cc686409756b3e4f3407d6ac8b7ef99f541fc0e9f975ddd,download,1801624949,PROFILE-7b05baf8aad30dcfea64,1549b1a38704cf821cc686409756b3e4f3407d6ac8b7ef99f541fc0e9f975ddd,12207,IAC-510AFEAD80D3284A805C5D14FF83CFEC,I_ac,fulfilled
standard_rsp,671,MNO-A,ORDER-34AE55AD2C0B9B832F9D0011,ACCOUNT-2d2ab1c7110196c02095dbf3,aura-smdpp.test,870927c3cb6beef080352b90cb929c3a208ac2b6f3e12afb86662158d44a2e6e,download,1801178147,PROFILE-888880212812a8a4e0f4,870927c3cb6beef080352b90cb929c3a208ac2b6f3e12afb86662158d44a2e6e,12207,MID-A3071282469E6B08ADD0423D619E5894,matching_id,fulfilled
aura_rsp,671,MNO-A,ORDER-A7BE66ACF3D600847D727679,ACCOUNT-e428a609f7743cbc1b05e02e,aura-smdpp.test,870927c3cb6beef080352b90cb929c3a208ac2b6f3e12afb86662158d44a2e6e,download,1801178147,PROFILE-888880212812a8a4e0f4,870927c3cb6beef080352b90cb929c3a208ac2b6f3e12afb86662158d44a2e6e,12207,IAC-A82D36FBF5A4A7673141A43FFD44381E,I_ac,fulfilled
standard_rsp,672,MNO-C,ORDER-E82D2281ABA2F83465E8B4E0,ACCOUNT-c4fee401af5b0f385521b5b6,aura-smdpp.test,d4f0cc37aa9365599ae1ce195fa93376966a1e971f9fdc9a716c8d907d91c101,download,1801188438,PROFILE-333c37c6979f948edc76,d4f0cc37aa9365599ae1ce195fa93376966a1e971f9fdc9a716c8d907d91c101,12207,MID-595670B84022AB22A7EB1D2CCC23D606,matching_id,fulfilled
aura_rsp,672,MNO-C,ORDER-D133F6843B4156BEDC0D5CB6,ACCOUNT-958c7b24332336e44f990277,aura-smdpp.test,d4f0cc37aa9365599ae1ce195fa93376966a1e971f9fdc9a716c8d907d91c101,download,1801188438,PROFILE-333c37c6979f948edc76,d4f0cc37aa9365599ae1ce195fa93376966a1e971f9fdc9a716c8d907d91c101,12207,IAC-C4EA7C0A38A5EAA08346A2F8751FEFD3,I_ac,fulfilled
standard_rsp,673,MNO-B,ORDER-15A8903E98082C730C15DBB5,ACCOUNT-ed4a543cb4a29df1397a46a3,aura-smdpp.test,7673e6ab329cf159a53c5239c92bbcdd7c05530b2c5f0d5301633337ac8a4b58,download,1801246409,PROFILE-8f55e85463747125aaf5,7673e6ab329cf159a53c5239c92bbcdd7c05530b2c5f0d5301633337ac8a4b58,12207,MID-A548D5FFBA385B7A7CEA93DEDE7ECCA8,matching_id,fulfilled
aura_rsp,673,MNO-B,ORDER-602498CB91A0DD7EEB340CEF,ACCOUNT-a5647876872d8e3b5db197d9,aura-smdpp.test,7673e6ab329cf159a53c5239c92bbcdd7c05530b2c5f0d5301633337ac8a4b58,download,1801246409,PROFILE-8f55e85463747125aaf5,7673e6ab329cf159a53c5239c92bbcdd7c05530b2c5f0d5301633337ac8a4b58,12207,IAC-31A3F0259ABB0697502CA44D3BCBB579,I_ac,fulfilled
standard_rsp,674,MNO-A,ORDER-45AC7C0D80A56B23659F48BD,ACCOUNT-94c0c3ee0499155e473c50b3,aura-smdpp.test,471ff6e0858e92ba617a21730700b29daae78ecc6bd909bbb74733e3e8b32d6d,download,1800982004,PROFILE-505895f59cdb3dd1bd89,471ff6e0858e92ba617a21730700b29daae78ecc6bd909bbb74733e3e8b32d6d,12207,MID-E5498FEF80FC036DEFEFE8076229A974,matching_id,fulfilled
aura_rsp,674,MNO-A,ORDER-D55D5CC19437DFD1B71F85EF,ACCOUNT-83e43fd43a1443295809ffda,aura-smdpp.test,471ff6e0858e92ba617a21730700b29daae78ecc6bd909bbb74733e3e8b32d6d,download,1800982004,PROFILE-505895f59cdb3dd1bd89,471ff6e0858e92ba617a21730700b29daae78ecc6bd909bbb74733e3e8b32d6d,12207,IAC-DF821BEFADD41C3254C938AFE5B2338B,I_ac,fulfilled
standard_rsp,675,MNO-D,ORDER-C213895BEC3F052E9C9CCC0B,ACCOUNT-164bd4b14423d1d73bc259ff,aura-smdpp.test,b9ceb042e0f485ff740987d3c6bcf088cce5618fc111dc80f1f571f8767ceab4,download,1802272235,PROFILE-5418ce968f1e8a25540d,b9ceb042e0f485ff740987d3c6bcf088cce5618fc111dc80f1f571f8767ceab4,12207,MID-76848AB9BCC1FC2EF8D307DDBBAB3EF5,matching_id,fulfilled
aura_rsp,675,MNO-D,ORDER-A9290A7F729DECCF9DFB5279,ACCOUNT-9638be595067427ef9a15e89,aura-smdpp.test,b9ceb042e0f485ff740987d3c6bcf088cce5618fc111dc80f1f571f8767ceab4,download,1802272235,PROFILE-5418ce968f1e8a25540d,b9ceb042e0f485ff740987d3c6bcf088cce5618fc111dc80f1f571f8767ceab4,12207,IAC-3AEE02B9D153230468682244118F5D6E,I_ac,fulfilled
standard_rsp,676,MNO-D,ORDER-2378C2792681F5AF70A81CAD,ACCOUNT-e8da6a0615dba87914e83eb3,aura-smdpp.test,763e5b0ac59035ef951e3f33854619f9882722a49f73bf232c7ee212b6e2d807,download,1800664089,PROFILE-58f3f83a7fd24d93f8ad,763e5b0ac59035ef951e3f33854619f9882722a49f73bf232c7ee212b6e2d807,12207,MID-094CB995DCE9BB1E7D9C4CF10756D962,matching_id,fulfilled
aura_rsp,676,MNO-D,ORDER-3AEB2B975FC8F6DC07A2AF8B,ACCOUNT-f0572beb77a7f3c61147b86b,aura-smdpp.test,763e5b0ac59035ef951e3f33854619f9882722a49f73bf232c7ee212b6e2d807,download,1800664089,PROFILE-58f3f83a7fd24d93f8ad,763e5b0ac59035ef951e3f33854619f9882722a49f73bf232c7ee212b6e2d807,12207,IAC-30B6D4E46E33B8FC2567A47738073CA1,I_ac,fulfilled
standard_rsp,677,MNO-D,ORDER-71F2F24FAF2A78BB005A3AE5,ACCOUNT-f652cb7044caa321c71dd0fc,aura-smdpp.test,be666de52c90a0e73478956b4953652633f402d4056a960f35b08c9424b8c4c9,download,1800168978,PROFILE-3f43cce63748d648e46c,be666de52c90a0e73478956b4953652633f402d4056a960f35b08c9424b8c4c9,12207,MID-427438716A8B0123B53054DBCD2A1F7F,matching_id,fulfilled
aura_rsp,677,MNO-D,ORDER-3AD6308062F318046404F7A4,ACCOUNT-80aa4c638bc15972c767a832,aura-smdpp.test,be666de52c90a0e73478956b4953652633f402d4056a960f35b08c9424b8c4c9,download,1800168978,PROFILE-3f43cce63748d648e46c,be666de52c90a0e73478956b4953652633f402d4056a960f35b08c9424b8c4c9,12207,IAC-5301461643A5F2C94DBCB947AD32DB26,I_ac,fulfilled
standard_rsp,678,MNO-B,ORDER-DEAD5E40B6C63E0589474D72,ACCOUNT-8ee46867073e4a17e746a923,aura-smdpp.test,d0dbd10a472cc1c607c4a4bfac27b6dc3d98bdca5bef60bd1408b1fef11cb48c,download,1801620414,PROFILE-0e9a9706982521db039b,d0dbd10a472cc1c607c4a4bfac27b6dc3d98bdca5bef60bd1408b1fef11cb48c,12207,MID-6AF71A01CE0A021D9B278595524B4E1B,matching_id,fulfilled
aura_rsp,678,MNO-B,ORDER-D9D2EC905EBB4F6509B610A4,ACCOUNT-fc31f09977682040d09efc8d,aura-smdpp.test,d0dbd10a472cc1c607c4a4bfac27b6dc3d98bdca5bef60bd1408b1fef11cb48c,download,1801620414,PROFILE-0e9a9706982521db039b,d0dbd10a472cc1c607c4a4bfac27b6dc3d98bdca5bef60bd1408b1fef11cb48c,12207,IAC-A0DCB4471F79116BA62BEE855608682B,I_ac,fulfilled
standard_rsp,679,MNO-D,ORDER-17BA3C0AF6F5BDEB6DD9B9B4,ACCOUNT-1e925a9e40f718db18a6077e,aura-smdpp.test,05565436f7257dcc972e14c77116ea690f01dd542b8255914ac644a57d67536c,download,1800215138,PROFILE-19f67866ef1c89537507,05565436f7257dcc972e14c77116ea690f01dd542b8255914ac644a57d67536c,12207,MID-FD9E53CB610C7A93C2C778B64498BF43,matching_id,fulfilled
aura_rsp,679,MNO-D,ORDER-367F3494BCB85E2F616D2DD9,ACCOUNT-6c660ccea409a98837527faa,aura-smdpp.test,05565436f7257dcc972e14c77116ea690f01dd542b8255914ac644a57d67536c,download,1800215138,PROFILE-19f67866ef1c89537507,05565436f7257dcc972e14c77116ea690f01dd542b8255914ac644a57d67536c,12207,IAC-0C2BDC8AC2737CD9F6C18F3A0332EF14,I_ac,fulfilled
standard_rsp,680,MNO-D,ORDER-F733A0CE2B182803B1B081D8,ACCOUNT-7fdbbf58ca766a85ae54d398,aura-smdpp.test,58e0a991512e6462fd3117c840e2d4a047182344d1b241b21f0a65703596b301,download,1801155545,PROFILE-f4be110904fe93b2bf39,58e0a991512e6462fd3117c840e2d4a047182344d1b241b21f0a65703596b301,12207,MID-DF906FA19B9A6FB43A5836283A91193B,matching_id,fulfilled
aura_rsp,680,MNO-D,ORDER-565BCB4782B322C08DB7BEDC,ACCOUNT-daafa34f3b898cbc508554be,aura-smdpp.test,58e0a991512e6462fd3117c840e2d4a047182344d1b241b21f0a65703596b301,download,1801155545,PROFILE-f4be110904fe93b2bf39,58e0a991512e6462fd3117c840e2d4a047182344d1b241b21f0a65703596b301,12207,IAC-8F53C248EBD1B8906198E722CE9A4CAF,I_ac,fulfilled
standard_rsp,681,MNO-D,ORDER-E2C4CF94A7C1E199D9B4290A,ACCOUNT-1368d6734539780495ceae67,aura-smdpp.test,26e0ce8be63b77e8922f4c381212dbb3d7298dd5d200d1f19ca753e2db747a3f,download,1800918781,PROFILE-acef674f1290f9b28c8d,26e0ce8be63b77e8922f4c381212dbb3d7298dd5d200d1f19ca753e2db747a3f,12207,MID-417C240111306255F37013F876225799,matching_id,fulfilled
aura_rsp,681,MNO-D,ORDER-1814692601AACE1EA81D8942,ACCOUNT-9b0b40edce59500e676b077c,aura-smdpp.test,26e0ce8be63b77e8922f4c381212dbb3d7298dd5d200d1f19ca753e2db747a3f,download,1800918781,PROFILE-acef674f1290f9b28c8d,26e0ce8be63b77e8922f4c381212dbb3d7298dd5d200d1f19ca753e2db747a3f,12207,IAC-067B877FC5B39CBAF124DC2659132F12,I_ac,fulfilled
standard_rsp,682,MNO-D,ORDER-E9D28BF6A69072D422D61800,ACCOUNT-dc80d2618d5fa453b7af377e,aura-smdpp.test,6d15385dc3a61251f8a37744b4969a37351009d804445b547689b202c41a10a3,download,1801348479,PROFILE-17d1b0aa146d44e651da,6d15385dc3a61251f8a37744b4969a37351009d804445b547689b202c41a10a3,12207,MID-CAAA880E74BF3F204D0CE26648BF3B5D,matching_id,fulfilled
aura_rsp,682,MNO-D,ORDER-87CBC4FD70BD51C9E53BD10A,ACCOUNT-c5e9a46da8ecf58a6e8518e0,aura-smdpp.test,6d15385dc3a61251f8a37744b4969a37351009d804445b547689b202c41a10a3,download,1801348479,PROFILE-17d1b0aa146d44e651da,6d15385dc3a61251f8a37744b4969a37351009d804445b547689b202c41a10a3,12207,IAC-564110B7B662A0F9058CBDCE27FCF740,I_ac,fulfilled
standard_rsp,683,MNO-B,ORDER-07228D4831645443E257B636,ACCOUNT-ba4b594ac626ab1fd4f8cc37,aura-smdpp.test,9255e51db0bea76244d90e4351a2e2f740f24dbadb05fd84652e24d642e8079d,download,1801746449,PROFILE-a36e8599b42d97d7729d,9255e51db0bea76244d90e4351a2e2f740f24dbadb05fd84652e24d642e8079d,12207,MID-5E322E83605B8227B19CB499FD0FEE5B,matching_id,fulfilled
aura_rsp,683,MNO-B,ORDER-CFA12EDADF672C42705C3404,ACCOUNT-2a173dee2191f1a418f72763,aura-smdpp.test,9255e51db0bea76244d90e4351a2e2f740f24dbadb05fd84652e24d642e8079d,download,1801746449,PROFILE-a36e8599b42d97d7729d,9255e51db0bea76244d90e4351a2e2f740f24dbadb05fd84652e24d642e8079d,12207,IAC-C2DF99B06A6E57257780559490EDAB09,I_ac,fulfilled
standard_rsp,684,MNO-A,ORDER-9D9FF94A69F16ABCB2C96E20,ACCOUNT-0834878ec4c659bde45e3a1c,aura-smdpp.test,b3e4916c9cdfadf613fac4d04271de6e837526f4ba7c7aab7899aa5a74b8574c,download,1801597047,PROFILE-7a628e74aa107bbf3781,b3e4916c9cdfadf613fac4d04271de6e837526f4ba7c7aab7899aa5a74b8574c,12207,MID-3E7972EAB467F70FDEC42E53E71D41D0,matching_id,fulfilled
aura_rsp,684,MNO-A,ORDER-B594EDDFBBB26403DD06CDB7,ACCOUNT-dfa7bed06d5bcb7ac290a5b2,aura-smdpp.test,b3e4916c9cdfadf613fac4d04271de6e837526f4ba7c7aab7899aa5a74b8574c,download,1801597047,PROFILE-7a628e74aa107bbf3781,b3e4916c9cdfadf613fac4d04271de6e837526f4ba7c7aab7899aa5a74b8574c,12207,IAC-CF4F0B8124EFC5D1E481125489584D06,I_ac,fulfilled
standard_rsp,685,MNO-C,ORDER-EEE0C9477ABC8B853C3DD1F1,ACCOUNT-49f3b9dfb17802a68a5402ce,aura-smdpp.test,c6c438138872eff19ebb0dd4ddd2f26d858b9d786bd48cb5132e885685412e31,download,1802096648,PROFILE-2524bb6b708762c77bee,c6c438138872eff19ebb0dd4ddd2f26d858b9d786bd48cb5132e885685412e31,12207,MID-FA97D49093CCADE49E79CD5B47AF4E30,matching_id,fulfilled
aura_rsp,685,MNO-C,ORDER-70E14815D14AD54854EC573A,ACCOUNT-824fc554caf5de9ed7df130a,aura-smdpp.test,c6c438138872eff19ebb0dd4ddd2f26d858b9d786bd48cb5132e885685412e31,download,1802096648,PROFILE-2524bb6b708762c77bee,c6c438138872eff19ebb0dd4ddd2f26d858b9d786bd48cb5132e885685412e31,12207,IAC-B425CF10734B66F1395001A6F14E66EF,I_ac,fulfilled
standard_rsp,686,MNO-D,ORDER-6DD7E5607C16BBDE4BFD55F5,ACCOUNT-0d34f342d0af48b281097608,aura-smdpp.test,270d162576d2bb1ecb3ad80472bd71f89f110c7190d3797d5e28360a3b8b5133,download,1800938939,PROFILE-ee0326cc60048674d7bd,270d162576d2bb1ecb3ad80472bd71f89f110c7190d3797d5e28360a3b8b5133,12207,MID-600981354723BB6F63A9F1A7E195F860,matching_id,fulfilled
aura_rsp,686,MNO-D,ORDER-56E5D4F91BA6F49CCA406A8C,ACCOUNT-05ccbfc91aec49e308cd588b,aura-smdpp.test,270d162576d2bb1ecb3ad80472bd71f89f110c7190d3797d5e28360a3b8b5133,download,1800938939,PROFILE-ee0326cc60048674d7bd,270d162576d2bb1ecb3ad80472bd71f89f110c7190d3797d5e28360a3b8b5133,12207,IAC-BD160A2AC203591124F18F27B590B43D,I_ac,fulfilled
standard_rsp,687,MNO-A,ORDER-CD8A6A2FF9EB7BC8AF70DCD2,ACCOUNT-2cbc77d8daf4a167b3f4b086,aura-smdpp.test,0739d4088646fe9f1f9c6c5fc0d8155c38eb927829ddfcb9cc6c850bfffeb5f9,download,1802173426,PROFILE-1b131134c7764dd893e8,0739d4088646fe9f1f9c6c5fc0d8155c38eb927829ddfcb9cc6c850bfffeb5f9,12207,MID-2E7B511B8229C7CDCEB6E7694FF0659E,matching_id,fulfilled
aura_rsp,687,MNO-A,ORDER-536DA0936ACE01288FCEF243,ACCOUNT-851469ab7501f631ac37cc1e,aura-smdpp.test,0739d4088646fe9f1f9c6c5fc0d8155c38eb927829ddfcb9cc6c850bfffeb5f9,download,1802173426,PROFILE-1b131134c7764dd893e8,0739d4088646fe9f1f9c6c5fc0d8155c38eb927829ddfcb9cc6c850bfffeb5f9,12207,IAC-C77BE2F2B468F78F1C05890C10D91CAB,I_ac,fulfilled
standard_rsp,688,MNO-C,ORDER-E5817E49777B32351C31F711,ACCOUNT-caf217355c34219a2cac7f9d,aura-smdpp.test,e1093612aaf43d607f86900e9f8db8aeec01d7574d8e56a3cb1b500bcab06fc3,download,1802092307,PROFILE-e118801a99003dbde68f,e1093612aaf43d607f86900e9f8db8aeec01d7574d8e56a3cb1b500bcab06fc3,12207,MID-DB4C83848708B31596B31974C264981C,matching_id,fulfilled
aura_rsp,688,MNO-C,ORDER-623FDC85ABF6BECF82111F79,ACCOUNT-3dc11c3f690affd06d56434b,aura-smdpp.test,e1093612aaf43d607f86900e9f8db8aeec01d7574d8e56a3cb1b500bcab06fc3,download,1802092307,PROFILE-e118801a99003dbde68f,e1093612aaf43d607f86900e9f8db8aeec01d7574d8e56a3cb1b500bcab06fc3,12207,IAC-977A53398AFA4E9899E2CF33304F189D,I_ac,fulfilled
standard_rsp,689,MNO-B,ORDER-55346A7D88A70E3BFD86A61E,ACCOUNT-707ffb235af27c21409e9b28,aura-smdpp.test,347b1ee8427e2027ab62c86ab9d76953a0a54ea6081200f957d0b128ef72faf2,download,1802458352,PROFILE-7a0f513f0b6ba4cb46f5,347b1ee8427e2027ab62c86ab9d76953a0a54ea6081200f957d0b128ef72faf2,12207,MID-0E9DE7C5567157E37194E9D843C4EF19,matching_id,fulfilled
aura_rsp,689,MNO-B,ORDER-04D8FEC087F29548F0250EB4,ACCOUNT-dfa54daec38652de22000daa,aura-smdpp.test,347b1ee8427e2027ab62c86ab9d76953a0a54ea6081200f957d0b128ef72faf2,download,1802458352,PROFILE-7a0f513f0b6ba4cb46f5,347b1ee8427e2027ab62c86ab9d76953a0a54ea6081200f957d0b128ef72faf2,12207,IAC-9AAEEC5E75AEDE8D736EAB6F0FC1E2ED,I_ac,fulfilled
standard_rsp,690,MNO-B,ORDER-AC028B7856917A7E50D11B0F,ACCOUNT-749b65fafcf6f938b51718ea,aura-smdpp.test,7c905e907f112c54afe9f93ab7abcebb008cf1a1572244ccd2de31754b50bcef,download,1800806498,PROFILE-0d2de6399246d7588703,7c905e907f112c54afe9f93ab7abcebb008cf1a1572244ccd2de31754b50bcef,12207,MID-DCD596A760EC102FB481CF522D67659F,matching_id,fulfilled
aura_rsp,690,MNO-B,ORDER-BCD3159596422636B0398973,ACCOUNT-fd49e174e2a45344952f7d0e,aura-smdpp.test,7c905e907f112c54afe9f93ab7abcebb008cf1a1572244ccd2de31754b50bcef,download,1800806498,PROFILE-0d2de6399246d7588703,7c905e907f112c54afe9f93ab7abcebb008cf1a1572244ccd2de31754b50bcef,12207,IAC-BE030698340CC6E7D3BFA7C642F35379,I_ac,fulfilled
standard_rsp,691,MNO-C,ORDER-56E1F2324473F31290DDDD1A,ACCOUNT-9b5dd9825984914266e601b9,aura-smdpp.test,fe235d596fa0c7087f2adb9a11b2848fae25ef94c0eaeaeeeaadcb7fdb51eefc,download,1800485927,PROFILE-51f3022af2b67213784f,fe235d596fa0c7087f2adb9a11b2848fae25ef94c0eaeaeeeaadcb7fdb51eefc,12207,MID-C426055AAE5105EEDF15132D4A2863DA,matching_id,fulfilled
aura_rsp,691,MNO-C,ORDER-C5FCC5BD7B56380477A95360,ACCOUNT-5c1e3bbd7f6bbb120f68f149,aura-smdpp.test,fe235d596fa0c7087f2adb9a11b2848fae25ef94c0eaeaeeeaadcb7fdb51eefc,download,1800485927,PROFILE-51f3022af2b67213784f,fe235d596fa0c7087f2adb9a11b2848fae25ef94c0eaeaeeeaadcb7fdb51eefc,12207,IAC-AF57446A636BF3A901082EE1A4195F73,I_ac,fulfilled
standard_rsp,692,MNO-A,ORDER-7BA5580EA24CC3E62C8115FA,ACCOUNT-2edce8b99a459296dcf80ba6,aura-smdpp.test,96830f343caf4c8ab51c825dda7ff5cf262fab59f270d87f4e2ae3c470b2e2b2,download,1800184910,PROFILE-ea3aca5fe1d3684c0383,96830f343caf4c8ab51c825dda7ff5cf262fab59f270d87f4e2ae3c470b2e2b2,12207,MID-4CEA3DDF792CEB265EA2C7E2A6D38B66,matching_id,fulfilled
aura_rsp,692,MNO-A,ORDER-19763C18FD663D11923AD6F2,ACCOUNT-23411b093f29b56bcb4dab24,aura-smdpp.test,96830f343caf4c8ab51c825dda7ff5cf262fab59f270d87f4e2ae3c470b2e2b2,download,1800184910,PROFILE-ea3aca5fe1d3684c0383,96830f343caf4c8ab51c825dda7ff5cf262fab59f270d87f4e2ae3c470b2e2b2,12207,IAC-A5FD0772C8A82AC0A5DC83C3BB787D80,I_ac,fulfilled
standard_rsp,693,MNO-C,ORDER-04F1B49771758F052BB59FA2,ACCOUNT-f8fdfe23182ed0b7c4d5936a,aura-smdpp.test,8bafc6da1bfe4ed63e04f509feb960b40b8695dae4e4e7bd55a3601e2419d46c,download,1800766464,PROFILE-312462f7ddda144e9697,8bafc6da1bfe4ed63e04f509feb960b40b8695dae4e4e7bd55a3601e2419d46c,12207,MID-8B27EC14662B46792728931AE74518C4,matching_id,fulfilled
aura_rsp,693,MNO-C,ORDER-5ABAA9A238FE92C7F0563B29,ACCOUNT-9b0913d63b6a1fb32054e2e6,aura-smdpp.test,8bafc6da1bfe4ed63e04f509feb960b40b8695dae4e4e7bd55a3601e2419d46c,download,1800766464,PROFILE-312462f7ddda144e9697,8bafc6da1bfe4ed63e04f509feb960b40b8695dae4e4e7bd55a3601e2419d46c,12207,IAC-6BB569D7FD744D327A5D373C647537BF,I_ac,fulfilled
standard_rsp,694,MNO-A,ORDER-DACAB30BCE4D7C3DC2B46025,ACCOUNT-fcfb3f7b065ac4a76fc4133c,aura-smdpp.test,8bdd7e03b0c9e632872f7524d3b348207b7efd7a0baef922a87e50eaa7ce7e1c,download,1800468627,PROFILE-f6ad4ba85d7eebee0d9a,8bdd7e03b0c9e632872f7524d3b348207b7efd7a0baef922a87e50eaa7ce7e1c,12207,MID-2A4323A8C91DACB1E8EA90859B67A32C,matching_id,fulfilled
aura_rsp,694,MNO-A,ORDER-CCA29B330A63DC3A090A7DD1,ACCOUNT-7da5309d3a01c0ed1c0c2939,aura-smdpp.test,8bdd7e03b0c9e632872f7524d3b348207b7efd7a0baef922a87e50eaa7ce7e1c,download,1800468627,PROFILE-f6ad4ba85d7eebee0d9a,8bdd7e03b0c9e632872f7524d3b348207b7efd7a0baef922a87e50eaa7ce7e1c,12207,IAC-B8952DB9F60AAAF24C151A708D7402D7,I_ac,fulfilled
standard_rsp,695,MNO-D,ORDER-F3F6498580C733B887228C18,ACCOUNT-ba2a3fffa5e8575ebd4c29fe,aura-smdpp.test,a2483c42aa17e0433e9579f2191ad88f2f636c915b3ecf6f508d74f26ab93f5d,download,1801584891,PROFILE-7446672118a0c29e5d8e,a2483c42aa17e0433e9579f2191ad88f2f636c915b3ecf6f508d74f26ab93f5d,12207,MID-A03199C6B4FF42CD0CED90BF3E7CDF17,matching_id,fulfilled
aura_rsp,695,MNO-D,ORDER-F04C9B3B758778C09F6E047C,ACCOUNT-1c0fc8b70256bfc30c0fd955,aura-smdpp.test,a2483c42aa17e0433e9579f2191ad88f2f636c915b3ecf6f508d74f26ab93f5d,download,1801584891,PROFILE-7446672118a0c29e5d8e,a2483c42aa17e0433e9579f2191ad88f2f636c915b3ecf6f508d74f26ab93f5d,12207,IAC-F065EA5A45884051F3A80000D3EC6F90,I_ac,fulfilled
standard_rsp,696,MNO-C,ORDER-70D0B82BFE96837D1683E76F,ACCOUNT-04aa9a080d3c4bfc80f2faec,aura-smdpp.test,31575c375d420c8eda99751488e88407360345edf8851ed7c15c50dcc35f8754,download,1801611110,PROFILE-1044e7590b56274d93ab,31575c375d420c8eda99751488e88407360345edf8851ed7c15c50dcc35f8754,12207,MID-97AF23614642936BDDC09EFC2B299DF8,matching_id,fulfilled
aura_rsp,696,MNO-C,ORDER-B7CE625B5A405D13AC312F55,ACCOUNT-9f7dff628971d456a2d246af,aura-smdpp.test,31575c375d420c8eda99751488e88407360345edf8851ed7c15c50dcc35f8754,download,1801611110,PROFILE-1044e7590b56274d93ab,31575c375d420c8eda99751488e88407360345edf8851ed7c15c50dcc35f8754,12207,IAC-33E6D083711A5C37121218C2A3DC9969,I_ac,fulfilled
standard_rsp,697,MNO-A,ORDER-37C879D11063D6E6691795AD,ACCOUNT-7585262c2799cddd8896e7ef,aura-smdpp.test,0445415cd43036bc02e4364b1bfbc884fc823703f70012af03e71ce594d4584b,download,1802462566,PROFILE-043868815f8ecdff4c50,0445415cd43036bc02e4364b1bfbc884fc823703f70012af03e71ce594d4584b,12207,MID-24B986A52313BD7D9A24FBD7E426CECF,matching_id,fulfilled
aura_rsp,697,MNO-A,ORDER-80B31D475EFBBE9ED80E7AF1,ACCOUNT-9a6820b80eaa44461598a434,aura-smdpp.test,0445415cd43036bc02e4364b1bfbc884fc823703f70012af03e71ce594d4584b,download,1802462566,PROFILE-043868815f8ecdff4c50,0445415cd43036bc02e4364b1bfbc884fc823703f70012af03e71ce594d4584b,12207,IAC-4C31C1AF1A1FBF92F53F09DE0D050098,I_ac,fulfilled
standard_rsp,698,MNO-D,ORDER-BB28D73C840E39B58026F546,ACCOUNT-a17d7d96ab6982529f962ad5,aura-smdpp.test,8d57163e0867f28e399d4fa58462d146a2d66e203b895c3298af2d9af29f74d6,download,1801910034,PROFILE-0fd1fcbee4324ae295c5,8d57163e0867f28e399d4fa58462d146a2d66e203b895c3298af2d9af29f74d6,12207,MID-5B534EC1D5DB5F1524FB2D06BA5BA482,matching_id,fulfilled
aura_rsp,698,MNO-D,ORDER-70E896D9131A6403706DED4A,ACCOUNT-d080f076ffc207c7085bdfa7,aura-smdpp.test,8d57163e0867f28e399d4fa58462d146a2d66e203b895c3298af2d9af29f74d6,download,1801910034,PROFILE-0fd1fcbee4324ae295c5,8d57163e0867f28e399d4fa58462d146a2d66e203b895c3298af2d9af29f74d6,12207,IAC-7E7AC7F2A839FD09B3A8D99461B686F5,I_ac,fulfilled
standard_rsp,699,MNO-A,ORDER-600D80BFCD8F5C6179D351B0,ACCOUNT-bf72dfbc97f4421558c24b8b,aura-smdpp.test,9c63e26c61f70e402f43b0c607899653f3f3d87274d33f762e9f8266d05a920a,download,1800822800,PROFILE-152c42fa136d7cdfec81,9c63e26c61f70e402f43b0c607899653f3f3d87274d33f762e9f8266d05a920a,12207,MID-58F7AE37240096EBCBE56E5529886941,matching_id,fulfilled
aura_rsp,699,MNO-A,ORDER-DFE196E6F1CC0EE3663DC9E8,ACCOUNT-91183cbdc936bdbeaba4f34f,aura-smdpp.test,9c63e26c61f70e402f43b0c607899653f3f3d87274d33f762e9f8266d05a920a,download,1800822800,PROFILE-152c42fa136d7cdfec81,9c63e26c61f70e402f43b0c607899653f3f3d87274d33f762e9f8266d05a920a,12207,IAC-32DDD9C37456A15652DB5A74EE93424B,I_ac,fulfilled
standard_rsp,700,MNO-B,ORDER-D4F7964CD8678C176C8C7A8A,ACCOUNT-2a566600c4b3fe2e8b5a0fcf,aura-smdpp.test,59b7ea1d7b886f4544be7d5b8ae4593aa78d59f28f5206fc933fc99e5c0f7da2,download,1802297792,PROFILE-2333bd5c141efd09395c,59b7ea1d7b886f4544be7d5b8ae4593aa78d59f28f5206fc933fc99e5c0f7da2,12207,MID-CA3805C334788B352467A1DF6BA34601,matching_id,fulfilled
aura_rsp,700,MNO-B,ORDER-E94F7891D68A1542743ABE7E,ACCOUNT-51da089df6bd570e575aabbf,aura-smdpp.test,59b7ea1d7b886f4544be7d5b8ae4593aa78d59f28f5206fc933fc99e5c0f7da2,download,1802297792,PROFILE-2333bd5c141efd09395c,59b7ea1d7b886f4544be7d5b8ae4593aa78d59f28f5206fc933fc99e5c0f7da2,12207,IAC-D8C4CBB29602029343DAA7AB8338F9CA,I_ac,fulfilled
standard_rsp,701,MNO-D,ORDER-FC3EA0EAABCDDC952A96344B,ACCOUNT-b7da10f60fa367c6d692ad71,aura-smdpp.test,8dd81bd684ebd125d9e27e234286e4b3d23072cfe108eac50a5db331a8c2ea5d,download,1800910974,PROFILE-d9b12e424cf794ac9863,8dd81bd684ebd125d9e27e234286e4b3d23072cfe108eac50a5db331a8c2ea5d,12207,MID-D6D53B723A25AD1B0D9FFCA5DD5172AF,matching_id,fulfilled
aura_rsp,701,MNO-D,ORDER-27B1C17CCC3F1D2216D10CB4,ACCOUNT-b43b02ea09e18c00fb4acc29,aura-smdpp.test,8dd81bd684ebd125d9e27e234286e4b3d23072cfe108eac50a5db331a8c2ea5d,download,1800910974,PROFILE-d9b12e424cf794ac9863,8dd81bd684ebd125d9e27e234286e4b3d23072cfe108eac50a5db331a8c2ea5d,12207,IAC-E4EBCEF9889707951A347BFD4BA0CCC3,I_ac,fulfilled
standard_rsp,702,MNO-B,ORDER-AF341178630C2766C4B1A88C,ACCOUNT-329fa0b21ad957a48852120f,aura-smdpp.test,bac6377e633c9da3d2e584222efbfee81928f612dcdf08356f12b8eb001210f0,download,1802402072,PROFILE-610b722c21cf8086c2a0,bac6377e633c9da3d2e584222efbfee81928f612dcdf08356f12b8eb001210f0,12207,MID-5C00D026095BD071E48EC70C5A74EC78,matching_id,fulfilled
aura_rsp,702,MNO-B,ORDER-3956DB867E39B0E6BB5ECA83,ACCOUNT-115e114c43a9524f7cfdaaf8,aura-smdpp.test,bac6377e633c9da3d2e584222efbfee81928f612dcdf08356f12b8eb001210f0,download,1802402072,PROFILE-610b722c21cf8086c2a0,bac6377e633c9da3d2e584222efbfee81928f612dcdf08356f12b8eb001210f0,12207,IAC-667FF78A15BC1DCEA8A8DAABF7753C09,I_ac,fulfilled
standard_rsp,703,MNO-A,ORDER-96D720041DDDA0F3EDB7F754,ACCOUNT-bf40739256a87e7950e5a645,aura-smdpp.test,0ed697e1c2f7b25def5ced09dba928b4b935a6ecc04b58e08ec0f87fdd9eea87,download,1802238673,PROFILE-7b14bb5e65854de86016,0ed697e1c2f7b25def5ced09dba928b4b935a6ecc04b58e08ec0f87fdd9eea87,12207,MID-2B1F516DE65FF3381AFA893CABD870FC,matching_id,fulfilled
aura_rsp,703,MNO-A,ORDER-3ADAD0111362BC203F5ABED0,ACCOUNT-4efa0d28307ab4f2380dc4c0,aura-smdpp.test,0ed697e1c2f7b25def5ced09dba928b4b935a6ecc04b58e08ec0f87fdd9eea87,download,1802238673,PROFILE-7b14bb5e65854de86016,0ed697e1c2f7b25def5ced09dba928b4b935a6ecc04b58e08ec0f87fdd9eea87,12207,IAC-1E1B8A47102987765A89864C273710D1,I_ac,fulfilled
standard_rsp,704,MNO-D,ORDER-2F77EA96C21FE513E8A36497,ACCOUNT-b78041dc9621bbf5540c5502,aura-smdpp.test,b093460d444f0abd5f788aaabb3f01651ba6748ac05495a3d3a87b95ff42b406,download,1802483839,PROFILE-988ba40e3fc4ea5e58d0,b093460d444f0abd5f788aaabb3f01651ba6748ac05495a3d3a87b95ff42b406,12207,MID-D28F4F1EA5FB7028961437D53A23A617,matching_id,fulfilled
aura_rsp,704,MNO-D,ORDER-6458BDA7B0B8F952175F86B4,ACCOUNT-e17f1102eedfcc216dd342a0,aura-smdpp.test,b093460d444f0abd5f788aaabb3f01651ba6748ac05495a3d3a87b95ff42b406,download,1802483839,PROFILE-988ba40e3fc4ea5e58d0,b093460d444f0abd5f788aaabb3f01651ba6748ac05495a3d3a87b95ff42b406,12207,IAC-80380B03FAAB223DD25C5974FD05A8F2,I_ac,fulfilled
standard_rsp,705,MNO-A,ORDER-54699249A9F69D9C214CEF57,ACCOUNT-d179869e41b1806acef5e20b,aura-smdpp.test,89af4c5c02a8e85182f9cfccb65d7e471fb34732c0d115428180f3f28f1b162a,download,1802528448,PROFILE-21e2369a4714797d3707,89af4c5c02a8e85182f9cfccb65d7e471fb34732c0d115428180f3f28f1b162a,12207,MID-DE0B6EF4335DC3C481BF747A4881212C,matching_id,fulfilled
aura_rsp,705,MNO-A,ORDER-8B855981F4D1D2F947C942E7,ACCOUNT-1beb5b30178564bdb1e514a9,aura-smdpp.test,89af4c5c02a8e85182f9cfccb65d7e471fb34732c0d115428180f3f28f1b162a,download,1802528448,PROFILE-21e2369a4714797d3707,89af4c5c02a8e85182f9cfccb65d7e471fb34732c0d115428180f3f28f1b162a,12207,IAC-1231EC49B233940FB4D593850D4A307E,I_ac,fulfilled
standard_rsp,706,MNO-D,ORDER-C59A2EF0AAA3202F307CC44B,ACCOUNT-cbb179a56c9e8e57d3ab8940,aura-smdpp.test,05772ddfdeb14c209aa5c1143b10517ebdec01917905f357a54d5b184895db01,download,1802354512,PROFILE-32b75d4e9ed2581920e4,05772ddfdeb14c209aa5c1143b10517ebdec01917905f357a54d5b184895db01,12207,MID-C43B49E9C57C18685B7390DB9A992D21,matching_id,fulfilled
aura_rsp,706,MNO-D,ORDER-7DF25E5CC214E39B833F098F,ACCOUNT-12a80782cf9b15ce82d8e316,aura-smdpp.test,05772ddfdeb14c209aa5c1143b10517ebdec01917905f357a54d5b184895db01,download,1802354512,PROFILE-32b75d4e9ed2581920e4,05772ddfdeb14c209aa5c1143b10517ebdec01917905f357a54d5b184895db01,12207,IAC-86E1FFF95E3D63DBF58A43C2F7A72A3B,I_ac,fulfilled
standard_rsp,707,MNO-C,ORDER-38CB22373FA63014FC310A3A,ACCOUNT-b8bac1232006be5d2d8bd5df,aura-smdpp.test,a0c579e378c7480f39cee82e3391f74cbbb31f07abf28ad54d378a5e14f6d71c,download,1802120808,PROFILE-8c8547d516dde8c7afe8,a0c579e378c7480f39cee82e3391f74cbbb31f07abf28ad54d378a5e14f6d71c,12207,MID-AC6C7622613B58B9BB7260AC8A2D1FFA,matching_id,fulfilled
aura_rsp,707,MNO-C,ORDER-1B2A59936647925732ABBCA1,ACCOUNT-959b25b9c2c42314497d8081,aura-smdpp.test,a0c579e378c7480f39cee82e3391f74cbbb31f07abf28ad54d378a5e14f6d71c,download,1802120808,PROFILE-8c8547d516dde8c7afe8,a0c579e378c7480f39cee82e3391f74cbbb31f07abf28ad54d378a5e14f6d71c,12207,IAC-EE65FBD0C5047010DA55C65781B42445,I_ac,fulfilled
standard_rsp,708,MNO-B,ORDER-41B2817E56699F9EA5ABE886,ACCOUNT-1f0178651c8e9d3fa8320ce3,aura-smdpp.test,c183ec93f6dfa92e8a307f295d06e467855975a2277644515cf5bc78632ee299,download,1801384388,PROFILE-9b87699024739412883d,c183ec93f6dfa92e8a307f295d06e467855975a2277644515cf5bc78632ee299,12207,MID-701AA45B8F454E84AA944AD562E78181,matching_id,fulfilled
aura_rsp,708,MNO-B,ORDER-D0219AF02B158299780FC7EE,ACCOUNT-67e7124e9af92f6c338ab0bb,aura-smdpp.test,c183ec93f6dfa92e8a307f295d06e467855975a2277644515cf5bc78632ee299,download,1801384388,PROFILE-9b87699024739412883d,c183ec93f6dfa92e8a307f295d06e467855975a2277644515cf5bc78632ee299,12207,IAC-C5CF8992042F4A6E22659006478412C0,I_ac,fulfilled
standard_rsp,709,MNO-D,ORDER-5EA2E96ADD0B7F4B3651EBEC,ACCOUNT-61a7539519d63ea657f85bc7,aura-smdpp.test,8da5fdef09fd4e6c1dcba3cbdd08e1a46236bbcdb07dbf7777162a9c1cbfd6c8,download,1802244883,PROFILE-fff70bbe0dd361213861,8da5fdef09fd4e6c1dcba3cbdd08e1a46236bbcdb07dbf7777162a9c1cbfd6c8,12207,MID-7CF6EB29F7FA835BA103B41E62DC51D8,matching_id,fulfilled
aura_rsp,709,MNO-D,ORDER-B7417529D341FF8C2783C5F5,ACCOUNT-14fd62e5da196be5c169de39,aura-smdpp.test,8da5fdef09fd4e6c1dcba3cbdd08e1a46236bbcdb07dbf7777162a9c1cbfd6c8,download,1802244883,PROFILE-fff70bbe0dd361213861,8da5fdef09fd4e6c1dcba3cbdd08e1a46236bbcdb07dbf7777162a9c1cbfd6c8,12207,IAC-25BBB9336FF160989BE093A3053DF528,I_ac,fulfilled
standard_rsp,710,MNO-A,ORDER-B1A86980F9410B35A57D7806,ACCOUNT-de9f4b80d70267a7f11f3cbd,aura-smdpp.test,cf3a826fb83d4701c02fc46cbc869efb75736c15da58c37be5a3b440ecfed221,download,1800668221,PROFILE-351efc5df0dd33bb1221,cf3a826fb83d4701c02fc46cbc869efb75736c15da58c37be5a3b440ecfed221,12207,MID-63993704EB934D1D4966F60C6902EF48,matching_id,fulfilled
aura_rsp,710,MNO-A,ORDER-9ED52DAAA109E1DF710D2A46,ACCOUNT-dbd793475a0db5ca8bb44ca5,aura-smdpp.test,cf3a826fb83d4701c02fc46cbc869efb75736c15da58c37be5a3b440ecfed221,download,1800668221,PROFILE-351efc5df0dd33bb1221,cf3a826fb83d4701c02fc46cbc869efb75736c15da58c37be5a3b440ecfed221,12207,IAC-9B17E0E549E647DDF7574E25D0B0A44C,I_ac,fulfilled
standard_rsp,711,MNO-A,ORDER-291E29D2C6080FB4A1BA897F,ACCOUNT-416c501f22c540a44485a15e,aura-smdpp.test,f5d0c1feddf4dcdeb02616825f14b2b16a0b2e2ec2a025f3a2e94c3ea3519fc5,download,1800957274,PROFILE-92c6ecf0cf6cd628ef1c,f5d0c1feddf4dcdeb02616825f14b2b16a0b2e2ec2a025f3a2e94c3ea3519fc5,12207,MID-1B74C6783BE0CAD809D0C1C97A7BE844,matching_id,fulfilled
aura_rsp,711,MNO-A,ORDER-7690CE284AC56505CA13599A,ACCOUNT-0c728f361dd69f1073b6241d,aura-smdpp.test,f5d0c1feddf4dcdeb02616825f14b2b16a0b2e2ec2a025f3a2e94c3ea3519fc5,download,1800957274,PROFILE-92c6ecf0cf6cd628ef1c,f5d0c1feddf4dcdeb02616825f14b2b16a0b2e2ec2a025f3a2e94c3ea3519fc5,12207,IAC-118D2D1A583F9F853E34F1E8C4ACDBA7,I_ac,fulfilled
standard_rsp,712,MNO-A,ORDER-AA542F2B4538CE3E409EAD9A,ACCOUNT-04a6b6e77ba041489c0c75bb,aura-smdpp.test,921e97164c221d57110ab15e278098c55d31f014bf8646db92c794066efaff23,download,1801295409,PROFILE-a7b921846b5ed02b8e92,921e97164c221d57110ab15e278098c55d31f014bf8646db92c794066efaff23,12207,MID-7A9F47F2489ABAC264AE78C608DCD3AA,matching_id,fulfilled
aura_rsp,712,MNO-A,ORDER-73DDC735576BC15AA74A0860,ACCOUNT-25314bd346c12026a8859155,aura-smdpp.test,921e97164c221d57110ab15e278098c55d31f014bf8646db92c794066efaff23,download,1801295409,PROFILE-a7b921846b5ed02b8e92,921e97164c221d57110ab15e278098c55d31f014bf8646db92c794066efaff23,12207,IAC-8F5E90F431BC25F288D66C2A83849564,I_ac,fulfilled
standard_rsp,713,MNO-B,ORDER-4739D104D2E724CF7D9AAB97,ACCOUNT-3bcc30db86f1789df748a140,aura-smdpp.test,a9e5ac2eb80381fad65271132f22c7bbf20fe4d86fc1cdfcd50a1881513cdc61,download,1801879917,PROFILE-1900fb37e3108dd20915,a9e5ac2eb80381fad65271132f22c7bbf20fe4d86fc1cdfcd50a1881513cdc61,12207,MID-0169062B1ACD6996A82E13CA9EB36135,matching_id,fulfilled
aura_rsp,713,MNO-B,ORDER-91A76B60991E9FF563460918,ACCOUNT-f76e18f7af1d083dd0614fb4,aura-smdpp.test,a9e5ac2eb80381fad65271132f22c7bbf20fe4d86fc1cdfcd50a1881513cdc61,download,1801879917,PROFILE-1900fb37e3108dd20915,a9e5ac2eb80381fad65271132f22c7bbf20fe4d86fc1cdfcd50a1881513cdc61,12207,IAC-90B71D052A9F7A902344932A59ACF1BC,I_ac,fulfilled
standard_rsp,714,MNO-B,ORDER-58FF4049A93A2F9092C4B78F,ACCOUNT-8442ee948c705f45a1e80ac0,aura-smdpp.test,333478d1509e1381b6e4d333241c108ef9ea47107a4581076debaab088e58d36,download,1802299157,PROFILE-484c22d0df1a766bde6e,333478d1509e1381b6e4d333241c108ef9ea47107a4581076debaab088e58d36,12207,MID-BB48D3A89656AD70AB21D1A45F9E9C1F,matching_id,fulfilled
aura_rsp,714,MNO-B,ORDER-017B1D0AA8EECEAB36B007ED,ACCOUNT-33dbc9cbf75e82a0c68439bc,aura-smdpp.test,333478d1509e1381b6e4d333241c108ef9ea47107a4581076debaab088e58d36,download,1802299157,PROFILE-484c22d0df1a766bde6e,333478d1509e1381b6e4d333241c108ef9ea47107a4581076debaab088e58d36,12207,IAC-2376997AA4802B923F4D802A3F6EC2D6,I_ac,fulfilled
standard_rsp,715,MNO-C,ORDER-380A66C84BB9F6119804A4BA,ACCOUNT-7399fb039ce5c799b61792aa,aura-smdpp.test,b5814e5f3c6bf3335c847cf4dbb70e69150998c60265c685f1d4e2440108f770,download,1801293152,PROFILE-b15db7113e7ad3004bf8,b5814e5f3c6bf3335c847cf4dbb70e69150998c60265c685f1d4e2440108f770,12207,MID-8432BD6CD87BB5108C4F93DFA7459F21,matching_id,fulfilled
aura_rsp,715,MNO-C,ORDER-DDE5D038E92261EEA0DA0780,ACCOUNT-6a62d4b689f98390289004f7,aura-smdpp.test,b5814e5f3c6bf3335c847cf4dbb70e69150998c60265c685f1d4e2440108f770,download,1801293152,PROFILE-b15db7113e7ad3004bf8,b5814e5f3c6bf3335c847cf4dbb70e69150998c60265c685f1d4e2440108f770,12207,IAC-2F232DC5395041BDE6A3B3598D58E8A5,I_ac,fulfilled
standard_rsp,716,MNO-D,ORDER-046FA7FC97B0983A8176E82A,ACCOUNT-5d522f0ca095c875e99e3761,aura-smdpp.test,fc2ced25648ac372708c78224fed487a0cdbb49445771b14676ab034a34b4cd4,download,1800174798,PROFILE-e23bc2510639d120b461,fc2ced25648ac372708c78224fed487a0cdbb49445771b14676ab034a34b4cd4,12207,MID-8178185F8327CB7A4BA7D8B8A690CCC1,matching_id,fulfilled
aura_rsp,716,MNO-D,ORDER-1462DE0162B527E6C5D38DF4,ACCOUNT-30abe4142cf8aa54c0b4e508,aura-smdpp.test,fc2ced25648ac372708c78224fed487a0cdbb49445771b14676ab034a34b4cd4,download,1800174798,PROFILE-e23bc2510639d120b461,fc2ced25648ac372708c78224fed487a0cdbb49445771b14676ab034a34b4cd4,12207,IAC-7CB40E45D47D741BAD3D4FC8BFA85984,I_ac,fulfilled
standard_rsp,717,MNO-A,ORDER-E8B8A5B3774AB3CC9CC5CEB3,ACCOUNT-5a5c81984a3407c57cbc57c9,aura-smdpp.test,5a3122039880ffab99162d5cdd54e2ea119fd876cbbf411ccf8a4280fe28542c,download,1801282134,PROFILE-16fa3c0c36c5d836b664,5a3122039880ffab99162d5cdd54e2ea119fd876cbbf411ccf8a4280fe28542c,12207,MID-B23DCE9026FA7E3BFCE2767A87C92209,matching_id,fulfilled
aura_rsp,717,MNO-A,ORDER-C7D07ED008EC90968D7C1F48,ACCOUNT-05819c81259ecba06205a986,aura-smdpp.test,5a3122039880ffab99162d5cdd54e2ea119fd876cbbf411ccf8a4280fe28542c,download,1801282134,PROFILE-16fa3c0c36c5d836b664,5a3122039880ffab99162d5cdd54e2ea119fd876cbbf411ccf8a4280fe28542c,12207,IAC-BF5659F882595AD08E9FC73F195A26E8,I_ac,fulfilled
standard_rsp,718,MNO-D,ORDER-D1669F1C78C7D0DC3013B09B,ACCOUNT-8f41d81f3cfa506c4b2574bd,aura-smdpp.test,d6aac46c056aead8b73fbeac15ac691aa22cd1c83f9af7a9a56d00342eaf4caf,download,1800009124,PROFILE-3523a936befb19b5cf87,d6aac46c056aead8b73fbeac15ac691aa22cd1c83f9af7a9a56d00342eaf4caf,12207,MID-0EAF4F9EBE27AABC43DAF21D03AF015A,matching_id,fulfilled
aura_rsp,718,MNO-D,ORDER-32541FE80AEB7E9AC9457DDF,ACCOUNT-4c705a12376a5bcdba09083b,aura-smdpp.test,d6aac46c056aead8b73fbeac15ac691aa22cd1c83f9af7a9a56d00342eaf4caf,download,1800009124,PROFILE-3523a936befb19b5cf87,d6aac46c056aead8b73fbeac15ac691aa22cd1c83f9af7a9a56d00342eaf4caf,12207,IAC-DA30F28649F2256F14DBFD7A91F58003,I_ac,fulfilled
standard_rsp,719,MNO-D,ORDER-DB2298A2640130108D6C43DE,ACCOUNT-bf92486ade222443a254569b,aura-smdpp.test,dc9017aa6372fb7cfe672ee7df77ba3ce9d0b75193b829a2f0fbd78b48e7be4b,download,1800449145,PROFILE-891225a245ba76c45777,dc9017aa6372fb7cfe672ee7df77ba3ce9d0b75193b829a2f0fbd78b48e7be4b,12207,MID-1CB2B6985726658E61DF531F775BBE7E,matching_id,fulfilled
aura_rsp,719,MNO-D,ORDER-DA65E8AB815AF10B7B9E3BC4,ACCOUNT-78ad2ea238bd883e5750815f,aura-smdpp.test,dc9017aa6372fb7cfe672ee7df77ba3ce9d0b75193b829a2f0fbd78b48e7be4b,download,1800449145,PROFILE-891225a245ba76c45777,dc9017aa6372fb7cfe672ee7df77ba3ce9d0b75193b829a2f0fbd78b48e7be4b,12207,IAC-C94E366EFEA201A6D635485F7FC5C811,I_ac,fulfilled
standard_rsp,720,MNO-C,ORDER-B70282B7D4AA268F99C7D366,ACCOUNT-d22c960d595521571d4b6f2e,aura-smdpp.test,ac022626b35ec63aa92924daf1781911eaeec2a8e0f268427a36ae85e48022e0,download,1800347319,PROFILE-0b8d0e83cdac34d125c7,ac022626b35ec63aa92924daf1781911eaeec2a8e0f268427a36ae85e48022e0,12207,MID-2364F8F5FDFF30FE0496E36371ABA8AD,matching_id,fulfilled
aura_rsp,720,MNO-C,ORDER-38025EADF216EC25E9D6C633,ACCOUNT-6f7d34e546d14f8cb8f14c04,aura-smdpp.test,ac022626b35ec63aa92924daf1781911eaeec2a8e0f268427a36ae85e48022e0,download,1800347319,PROFILE-0b8d0e83cdac34d125c7,ac022626b35ec63aa92924daf1781911eaeec2a8e0f268427a36ae85e48022e0,12207,IAC-249E3BDCD9881697197392369CE201AD,I_ac,fulfilled
standard_rsp,721,MNO-D,ORDER-A90119AB63EE3E00B4229DDF,ACCOUNT-a8b34ef3b59c0dc05eb872d4,aura-smdpp.test,8b9e5b4fd615ddd4201e9f7f79f929768021818ce11ea52071a9ff6b4e7542f0,download,1801233128,PROFILE-52858fa2cb4462db4a71,8b9e5b4fd615ddd4201e9f7f79f929768021818ce11ea52071a9ff6b4e7542f0,12207,MID-3A26032DB88C142453C1208319A52EE1,matching_id,fulfilled
aura_rsp,721,MNO-D,ORDER-0B3065598B2416DE28DA2EE0,ACCOUNT-14213cd35630cfcb5c1af7c5,aura-smdpp.test,8b9e5b4fd615ddd4201e9f7f79f929768021818ce11ea52071a9ff6b4e7542f0,download,1801233128,PROFILE-52858fa2cb4462db4a71,8b9e5b4fd615ddd4201e9f7f79f929768021818ce11ea52071a9ff6b4e7542f0,12207,IAC-CC4F17C653A5385EB6556750E2CD8A52,I_ac,fulfilled
standard_rsp,722,MNO-C,ORDER-4BF5419D992D49A594CBB7B2,ACCOUNT-1a877c188ff9691d9a94b22e,aura-smdpp.test,fc7bcb89f4882d02c66173e3e6b59c12c042994534da96c4d6b6726ab43e9609,download,1801007262,PROFILE-8b921238b76aff6ec94f,fc7bcb89f4882d02c66173e3e6b59c12c042994534da96c4d6b6726ab43e9609,12207,MID-FD5621F8D5451BCE6DBFBB6EF637D7A5,matching_id,fulfilled
aura_rsp,722,MNO-C,ORDER-B1A84271C58120DFF683E911,ACCOUNT-bd361485e06dab9256dccb6a,aura-smdpp.test,fc7bcb89f4882d02c66173e3e6b59c12c042994534da96c4d6b6726ab43e9609,download,1801007262,PROFILE-8b921238b76aff6ec94f,fc7bcb89f4882d02c66173e3e6b59c12c042994534da96c4d6b6726ab43e9609,12207,IAC-86E3114AFA6ADCC1DAAF8C06180F1650,I_ac,fulfilled
standard_rsp,723,MNO-A,ORDER-7ADE3887958CA399B3C3E611,ACCOUNT-03d11f09e0a1fa011c7d6972,aura-smdpp.test,e10fab865be9eb4c931bd03322581b480437a63f607c147a9792473505b47045,download,1802557630,PROFILE-2e986b672eb2d7bd1418,e10fab865be9eb4c931bd03322581b480437a63f607c147a9792473505b47045,12207,MID-E65F731F5DB10713D4B501D40B8CCFAD,matching_id,fulfilled
aura_rsp,723,MNO-A,ORDER-FB590CB891C1CBBD476E73FD,ACCOUNT-6650358292f1563d30e998d2,aura-smdpp.test,e10fab865be9eb4c931bd03322581b480437a63f607c147a9792473505b47045,download,1802557630,PROFILE-2e986b672eb2d7bd1418,e10fab865be9eb4c931bd03322581b480437a63f607c147a9792473505b47045,12207,IAC-DEF26698A10DF75115149D183887D27F,I_ac,fulfilled
standard_rsp,724,MNO-A,ORDER-92F935D58172A26D876F7159,ACCOUNT-aa73f5cb1fdfa347f50d7ba8,aura-smdpp.test,08d6218b2b88e931d12fb973a2fb6b0fe2271bcd3d19a1c992b940a392d2ed67,download,1802413746,PROFILE-7a0dd1f2611a3c723fe9,08d6218b2b88e931d12fb973a2fb6b0fe2271bcd3d19a1c992b940a392d2ed67,12207,MID-6BCC843031FE9AD2FCA1455A017F71B4,matching_id,fulfilled
aura_rsp,724,MNO-A,ORDER-075B79B2BB8AE8D8145FE114,ACCOUNT-5c936c63f895fbd5c08d86f3,aura-smdpp.test,08d6218b2b88e931d12fb973a2fb6b0fe2271bcd3d19a1c992b940a392d2ed67,download,1802413746,PROFILE-7a0dd1f2611a3c723fe9,08d6218b2b88e931d12fb973a2fb6b0fe2271bcd3d19a1c992b940a392d2ed67,12207,IAC-B6ECBD71ABA02E475E57DBAD4F4573B1,I_ac,fulfilled
standard_rsp,725,MNO-C,ORDER-DEBC33FA91C55DA84EF5DFA0,ACCOUNT-3176004cd6ece8dc1d94cd52,aura-smdpp.test,6f02869bf2a3e4f3d65564023a1b57e16d2b9227da7310d54d8dd76268c6e176,download,1801465486,PROFILE-9d2d9a23611f62b7571f,6f02869bf2a3e4f3d65564023a1b57e16d2b9227da7310d54d8dd76268c6e176,12207,MID-C8F5CE2A19E4F9C18583EDB5DDA3EE26,matching_id,fulfilled
aura_rsp,725,MNO-C,ORDER-975017AF822F6740F57542C4,ACCOUNT-d85e8747893bd80611aeadbb,aura-smdpp.test,6f02869bf2a3e4f3d65564023a1b57e16d2b9227da7310d54d8dd76268c6e176,download,1801465486,PROFILE-9d2d9a23611f62b7571f,6f02869bf2a3e4f3d65564023a1b57e16d2b9227da7310d54d8dd76268c6e176,12207,IAC-65DCC051ED6C40F909F1D6EDC61B0530,I_ac,fulfilled
standard_rsp,726,MNO-C,ORDER-A498E838A14BA0F81C80F5B2,ACCOUNT-708854a73872338e4bd0af84,aura-smdpp.test,7b8a30de2e4c526cad6390e369cd1332cb08b462a2cb6eac956f22c989528b83,download,1801645609,PROFILE-68ed92da420aeed29fce,7b8a30de2e4c526cad6390e369cd1332cb08b462a2cb6eac956f22c989528b83,12207,MID-F3DA5BF5FECD62647C29B04F8FDE19EE,matching_id,fulfilled
aura_rsp,726,MNO-C,ORDER-25675D5D1EAC219C474B1A9C,ACCOUNT-e224060f6f84c634071ef380,aura-smdpp.test,7b8a30de2e4c526cad6390e369cd1332cb08b462a2cb6eac956f22c989528b83,download,1801645609,PROFILE-68ed92da420aeed29fce,7b8a30de2e4c526cad6390e369cd1332cb08b462a2cb6eac956f22c989528b83,12207,IAC-44A900D00A77D28F19C6234E3ABA1E91,I_ac,fulfilled
standard_rsp,727,MNO-A,ORDER-E1E6D5FDAF553626F3FC1074,ACCOUNT-b11c77dd3778f4698abe8586,aura-smdpp.test,b149ce93bbc02bc7af9f227e2bd76ad0dc595f943ef0c6fdf8e723bd9d15ff87,download,1800100989,PROFILE-239cdc99152dbdf06b66,b149ce93bbc02bc7af9f227e2bd76ad0dc595f943ef0c6fdf8e723bd9d15ff87,12207,MID-6B89B6D2442709CEC81C781AEBCD5941,matching_id,fulfilled
aura_rsp,727,MNO-A,ORDER-906F5DF2138437E82F71E9B6,ACCOUNT-a25c2425dd00522dc895f642,aura-smdpp.test,b149ce93bbc02bc7af9f227e2bd76ad0dc595f943ef0c6fdf8e723bd9d15ff87,download,1800100989,PROFILE-239cdc99152dbdf06b66,b149ce93bbc02bc7af9f227e2bd76ad0dc595f943ef0c6fdf8e723bd9d15ff87,12207,IAC-1AD17BBCEF898B50DA2AB8C459C228F2,I_ac,fulfilled
standard_rsp,728,MNO-C,ORDER-292D2111F1AE45DFD8019D4C,ACCOUNT-fb9a7f275243b2c9c6e88958,aura-smdpp.test,88b608dc8b760f8fb0f1c51ebe7fda02305d66468f53d2c0b9b6bb1a77c7194c,download,1800541371,PROFILE-c83f8a7b49adb84d3fb4,88b608dc8b760f8fb0f1c51ebe7fda02305d66468f53d2c0b9b6bb1a77c7194c,12207,MID-0DFFC6E15F21382F2616877F5F8285EF,matching_id,fulfilled
aura_rsp,728,MNO-C,ORDER-1201A3FB4D4CC36DAEBA738F,ACCOUNT-2ae306d03a3aa2604058606e,aura-smdpp.test,88b608dc8b760f8fb0f1c51ebe7fda02305d66468f53d2c0b9b6bb1a77c7194c,download,1800541371,PROFILE-c83f8a7b49adb84d3fb4,88b608dc8b760f8fb0f1c51ebe7fda02305d66468f53d2c0b9b6bb1a77c7194c,12207,IAC-5900119A1002DD7D9714C7D317B298E7,I_ac,fulfilled
standard_rsp,729,MNO-D,ORDER-387FC3A751FB9173F9AB9A24,ACCOUNT-cc9389dce1b6558ad08827a0,aura-smdpp.test,6809b4ac076429216183f14045c60e0d390bd7d327b4046136f1765a99b16084,download,1801296178,PROFILE-e60ab9c62c3ea282ee2f,6809b4ac076429216183f14045c60e0d390bd7d327b4046136f1765a99b16084,12207,MID-2FB9A880582CCBF78750DAF5C0A59854,matching_id,fulfilled
aura_rsp,729,MNO-D,ORDER-C3465B52C72450F6562355B4,ACCOUNT-8cd9d441e37c778c26594200,aura-smdpp.test,6809b4ac076429216183f14045c60e0d390bd7d327b4046136f1765a99b16084,download,1801296178,PROFILE-e60ab9c62c3ea282ee2f,6809b4ac076429216183f14045c60e0d390bd7d327b4046136f1765a99b16084,12207,IAC-D47A7EC597151690DC8284E74CA5D0C4,I_ac,fulfilled
standard_rsp,730,MNO-A,ORDER-041D280544F66DBC8C7A29C6,ACCOUNT-bff6d74526d1667aa9d85a70,aura-smdpp.test,97502da9fe7bf896cbcd2a335647402a5cbbe8897dbfb3a6decc5b206e49fc98,download,1802493144,PROFILE-1e99da6660c672ffc6e7,97502da9fe7bf896cbcd2a335647402a5cbbe8897dbfb3a6decc5b206e49fc98,12207,MID-F01D089EB3D102D6AFAD86BA4381F616,matching_id,fulfilled
aura_rsp,730,MNO-A,ORDER-33EF4E238F246167AACCD86D,ACCOUNT-e6ace3876d9685e41b5ad760,aura-smdpp.test,97502da9fe7bf896cbcd2a335647402a5cbbe8897dbfb3a6decc5b206e49fc98,download,1802493144,PROFILE-1e99da6660c672ffc6e7,97502da9fe7bf896cbcd2a335647402a5cbbe8897dbfb3a6decc5b206e49fc98,12207,IAC-ED1A4F674069F37A56A0D9ACA04B6BAC,I_ac,fulfilled
standard_rsp,731,MNO-B,ORDER-2CC6B4DABB5D089C4996D42C,ACCOUNT-a429ad3d9a4763829be15961,aura-smdpp.test,c0f39c2876bdd9ff42859032d28bb5d47369287a99c52a1b7d7a075d47bc07b6,download,1802490037,PROFILE-04dfffcc3e7aeb721010,c0f39c2876bdd9ff42859032d28bb5d47369287a99c52a1b7d7a075d47bc07b6,12207,MID-6B13C7E3A82312AEB02F456D6DCCA094,matching_id,fulfilled
aura_rsp,731,MNO-B,ORDER-9EAFA0BE7B5FFD28258C89AE,ACCOUNT-996c1dd565d490b3bfd03f60,aura-smdpp.test,c0f39c2876bdd9ff42859032d28bb5d47369287a99c52a1b7d7a075d47bc07b6,download,1802490037,PROFILE-04dfffcc3e7aeb721010,c0f39c2876bdd9ff42859032d28bb5d47369287a99c52a1b7d7a075d47bc07b6,12207,IAC-B975C446E736D63A32656E9B63E9CE43,I_ac,fulfilled
standard_rsp,732,MNO-D,ORDER-A041E04E4520F5805AF1C982,ACCOUNT-dcdf0c6fc9fa8eb4a39fa3d8,aura-smdpp.test,ecb310aa568b4cb3a98e734d912028b2b80a415a4cf143d1cecca00339ed2116,download,1801214454,PROFILE-30f0888fd17dbe77fccd,ecb310aa568b4cb3a98e734d912028b2b80a415a4cf143d1cecca00339ed2116,12207,MID-E6EE99920E091411C7B4F8F732457778,matching_id,fulfilled
aura_rsp,732,MNO-D,ORDER-8DA0EC3DB30D5DCC2AD4D034,ACCOUNT-e0d265d244adc306c8e0a992,aura-smdpp.test,ecb310aa568b4cb3a98e734d912028b2b80a415a4cf143d1cecca00339ed2116,download,1801214454,PROFILE-30f0888fd17dbe77fccd,ecb310aa568b4cb3a98e734d912028b2b80a415a4cf143d1cecca00339ed2116,12207,IAC-83286E6E228EBCA6C8CF7DC22F4D56E1,I_ac,fulfilled
standard_rsp,733,MNO-C,ORDER-4940809FA6AEB751CB27FC16,ACCOUNT-e5a2ccd98ffb8ef4d266dce3,aura-smdpp.test,770f8a8c9de241f1388ad6992abe78c9e511c1207ddef2080a88cec6074cb82f,download,1801933070,PROFILE-3531d67ce8a7903a731c,770f8a8c9de241f1388ad6992abe78c9e511c1207ddef2080a88cec6074cb82f,12207,MID-14EC4F3E0E73AF8CDD7ABBDA3048AED3,matching_id,fulfilled
aura_rsp,733,MNO-C,ORDER-D1064FAA23AB08215B9AD104,ACCOUNT-9fe5852252e70bf6daa4945f,aura-smdpp.test,770f8a8c9de241f1388ad6992abe78c9e511c1207ddef2080a88cec6074cb82f,download,1801933070,PROFILE-3531d67ce8a7903a731c,770f8a8c9de241f1388ad6992abe78c9e511c1207ddef2080a88cec6074cb82f,12207,IAC-AD4A701F97E83E8A64958A3AB8D90B39,I_ac,fulfilled
standard_rsp,734,MNO-A,ORDER-F31A358AEBD9F471BED21057,ACCOUNT-ac9b5b78ec2bf490d77a9b71,aura-smdpp.test,e34ea23ef7f3202b4d8b17d22644ad69450ddb10c44c55b330ffae09d35cea4b,download,1800585079,PROFILE-ea10c63dbd203fe79578,e34ea23ef7f3202b4d8b17d22644ad69450ddb10c44c55b330ffae09d35cea4b,12207,MID-21A3E4E6454175D265F7B7C9FFDF64EE,matching_id,fulfilled
aura_rsp,734,MNO-A,ORDER-F51C8FA6E26AB5818D83D195,ACCOUNT-a47e392a59aff22938e31183,aura-smdpp.test,e34ea23ef7f3202b4d8b17d22644ad69450ddb10c44c55b330ffae09d35cea4b,download,1800585079,PROFILE-ea10c63dbd203fe79578,e34ea23ef7f3202b4d8b17d22644ad69450ddb10c44c55b330ffae09d35cea4b,12207,IAC-CA7301F25A799B585B68B8A46D26CE57,I_ac,fulfilled
standard_rsp,735,MNO-C,ORDER-E24A2407DC465818FF822B7D,ACCOUNT-793588aaa1cc92bcd8ca8b6e,aura-smdpp.test,2d3152ae487d34fb6a534d48309c5d81653620894269bc5709dd91718f044ceb,download,1800147378,PROFILE-e3c4022967b475649384,2d3152ae487d34fb6a534d48309c5d81653620894269bc5709dd91718f044ceb,12207,MID-7950E6EFCB1E513B74FF7BC707E8B2E8,matching_id,fulfilled
aura_rsp,735,MNO-C,ORDER-66330A6AA06A22A0795B8791,ACCOUNT-e8b2b7140181947f52a6e05c,aura-smdpp.test,2d3152ae487d34fb6a534d48309c5d81653620894269bc5709dd91718f044ceb,download,1800147378,PROFILE-e3c4022967b475649384,2d3152ae487d34fb6a534d48309c5d81653620894269bc5709dd91718f044ceb,12207,IAC-8642C133C2599A85C4AC7335ED7E3B9D,I_ac,fulfilled
standard_rsp,736,MNO-C,ORDER-7682D0D364891C27216CDFA4,ACCOUNT-7e03de20f0e0e840f837519a,aura-smdpp.test,66b588ed813705cd7fbd1bdfc48911c55697c0ababa289fd4db3e8c71894498b,download,1801732387,PROFILE-3c47fa13148bcdda551e,66b588ed813705cd7fbd1bdfc48911c55697c0ababa289fd4db3e8c71894498b,12207,MID-BB183F609C069596521A8B59A45FC5FC,matching_id,fulfilled
aura_rsp,736,MNO-C,ORDER-59FEFFD6E6E95D52ADD6DC34,ACCOUNT-73d0aa26b9a9733f44d253f7,aura-smdpp.test,66b588ed813705cd7fbd1bdfc48911c55697c0ababa289fd4db3e8c71894498b,download,1801732387,PROFILE-3c47fa13148bcdda551e,66b588ed813705cd7fbd1bdfc48911c55697c0ababa289fd4db3e8c71894498b,12207,IAC-E46116C6DB681A4848E632DB518F55FB,I_ac,fulfilled
standard_rsp,737,MNO-D,ORDER-AB3F549E83DD327CCA4BF1FF,ACCOUNT-b03b628e7077d088a920a0bd,aura-smdpp.test,de4e4f89a4dee4a31592d7cfab3fe8861e4bfeddeadc98df7009db73ba5e5cf4,download,1800808481,PROFILE-977fc0e4c923c82def83,de4e4f89a4dee4a31592d7cfab3fe8861e4bfeddeadc98df7009db73ba5e5cf4,12207,MID-A4DAEAC0BC024B4166723FFE7DE97DAE,matching_id,fulfilled
aura_rsp,737,MNO-D,ORDER-6FDDDA49598D80DB8B447C22,ACCOUNT-20bd041164391f3c339baf34,aura-smdpp.test,de4e4f89a4dee4a31592d7cfab3fe8861e4bfeddeadc98df7009db73ba5e5cf4,download,1800808481,PROFILE-977fc0e4c923c82def83,de4e4f89a4dee4a31592d7cfab3fe8861e4bfeddeadc98df7009db73ba5e5cf4,12207,IAC-E7787FAC132F78A2A3A50E1C5C7128CA,I_ac,fulfilled
standard_rsp,738,MNO-D,ORDER-248B5FBF5CDA41E4DEBA64DB,ACCOUNT-8391bca5f45718d3059dd8a6,aura-smdpp.test,ebc485d78d4be24d1755398a0592049822392035babe34f2e8538e67243578ca,download,1800019651,PROFILE-d6b7d890c771a8c1882d,ebc485d78d4be24d1755398a0592049822392035babe34f2e8538e67243578ca,12207,MID-9C0EA7B5CFE1A6F215DA028D54AD6A78,matching_id,fulfilled
aura_rsp,738,MNO-D,ORDER-2B69A05848D3D077709FF96C,ACCOUNT-f3c0339e98ce447cbcca1f33,aura-smdpp.test,ebc485d78d4be24d1755398a0592049822392035babe34f2e8538e67243578ca,download,1800019651,PROFILE-d6b7d890c771a8c1882d,ebc485d78d4be24d1755398a0592049822392035babe34f2e8538e67243578ca,12207,IAC-91A945C19DF86D23E40DAB3900105806,I_ac,fulfilled
standard_rsp,739,MNO-A,ORDER-B528BF9FC53325691724E0EF,ACCOUNT-703af9e122ca1d975108cb96,aura-smdpp.test,b0fde1f0b77d687b18dff5a41b698d4556943aeebebdb4abe7a29b21ab1287b5,download,1802127577,PROFILE-57280b90a6fa0808916c,b0fde1f0b77d687b18dff5a41b698d4556943aeebebdb4abe7a29b21ab1287b5,12207,MID-C124152D7CFEA6F158E32F7BBE7CA5EE,matching_id,fulfilled
aura_rsp,739,MNO-A,ORDER-4AACB1344571EE054326B055,ACCOUNT-fcaa825ecbf0aa283634d6b4,aura-smdpp.test,b0fde1f0b77d687b18dff5a41b698d4556943aeebebdb4abe7a29b21ab1287b5,download,1802127577,PROFILE-57280b90a6fa0808916c,b0fde1f0b77d687b18dff5a41b698d4556943aeebebdb4abe7a29b21ab1287b5,12207,IAC-26D7B83C2905B1B2D33B9F468CCCCBE8,I_ac,fulfilled
standard_rsp,740,MNO-C,ORDER-35536CF60CF311374DD9661F,ACCOUNT-a9d5744461f963397135e3e0,aura-smdpp.test,c9383e830bd0a120dbb6cc42a5c3be2353fbe513ea5ff4a8b5b24b907758fd0d,download,1800829336,PROFILE-ad0652c830a02396411d,c9383e830bd0a120dbb6cc42a5c3be2353fbe513ea5ff4a8b5b24b907758fd0d,12207,MID-D4561BD724D7EDE5591FFE93F30C3D13,matching_id,fulfilled
aura_rsp,740,MNO-C,ORDER-4D91BDA2B40C928DC73B38E2,ACCOUNT-2e0dc0b103d4aee1528af4cf,aura-smdpp.test,c9383e830bd0a120dbb6cc42a5c3be2353fbe513ea5ff4a8b5b24b907758fd0d,download,1800829336,PROFILE-ad0652c830a02396411d,c9383e830bd0a120dbb6cc42a5c3be2353fbe513ea5ff4a8b5b24b907758fd0d,12207,IAC-FA0BA9872C0756EB14CB1B87C3EE2D8A,I_ac,fulfilled
standard_rsp,741,MNO-A,ORDER-9065B1CAE774076B694472BE,ACCOUNT-2b4f4b0799ef387b49882e24,aura-smdpp.test,d590ea5b6cb85b1497bedcc18915f1e021681057d39496116d4e10c4ac60a32c,download,1801559813,PROFILE-05c5d6e00087c63fb7fb,d590ea5b6cb85b1497bedcc18915f1e021681057d39496116d4e10c4ac60a32c,12207,MID-6C852D3D6BABBCC2AC5633C546BD7A42,matching_id,fulfilled
aura_rsp,741,MNO-A,ORDER-62AB1C0D37BEC9AA250A9B2B,ACCOUNT-530c3ae8d9fb82cc0536a686,aura-smdpp.test,d590ea5b6cb85b1497bedcc18915f1e021681057d39496116d4e10c4ac60a32c,download,1801559813,PROFILE-05c5d6e00087c63fb7fb,d590ea5b6cb85b1497bedcc18915f1e021681057d39496116d4e10c4ac60a32c,12207,IAC-99246EDC1D289D1B3BCC9F8F6B89DDC5,I_ac,fulfilled
standard_rsp,742,MNO-C,ORDER-06554B399BFFD992D768586A,ACCOUNT-7584f3a69b4d3abcb7970456,aura-smdpp.test,905512a9910fdd57dd440e526e224c2c9911cca01712172a9646a1d5ff357d0a,download,1801357072,PROFILE-2f985490843c39aef3cc,905512a9910fdd57dd440e526e224c2c9911cca01712172a9646a1d5ff357d0a,12207,MID-D648C140D2EC7D82E4A5E10ECE86C502,matching_id,fulfilled
aura_rsp,742,MNO-C,ORDER-A51EEF3CF1F29A9E6B3ECF94,ACCOUNT-d8437a47f9f9a9ba82731f1b,aura-smdpp.test,905512a9910fdd57dd440e526e224c2c9911cca01712172a9646a1d5ff357d0a,download,1801357072,PROFILE-2f985490843c39aef3cc,905512a9910fdd57dd440e526e224c2c9911cca01712172a9646a1d5ff357d0a,12207,IAC-949B29D936D8109F3FDA09EF0A717C93,I_ac,fulfilled
standard_rsp,743,MNO-D,ORDER-4DE926EEF58FF6ED6E2AAC6D,ACCOUNT-98e8db44dce18e43983e954e,aura-smdpp.test,17b62f0380805900270c6be3c9f2d150470ed8cb108589a079e0fabab812f7d0,download,1800807194,PROFILE-18aea710512370d93762,17b62f0380805900270c6be3c9f2d150470ed8cb108589a079e0fabab812f7d0,12207,MID-0970A61724BBAF6BC431F97AA6CF920A,matching_id,fulfilled
aura_rsp,743,MNO-D,ORDER-DBAA20587A0F15EECD99AF45,ACCOUNT-b56685e356a5369ed5545444,aura-smdpp.test,17b62f0380805900270c6be3c9f2d150470ed8cb108589a079e0fabab812f7d0,download,1800807194,PROFILE-18aea710512370d93762,17b62f0380805900270c6be3c9f2d150470ed8cb108589a079e0fabab812f7d0,12207,IAC-9A41576BD402CD0340A87A378566B231,I_ac,fulfilled
standard_rsp,744,MNO-D,ORDER-E646EB83B4B8B729FE545813,ACCOUNT-59a6e0b0bf96f7332154338d,aura-smdpp.test,0339032c4274e1b7e9849c17c7bdb8bf2e32e11084599bf923463599ea6c65a8,download,1800376099,PROFILE-c7f80a3389e403f06318,0339032c4274e1b7e9849c17c7bdb8bf2e32e11084599bf923463599ea6c65a8,12207,MID-C1E766F5580C63F2F4060896F5D9995A,matching_id,fulfilled
aura_rsp,744,MNO-D,ORDER-9E8C642B3055D2449523EA58,ACCOUNT-3bf3d4fef594fc4e6863b52b,aura-smdpp.test,0339032c4274e1b7e9849c17c7bdb8bf2e32e11084599bf923463599ea6c65a8,download,1800376099,PROFILE-c7f80a3389e403f06318,0339032c4274e1b7e9849c17c7bdb8bf2e32e11084599bf923463599ea6c65a8,12207,IAC-527DEC30D7B5D7B27B4A1E067B1E4B4C,I_ac,fulfilled
standard_rsp,745,MNO-B,ORDER-80278609B3468DA6FA3543BD,ACCOUNT-b69d62058fbe6bf601429c4f,aura-smdpp.test,2cf9dcf369bba73a93fd46b2afcfcfba46556c6e4a12cc6045ec8031134af925,download,1802531661,PROFILE-4578639f53c0b8c3fce7,2cf9dcf369bba73a93fd46b2afcfcfba46556c6e4a12cc6045ec8031134af925,12207,MID-787A2CC4327B2CA572C92F69D35657F3,matching_id,fulfilled
aura_rsp,745,MNO-B,ORDER-02EB00356DB5D189297A58C2,ACCOUNT-f44c6a8439f651068155ff93,aura-smdpp.test,2cf9dcf369bba73a93fd46b2afcfcfba46556c6e4a12cc6045ec8031134af925,download,1802531661,PROFILE-4578639f53c0b8c3fce7,2cf9dcf369bba73a93fd46b2afcfcfba46556c6e4a12cc6045ec8031134af925,12207,IAC-C7A0F97A07072719DD68739E4F4D44D9,I_ac,fulfilled
standard_rsp,746,MNO-C,ORDER-F9D6A9F156C518EF9975FAE6,ACCOUNT-5b8bf774f2d46277d1604247,aura-smdpp.test,bc4d7f3df27de68b6a4fc1f553fc117eb6524cb91af9adfedea902f0ad96b064,download,1800717348,PROFILE-aaff09130c196c47fe89,bc4d7f3df27de68b6a4fc1f553fc117eb6524cb91af9adfedea902f0ad96b064,12207,MID-8559417D9B6BBD95012DA9DC60AD3F2D,matching_id,fulfilled
aura_rsp,746,MNO-C,ORDER-DEB69ED02E343AC7E2816F81,ACCOUNT-4c5747b02f878a52239654c3,aura-smdpp.test,bc4d7f3df27de68b6a4fc1f553fc117eb6524cb91af9adfedea902f0ad96b064,download,1800717348,PROFILE-aaff09130c196c47fe89,bc4d7f3df27de68b6a4fc1f553fc117eb6524cb91af9adfedea902f0ad96b064,12207,IAC-47C82984A880BF6407C6163C7DE36240,I_ac,fulfilled
standard_rsp,747,MNO-B,ORDER-F9AB1C4B775107EECF20E1CD,ACCOUNT-f225a3dcdc3c62226e477b42,aura-smdpp.test,2e238e012d7956f220ab457e060c14b9687f855571f37df614c58311f53890aa,download,1800197243,PROFILE-6d0bab0afdb4a8009619,2e238e012d7956f220ab457e060c14b9687f855571f37df614c58311f53890aa,12207,MID-605FB4ADC663C67017898FEA4B04BB40,matching_id,fulfilled
aura_rsp,747,MNO-B,ORDER-AEF52D4EE3EB5C76B971B492,ACCOUNT-908529849f32bb854fb05f65,aura-smdpp.test,2e238e012d7956f220ab457e060c14b9687f855571f37df614c58311f53890aa,download,1800197243,PROFILE-6d0bab0afdb4a8009619,2e238e012d7956f220ab457e060c14b9687f855571f37df614c58311f53890aa,12207,IAC-4C5873FA3D0261C569C1623D9D2CBB1B,I_ac,fulfilled
standard_rsp,748,MNO-C,ORDER-33F6C48DA22E89D8B6C14D43,ACCOUNT-d057ceccf1897729dbba52f1,aura-smdpp.test,a6e10f55da355caaf8285bb4a48e34cb2af84500dad975bf080e123c67be079b,download,1800431548,PROFILE-549825745431a3ee74dd,a6e10f55da355caaf8285bb4a48e34cb2af84500dad975bf080e123c67be079b,12207,MID-A230E86BEA9CBF2AA3604FEEE317AE15,matching_id,fulfilled
aura_rsp,748,MNO-C,ORDER-098718A93F317797424EC53E,ACCOUNT-4ab54bfe2e4a43bce83ca85c,aura-smdpp.test,a6e10f55da355caaf8285bb4a48e34cb2af84500dad975bf080e123c67be079b,download,1800431548,PROFILE-549825745431a3ee74dd,a6e10f55da355caaf8285bb4a48e34cb2af84500dad975bf080e123c67be079b,12207,IAC-7B5A00538D370A923F534BB1549E4969,I_ac,fulfilled
standard_rsp,749,MNO-D,ORDER-FD33B2E74E9809A4B60DDD71,ACCOUNT-e84e8e7eb92b5dacf2a26e92,aura-smdpp.test,383048cace75a081c2ca1ee1aec4d0e7e8f3ebc3ae1ab9edd77847863d6751b7,download,1800917437,PROFILE-44363f3104b447449368,383048cace75a081c2ca1ee1aec4d0e7e8f3ebc3ae1ab9edd77847863d6751b7,12207,MID-428EFEDFD0974A845ED1E96E4A3B9E51,matching_id,fulfilled
aura_rsp,749,MNO-D,ORDER-F60B704B1D09053E20A547FB,ACCOUNT-660197ea01eab3abde590ee0,aura-smdpp.test,383048cace75a081c2ca1ee1aec4d0e7e8f3ebc3ae1ab9edd77847863d6751b7,download,1800917437,PROFILE-44363f3104b447449368,383048cace75a081c2ca1ee1aec4d0e7e8f3ebc3ae1ab9edd77847863d6751b7,12207,IAC-36344B6828A99F5E3A41B7DC7CBB2E82,I_ac,fulfilled
standard_rsp,750,MNO-C,ORDER-AF6C99C9DB736DCA4FE852A8,ACCOUNT-e9313cda4737b72ee040bb84,aura-smdpp.test,bfc007649adb9ae8ed3c03832e81a39980063b4dec93fc349f8e2fe926278d38,download,1801127486,PROFILE-da0d19067f3f706550db,bfc007649adb9ae8ed3c03832e81a39980063b4dec93fc349f8e2fe926278d38,12207,MID-E33634DD4674FCB004F2BB7CDDA65EAA,matching_id,fulfilled
aura_rsp,750,MNO-C,ORDER-42D43FE69D3DFBC005D841F3,ACCOUNT-94905e4c09639ea18b6f78a4,aura-smdpp.test,bfc007649adb9ae8ed3c03832e81a39980063b4dec93fc349f8e2fe926278d38,download,1801127486,PROFILE-da0d19067f3f706550db,bfc007649adb9ae8ed3c03832e81a39980063b4dec93fc349f8e2fe926278d38,12207,IAC-AF3A2AC1E6D084A058A2B0D678C19A64,I_ac,fulfilled
standard_rsp,751,MNO-C,ORDER-C6EFB63EE631D3F1BB4B663D,ACCOUNT-6c0fd0f38aebb27da98ee1d9,aura-smdpp.test,32b859b92a983807a34c1d48e1dd35d7fad2047298aec3cccaea6c9fbc3967a4,download,1800354380,PROFILE-586c925305968a90275c,32b859b92a983807a34c1d48e1dd35d7fad2047298aec3cccaea6c9fbc3967a4,12207,MID-7F6ECEBCE5FBB401664F8EE19F73277B,matching_id,fulfilled
aura_rsp,751,MNO-C,ORDER-62197313D24D9C1544F595EA,ACCOUNT-01665ad47d75fe47d400ccef,aura-smdpp.test,32b859b92a983807a34c1d48e1dd35d7fad2047298aec3cccaea6c9fbc3967a4,download,1800354380,PROFILE-586c925305968a90275c,32b859b92a983807a34c1d48e1dd35d7fad2047298aec3cccaea6c9fbc3967a4,12207,IAC-5DB443BDAF7125100569F001B6F49743,I_ac,fulfilled
standard_rsp,752,MNO-C,ORDER-A52EA3CB4617DA378B9D252F,ACCOUNT-1cf27fdfa147f59d695d1b10,aura-smdpp.test,643f6fc47b24e08e7f4d24b77f232bf83c9413420e335105838332ecfe674964,download,1800248969,PROFILE-0163ae0ee82cab7b7cbf,643f6fc47b24e08e7f4d24b77f232bf83c9413420e335105838332ecfe674964,12207,MID-49AACB63310A15F3AC0CB48F4C93090D,matching_id,fulfilled
aura_rsp,752,MNO-C,ORDER-3DF3624A66EC778DBFE3186C,ACCOUNT-3b53942adbf5ba4910247905,aura-smdpp.test,643f6fc47b24e08e7f4d24b77f232bf83c9413420e335105838332ecfe674964,download,1800248969,PROFILE-0163ae0ee82cab7b7cbf,643f6fc47b24e08e7f4d24b77f232bf83c9413420e335105838332ecfe674964,12207,IAC-90343078EAD27D4ECEA54D03FE8DD295,I_ac,fulfilled
standard_rsp,753,MNO-B,ORDER-3073642E40B2A7ED5E0DAADD,ACCOUNT-dc9c45920e73d97174e074c6,aura-smdpp.test,561e39cf67c024fd864deb297a0ea8c7de11e25833b41a3f6a53ff0a6a9eba1e,download,1800465595,PROFILE-51f681aefda8c5710cd2,561e39cf67c024fd864deb297a0ea8c7de11e25833b41a3f6a53ff0a6a9eba1e,12207,MID-25054B9F309E0982C73CE89F717C7686,matching_id,fulfilled
aura_rsp,753,MNO-B,ORDER-FD65DA6095E032BE2CA9EA76,ACCOUNT-30122bd2fb08e6ccb3e1daa8,aura-smdpp.test,561e39cf67c024fd864deb297a0ea8c7de11e25833b41a3f6a53ff0a6a9eba1e,download,1800465595,PROFILE-51f681aefda8c5710cd2,561e39cf67c024fd864deb297a0ea8c7de11e25833b41a3f6a53ff0a6a9eba1e,12207,IAC-6F6C2FCF5ADCF8E08204B9DC63DDF444,I_ac,fulfilled
standard_rsp,754,MNO-B,ORDER-BDBBE10BCD6FC1A0F225B443,ACCOUNT-abd9e0cfa725dea30341f2f6,aura-smdpp.test,6383e1ac9c5aa628af99b2f900f84304c4157c25718626e66cc40202853bcd8c,download,1800733299,PROFILE-72981be44f627ee47498,6383e1ac9c5aa628af99b2f900f84304c4157c25718626e66cc40202853bcd8c,12207,MID-B1DA70C9128738525BF2FAB2AEB35087,matching_id,fulfilled
aura_rsp,754,MNO-B,ORDER-226F649A70F2BD165C0191C7,ACCOUNT-e29145c551b0e5975b9bbeca,aura-smdpp.test,6383e1ac9c5aa628af99b2f900f84304c4157c25718626e66cc40202853bcd8c,download,1800733299,PROFILE-72981be44f627ee47498,6383e1ac9c5aa628af99b2f900f84304c4157c25718626e66cc40202853bcd8c,12207,IAC-D17A595DFB74C4D696DD011C19666D08,I_ac,fulfilled
standard_rsp,755,MNO-B,ORDER-CD78F6B47E4AC510DDD3CFAC,ACCOUNT-b64736b688398a846fb39e6d,aura-smdpp.test,7ba67bb40be478dcd2afaf53061eba6992b800faf4313a102ffa780c2cdaa36a,download,1800063071,PROFILE-c1397cdf8f2cdddfd757,7ba67bb40be478dcd2afaf53061eba6992b800faf4313a102ffa780c2cdaa36a,12207,MID-C4FA27692477F9F75FF2725482EB7557,matching_id,fulfilled
aura_rsp,755,MNO-B,ORDER-ADCCE87B532B569E6B715FF8,ACCOUNT-ab8950e7dffd769c57b292a2,aura-smdpp.test,7ba67bb40be478dcd2afaf53061eba6992b800faf4313a102ffa780c2cdaa36a,download,1800063071,PROFILE-c1397cdf8f2cdddfd757,7ba67bb40be478dcd2afaf53061eba6992b800faf4313a102ffa780c2cdaa36a,12207,IAC-CB8AE2D30100052509B805F2BC64F4D5,I_ac,fulfilled
standard_rsp,756,MNO-A,ORDER-E3C94F618D6FA62C4E38E7A3,ACCOUNT-0dc651e72f434df41d8bf403,aura-smdpp.test,aea6addcae342bbbfca82ecfce4a35868a01d0aac45bd70694f49d8e3a720c21,download,1801763171,PROFILE-18a76565ad1485950aeb,aea6addcae342bbbfca82ecfce4a35868a01d0aac45bd70694f49d8e3a720c21,12207,MID-59438EC9C005B2780C556CCE77A7E21C,matching_id,fulfilled
aura_rsp,756,MNO-A,ORDER-81E72B6028BA2F4E7B28AF6F,ACCOUNT-cbe43928a7f064b3c2af52ac,aura-smdpp.test,aea6addcae342bbbfca82ecfce4a35868a01d0aac45bd70694f49d8e3a720c21,download,1801763171,PROFILE-18a76565ad1485950aeb,aea6addcae342bbbfca82ecfce4a35868a01d0aac45bd70694f49d8e3a720c21,12207,IAC-23DAA73E38C34DE42D6D919EC300EBF6,I_ac,fulfilled
standard_rsp,757,MNO-B,ORDER-A1BA3CC33D4A0769E7525013,ACCOUNT-52d5ab6f864231b3618d0324,aura-smdpp.test,a6588ced360477ee14c4301af1579a35ed5a18c861e34a0535721b632d6b6c85,download,1801219992,PROFILE-7f5ce54da08622a2ca49,a6588ced360477ee14c4301af1579a35ed5a18c861e34a0535721b632d6b6c85,12207,MID-B33472BF9C17852D6CA952710A381258,matching_id,fulfilled
aura_rsp,757,MNO-B,ORDER-9A64C896D13EF34D48986B6E,ACCOUNT-cfc6999a49d157dec7876c14,aura-smdpp.test,a6588ced360477ee14c4301af1579a35ed5a18c861e34a0535721b632d6b6c85,download,1801219992,PROFILE-7f5ce54da08622a2ca49,a6588ced360477ee14c4301af1579a35ed5a18c861e34a0535721b632d6b6c85,12207,IAC-441F5AEAE99FA6737B5DADB6A36EC1CB,I_ac,fulfilled
standard_rsp,758,MNO-B,ORDER-9226E453544CB43CAED11B17,ACCOUNT-127fd96fbf61eeb9a130f37a,aura-smdpp.test,b9a9c58be1d62cd330ff789486c8659cab45d32ce4f71677ffa90e207e4c73ca,download,1802207087,PROFILE-f4ce5a335afe86237ba9,b9a9c58be1d62cd330ff789486c8659cab45d32ce4f71677ffa90e207e4c73ca,12207,MID-C5DD25AFB87284F22FFD39006BE3B26C,matching_id,fulfilled
aura_rsp,758,MNO-B,ORDER-656578231CD96F59C93A7A2F,ACCOUNT-9785c97d14ff4fad592ce504,aura-smdpp.test,b9a9c58be1d62cd330ff789486c8659cab45d32ce4f71677ffa90e207e4c73ca,download,1802207087,PROFILE-f4ce5a335afe86237ba9,b9a9c58be1d62cd330ff789486c8659cab45d32ce4f71677ffa90e207e4c73ca,12207,IAC-D142E9E8C50B303AB47456963584C4F8,I_ac,fulfilled
standard_rsp,759,MNO-A,ORDER-5C054900BBAD0B1F13C69763,ACCOUNT-fd18b8b89d657c5b0ef0a1b6,aura-smdpp.test,4307a4daf14d801c3d658f17e08cac384d21271439ae0abc3160ebe90ba067bf,download,1800893128,PROFILE-8f85696975ea99ca469c,4307a4daf14d801c3d658f17e08cac384d21271439ae0abc3160ebe90ba067bf,12207,MID-EA42258B6B6007EC104182FB57EB0D55,matching_id,fulfilled
aura_rsp,759,MNO-A,ORDER-42E245C2266F38066A9E493B,ACCOUNT-31fa393e93c8560953da67d1,aura-smdpp.test,4307a4daf14d801c3d658f17e08cac384d21271439ae0abc3160ebe90ba067bf,download,1800893128,PROFILE-8f85696975ea99ca469c,4307a4daf14d801c3d658f17e08cac384d21271439ae0abc3160ebe90ba067bf,12207,IAC-D9413DF1BF1AA2FF2AD0AE3C8C4C852E,I_ac,fulfilled
standard_rsp,760,MNO-B,ORDER-BAF979B9C664AC271AAC3C40,ACCOUNT-f84c494f8f04a0feb329a103,aura-smdpp.test,f90460e6049339369212d81a1773427c26abcaa26bca38c3683888a1aaa8a1f2,download,1801856530,PROFILE-7785c83ff6d3e222a159,f90460e6049339369212d81a1773427c26abcaa26bca38c3683888a1aaa8a1f2,12207,MID-11A5DE270C6F3222FAC41D3106898BC2,matching_id,fulfilled
aura_rsp,760,MNO-B,ORDER-04ABD9C7BB5C32941460918B,ACCOUNT-cc283648630f2de4b59cb87f,aura-smdpp.test,f90460e6049339369212d81a1773427c26abcaa26bca38c3683888a1aaa8a1f2,download,1801856530,PROFILE-7785c83ff6d3e222a159,f90460e6049339369212d81a1773427c26abcaa26bca38c3683888a1aaa8a1f2,12207,IAC-37E31139BA0E4D619D9124567C1A421F,I_ac,fulfilled
standard_rsp,761,MNO-D,ORDER-CC2D909FC85ADA2EE527D60D,ACCOUNT-0e112c3cf502e44e9de9f30b,aura-smdpp.test,a3d6e86723bf37fdfac58abd3feac494a3ee7eceb4305f8171164bded4f4b6f2,download,1801141738,PROFILE-07d8139a4d3da7c9798c,a3d6e86723bf37fdfac58abd3feac494a3ee7eceb4305f8171164bded4f4b6f2,12207,MID-0CBF97ACC1D25F3DECDBEC7F9E62CF1B,matching_id,fulfilled
aura_rsp,761,MNO-D,ORDER-3EEE1AB9BEDAEBDEECA8F943,ACCOUNT-2a3fc460705a4b09d25abd2f,aura-smdpp.test,a3d6e86723bf37fdfac58abd3feac494a3ee7eceb4305f8171164bded4f4b6f2,download,1801141738,PROFILE-07d8139a4d3da7c9798c,a3d6e86723bf37fdfac58abd3feac494a3ee7eceb4305f8171164bded4f4b6f2,12207,IAC-C5761E2E001A78DCC5DD78C9ACBC7244,I_ac,fulfilled
standard_rsp,762,MNO-A,ORDER-A39EF1F6F1456FFBEAB429F3,ACCOUNT-35784036bede902393adfb27,aura-smdpp.test,fc2b29f55dcfdb8f22ea401adb8e57114f986919c837c8b790826e11084be59a,download,1800307194,PROFILE-d77c40765001f7ed2ebf,fc2b29f55dcfdb8f22ea401adb8e57114f986919c837c8b790826e11084be59a,12207,MID-90F0027B56A3F905C5F4B625433E8C08,matching_id,fulfilled
aura_rsp,762,MNO-A,ORDER-6D14FB47068EDE578BCEF57D,ACCOUNT-5935dc789a090b1356be0489,aura-smdpp.test,fc2b29f55dcfdb8f22ea401adb8e57114f986919c837c8b790826e11084be59a,download,1800307194,PROFILE-d77c40765001f7ed2ebf,fc2b29f55dcfdb8f22ea401adb8e57114f986919c837c8b790826e11084be59a,12207,IAC-BCB3C6733DBD1C1BF87E63C2212FF8BF,I_ac,fulfilled
standard_rsp,763,MNO-B,ORDER-C4031F26A93E2B15E5167350,ACCOUNT-570ec2fea5beddd79912dd48,aura-smdpp.test,b797c209f3fc77dc0fab521e36d8af7e99f23ae7ea04b5e09c583f2e34b9d102,download,1801569912,PROFILE-050eb15a48701467da53,b797c209f3fc77dc0fab521e36d8af7e99f23ae7ea04b5e09c583f2e34b9d102,12207,MID-A8F576C55F881E3A2FB46AB9617B15FF,matching_id,fulfilled
aura_rsp,763,MNO-B,ORDER-E5FAC1584B306D6543D53B9C,ACCOUNT-8084a6e5dc07b8291136cba2,aura-smdpp.test,b797c209f3fc77dc0fab521e36d8af7e99f23ae7ea04b5e09c583f2e34b9d102,download,1801569912,PROFILE-050eb15a48701467da53,b797c209f3fc77dc0fab521e36d8af7e99f23ae7ea04b5e09c583f2e34b9d102,12207,IAC-74BD673F95221EEC0D8B11ADCEBAB08D,I_ac,fulfilled
standard_rsp,764,MNO-B,ORDER-ED1150A547978104DEC543BA,ACCOUNT-53868b7917c50098ed7c92e6,aura-smdpp.test,f3636b41354c8b86107ffdbbafcfc4aedbdd482ae6359ea2e3bba1df04d3d7ce,download,1800278397,PROFILE-b5db7297363f6f556811,f3636b41354c8b86107ffdbbafcfc4aedbdd482ae6359ea2e3bba1df04d3d7ce,12207,MID-61A3DF97F81716E2C43909F88CE42C31,matching_id,fulfilled
aura_rsp,764,MNO-B,ORDER-5F2CF165610B7763CE4055FC,ACCOUNT-d1d31ef756ccd6368206651b,aura-smdpp.test,f3636b41354c8b86107ffdbbafcfc4aedbdd482ae6359ea2e3bba1df04d3d7ce,download,1800278397,PROFILE-b5db7297363f6f556811,f3636b41354c8b86107ffdbbafcfc4aedbdd482ae6359ea2e3bba1df04d3d7ce,12207,IAC-B2A4E706AB5B11E41C3E86970BDA3316,I_ac,fulfilled
standard_rsp,765,MNO-C,ORDER-F12388C52A0B1FC7AC4086D6,ACCOUNT-ff13fc93f33c21cc2af7dca6,aura-smdpp.test,a0f8a8fdb7878f5a9e87be8d831f18069b645b8b4120883bd9c2a83cab4fe5f0,download,1801734706,PROFILE-ea1b09e71006ccb8510a,a0f8a8fdb7878f5a9e87be8d831f18069b645b8b4120883bd9c2a83cab4fe5f0,12207,MID-ADEDC13AE7350F9D23D9D98B8652595B,matching_id,fulfilled
aura_rsp,765,MNO-C,ORDER-CA3EF072B01025AD92245799,ACCOUNT-a20fd818c76dde3f1cc7dece,aura-smdpp.test,a0f8a8fdb7878f5a9e87be8d831f18069b645b8b4120883bd9c2a83cab4fe5f0,download,1801734706,PROFILE-ea1b09e71006ccb8510a,a0f8a8fdb7878f5a9e87be8d831f18069b645b8b4120883bd9c2a83cab4fe5f0,12207,IAC-A411E2F0A5C4EF11CF652ACDFCF45FE5,I_ac,fulfilled
standard_rsp,766,MNO-D,ORDER-16C6448FDB52D67A03E645DE,ACCOUNT-b0b52c138b6dbbd851dea388,aura-smdpp.test,d2d99dd7dac8a530f26af7ee299d489c140110a197fdfa5de00e8d1b6e596305,download,1802280477,PROFILE-b5108104414d3a794648,d2d99dd7dac8a530f26af7ee299d489c140110a197fdfa5de00e8d1b6e596305,12207,MID-265FC10EF6193B936F5A04B4CF504E86,matching_id,fulfilled
aura_rsp,766,MNO-D,ORDER-FBD1680EBA861DC8C4F1370B,ACCOUNT-7b9c84dea9bf84617265948c,aura-smdpp.test,d2d99dd7dac8a530f26af7ee299d489c140110a197fdfa5de00e8d1b6e596305,download,1802280477,PROFILE-b5108104414d3a794648,d2d99dd7dac8a530f26af7ee299d489c140110a197fdfa5de00e8d1b6e596305,12207,IAC-1569D9759F6482818120E208C666B0D2,I_ac,fulfilled
standard_rsp,767,MNO-C,ORDER-22FB41B81D108F7A7541F80F,ACCOUNT-3f7da8f3ff4cb90a9084d4b9,aura-smdpp.test,e82c7c57ca083fc2e3ebf2357b12389bb6512a1bc02852b4c8b278c999e4e532,download,1801914446,PROFILE-3651518a50776aef0696,e82c7c57ca083fc2e3ebf2357b12389bb6512a1bc02852b4c8b278c999e4e532,12207,MID-8F1FDE9542F945972EA28E020EFF55C1,matching_id,fulfilled
aura_rsp,767,MNO-C,ORDER-4728B2D3552C36AF1B927AE3,ACCOUNT-eaefd28d1e7a31ac680ff340,aura-smdpp.test,e82c7c57ca083fc2e3ebf2357b12389bb6512a1bc02852b4c8b278c999e4e532,download,1801914446,PROFILE-3651518a50776aef0696,e82c7c57ca083fc2e3ebf2357b12389bb6512a1bc02852b4c8b278c999e4e532,12207,IAC-3484F294316ECFC9A7EE54BB33DE0143,I_ac,fulfilled
standard_rsp,768,MNO-D,ORDER-9AE9869286612494D4EC97CA,ACCOUNT-97a29fbbcdcd1b9ad1f23645,aura-smdpp.test,7f2bc5cb5dc26f0a9cba50cebe024b3ee5bbc8379ed8fa37306d0739ce6f1d9e,download,1802167468,PROFILE-9b3107ec40f1bfd51d91,7f2bc5cb5dc26f0a9cba50cebe024b3ee5bbc8379ed8fa37306d0739ce6f1d9e,12207,MID-0B1BE34F6EA5A57D8C0878DE607A01D4,matching_id,fulfilled
aura_rsp,768,MNO-D,ORDER-8F600AF77182760F875FCA22,ACCOUNT-d3e3ca3ea08677cb5b4e7ffb,aura-smdpp.test,7f2bc5cb5dc26f0a9cba50cebe024b3ee5bbc8379ed8fa37306d0739ce6f1d9e,download,1802167468,PROFILE-9b3107ec40f1bfd51d91,7f2bc5cb5dc26f0a9cba50cebe024b3ee5bbc8379ed8fa37306d0739ce6f1d9e,12207,IAC-724D042BB2603148D1D9AE8971B8FD13,I_ac,fulfilled
standard_rsp,769,MNO-A,ORDER-E2863A86390239455D4580F0,ACCOUNT-76bec82d938dabbab8aefe10,aura-smdpp.test,c492d7de0d86abdb3f215557fdebd7241e8e5e89798d3e00b39acc32165f3d4c,download,1802242223,PROFILE-5726aa878dd331596585,c492d7de0d86abdb3f215557fdebd7241e8e5e89798d3e00b39acc32165f3d4c,12207,MID-A3068C85CFBFB79B070E3192A5207BE6,matching_id,fulfilled
aura_rsp,769,MNO-A,ORDER-5D2FFD78444207AF6BD8EB7D,ACCOUNT-00e8eccb00d3424543ab9310,aura-smdpp.test,c492d7de0d86abdb3f215557fdebd7241e8e5e89798d3e00b39acc32165f3d4c,download,1802242223,PROFILE-5726aa878dd331596585,c492d7de0d86abdb3f215557fdebd7241e8e5e89798d3e00b39acc32165f3d4c,12207,IAC-40E955AA6106B670029ECC53B72CA3BC,I_ac,fulfilled
standard_rsp,770,MNO-A,ORDER-68F3F2EF41EB92B970591EA3,ACCOUNT-c7ea8dc3c6c8a3efecc5abfd,aura-smdpp.test,5e09c5e54b30d5dc21a7bfe185e92522e5b70111a923e0b84c13f52732d41203,download,1802445799,PROFILE-a7960cf77990d75e7c9a,5e09c5e54b30d5dc21a7bfe185e92522e5b70111a923e0b84c13f52732d41203,12207,MID-0171F57D3F377D594A9ECB6695F9B81A,matching_id,fulfilled
aura_rsp,770,MNO-A,ORDER-C094270E2992B5AD745FC786,ACCOUNT-99f7cb2789842e0ad44b7735,aura-smdpp.test,5e09c5e54b30d5dc21a7bfe185e92522e5b70111a923e0b84c13f52732d41203,download,1802445799,PROFILE-a7960cf77990d75e7c9a,5e09c5e54b30d5dc21a7bfe185e92522e5b70111a923e0b84c13f52732d41203,12207,IAC-B00BB0F17E3F650FE446ABAA785BF03D,I_ac,fulfilled
standard_rsp,771,MNO-A,ORDER-7E0FB819629A64D0B0A99300,ACCOUNT-3b2986a6dcecad7901708ac6,aura-smdpp.test,3e8bce3ce4f6bf4004c182436dd6a57daba31d067d9ee041f8b47465112021a5,download,1801507762,PROFILE-d231f5620b7421c7d0c8,3e8bce3ce4f6bf4004c182436dd6a57daba31d067d9ee041f8b47465112021a5,12207,MID-9C0151739E4A48F8C3EE7A364DD07C98,matching_id,fulfilled
aura_rsp,771,MNO-A,ORDER-3BB18C873696A4B6B375E8C0,ACCOUNT-0c25cdeb4e8347be0b1a7c81,aura-smdpp.test,3e8bce3ce4f6bf4004c182436dd6a57daba31d067d9ee041f8b47465112021a5,download,1801507762,PROFILE-d231f5620b7421c7d0c8,3e8bce3ce4f6bf4004c182436dd6a57daba31d067d9ee041f8b47465112021a5,12207,IAC-483B195B958CF2718E3F576310DCB810,I_ac,fulfilled
standard_rsp,772,MNO-C,ORDER-520E73541AF15D1986B5059C,ACCOUNT-6c089d407f4f4ac829982be7,aura-smdpp.test,51ab152784f77e787fe891d9fe518c9f47e992b07c3403a27530f264fe2bee57,download,1801119195,PROFILE-9448641f115be8a39653,51ab152784f77e787fe891d9fe518c9f47e992b07c3403a27530f264fe2bee57,12207,MID-157277BDE665A1D61A5EAD22E11A843F,matching_id,fulfilled
aura_rsp,772,MNO-C,ORDER-5F46F7C4B0532402395FD5EC,ACCOUNT-75bf77c57a0c016f88e9f458,aura-smdpp.test,51ab152784f77e787fe891d9fe518c9f47e992b07c3403a27530f264fe2bee57,download,1801119195,PROFILE-9448641f115be8a39653,51ab152784f77e787fe891d9fe518c9f47e992b07c3403a27530f264fe2bee57,12207,IAC-428238B300D2EB641B72DE54C6E1A314,I_ac,fulfilled
standard_rsp,773,MNO-B,ORDER-CA6E4A7E5CF32343D15601F6,ACCOUNT-b548eec266dfb7e179e269e7,aura-smdpp.test,e6d1c6917d15db68fe30268511e28429d41af7ca2c185d8c9ab11ffd12e4024a,download,1801005265,PROFILE-103228eddf81a77568a9,e6d1c6917d15db68fe30268511e28429d41af7ca2c185d8c9ab11ffd12e4024a,12207,MID-FEBD1854B57AD6CAD5FF97C0A8328CB7,matching_id,fulfilled
aura_rsp,773,MNO-B,ORDER-33EF2C47F6D541354A2DDF46,ACCOUNT-bc6584eeaa878e803806e55f,aura-smdpp.test,e6d1c6917d15db68fe30268511e28429d41af7ca2c185d8c9ab11ffd12e4024a,download,1801005265,PROFILE-103228eddf81a77568a9,e6d1c6917d15db68fe30268511e28429d41af7ca2c185d8c9ab11ffd12e4024a,12207,IAC-E4F04674C3750AA92DD8C4D7C1B7A41E,I_ac,fulfilled
standard_rsp,774,MNO-D,ORDER-BB4A6D7D40C0825AC87340C4,ACCOUNT-47ca467189610ffa4f43a4c6,aura-smdpp.test,ca141cc0cc4d490e6065948e6b7f7a4c445bc82c37b05f91a2ad4d591b0acbde,download,1800663567,PROFILE-4b1c58b437570df6192f,ca141cc0cc4d490e6065948e6b7f7a4c445bc82c37b05f91a2ad4d591b0acbde,12207,MID-3542B1B4B1E3AA64B8245E2CECF35642,matching_id,fulfilled
aura_rsp,774,MNO-D,ORDER-D5A6DF9CF0AB87013B5BC406,ACCOUNT-4b2a69a228aaa6b6704f8a4c,aura-smdpp.test,ca141cc0cc4d490e6065948e6b7f7a4c445bc82c37b05f91a2ad4d591b0acbde,download,1800663567,PROFILE-4b1c58b437570df6192f,ca141cc0cc4d490e6065948e6b7f7a4c445bc82c37b05f91a2ad4d591b0acbde,12207,IAC-FA8DD80219DF8708423048EE60EDECBA,I_ac,fulfilled
standard_rsp,775,MNO-D,ORDER-56DC8F554AB4D220B13425BE,ACCOUNT-95e00934514685bf8e499b0e,aura-smdpp.test,7fb981a0a1a5150412b6e5f8ba4349891433c7695d0673175095a619bdf861b3,download,1800459017,PROFILE-c0e6cae651cbe5d0400d,7fb981a0a1a5150412b6e5f8ba4349891433c7695d0673175095a619bdf861b3,12207,MID-76650F447ABA1164CE37D7546EF1B48C,matching_id,fulfilled
aura_rsp,775,MNO-D,ORDER-9D7FCAE9810E915CB7804A64,ACCOUNT-0634bcd274c52f8b7d057f01,aura-smdpp.test,7fb981a0a1a5150412b6e5f8ba4349891433c7695d0673175095a619bdf861b3,download,1800459017,PROFILE-c0e6cae651cbe5d0400d,7fb981a0a1a5150412b6e5f8ba4349891433c7695d0673175095a619bdf861b3,12207,IAC-1F9FC7DFE5E3E6211D9418D22AD74EFD,I_ac,fulfilled
standard_rsp,776,MNO-C,ORDER-AF5DAC7A1837FD55B4AB897A,ACCOUNT-c5af47b12d90363459099b9b,aura-smdpp.test,0cdda4639e178de6ed4e96cb2b977d899dc05b78ad9e19bc234d93aaffb06d93,download,1800040868,PROFILE-f7fc5701db8ec0906141,0cdda4639e178de6ed4e96cb2b977d899dc05b78ad9e19bc234d93aaffb06d93,12207,MID-8C2688A712B9F8185421361600F53356,matching_id,fulfilled
aura_rsp,776,MNO-C,ORDER-CBD5F41A776010DA8C78827C,ACCOUNT-25aefec7d5ffea89495b6d1e,aura-smdpp.test,0cdda4639e178de6ed4e96cb2b977d899dc05b78ad9e19bc234d93aaffb06d93,download,1800040868,PROFILE-f7fc5701db8ec0906141,0cdda4639e178de6ed4e96cb2b977d899dc05b78ad9e19bc234d93aaffb06d93,12207,IAC-0AD82DEE92F4E7B19D3682305873BCB8,I_ac,fulfilled
standard_rsp,777,MNO-D,ORDER-D1AB12208890807C94492AEB,ACCOUNT-634b13fd14d32a5b8b4820e8,aura-smdpp.test,2016035527c9d0f13db4bb20199d6ee44554954281b7387630d3d39835f57d48,download,1801234723,PROFILE-343b172efb36640004bf,2016035527c9d0f13db4bb20199d6ee44554954281b7387630d3d39835f57d48,12207,MID-EF65282F35BB2F21C96FCE3238ADFE6F,matching_id,fulfilled
aura_rsp,777,MNO-D,ORDER-AE1BB762B27A4B4643DA98FD,ACCOUNT-00a255c2bf021db94eaea30c,aura-smdpp.test,2016035527c9d0f13db4bb20199d6ee44554954281b7387630d3d39835f57d48,download,1801234723,PROFILE-343b172efb36640004bf,2016035527c9d0f13db4bb20199d6ee44554954281b7387630d3d39835f57d48,12207,IAC-D0F213F2C27CB8C2D7D50992E451BEC8,I_ac,fulfilled
standard_rsp,778,MNO-B,ORDER-077DB758E96A347FA9535F00,ACCOUNT-4443b61d4451360a8d4181c3,aura-smdpp.test,76cbfc8944d84aee98f35b3e393afb9982f7c78c1d0ac9138d2ed131d1259212,download,1801372289,PROFILE-c26dea5f1f9987608b4f,76cbfc8944d84aee98f35b3e393afb9982f7c78c1d0ac9138d2ed131d1259212,12207,MID-95D38918268DE79C4A77178E5051671E,matching_id,fulfilled
aura_rsp,778,MNO-B,ORDER-70AB9536F613AFE60DDDBE22,ACCOUNT-6f2bb95ef7380708bcaaea6b,aura-smdpp.test,76cbfc8944d84aee98f35b3e393afb9982f7c78c1d0ac9138d2ed131d1259212,download,1801372289,PROFILE-c26dea5f1f9987608b4f,76cbfc8944d84aee98f35b3e393afb9982f7c78c1d0ac9138d2ed131d1259212,12207,IAC-E77FE1035CBD15CFA39F7DD2E020A4B3,I_ac,fulfilled
standard_rsp,779,MNO-C,ORDER-D1AE2718DE397F82FFA5CB18,ACCOUNT-3ca792846701b89163ef0c8b,aura-smdpp.test,b52ccb9e44b9d2815d0bc5107e5a2174f2d0b705fc97e4b4e0caa58daf7fa901,download,1801963602,PROFILE-3fdeb4448e58335871c3,b52ccb9e44b9d2815d0bc5107e5a2174f2d0b705fc97e4b4e0caa58daf7fa901,12207,MID-1E92D8FFFB461B3505AF49A55B69AB4B,matching_id,fulfilled
aura_rsp,779,MNO-C,ORDER-87650715687764AFF07E678F,ACCOUNT-76d3f751f3c02e339e2c03c3,aura-smdpp.test,b52ccb9e44b9d2815d0bc5107e5a2174f2d0b705fc97e4b4e0caa58daf7fa901,download,1801963602,PROFILE-3fdeb4448e58335871c3,b52ccb9e44b9d2815d0bc5107e5a2174f2d0b705fc97e4b4e0caa58daf7fa901,12207,IAC-94A40006886D2916B4BD006C3C391016,I_ac,fulfilled
standard_rsp,780,MNO-B,ORDER-03864E9DD239926093709EA0,ACCOUNT-16e0b4f9fd925d22197fb872,aura-smdpp.test,42496e27d6659c99178e1b44787e6247d2913350e0c9acbe05f6557ffe6f7dfb,download,1801335555,PROFILE-2c38c34fb8b1e06ad08d,42496e27d6659c99178e1b44787e6247d2913350e0c9acbe05f6557ffe6f7dfb,12207,MID-A1C029308FA0117F3325B5E0A8ED0097,matching_id,fulfilled
aura_rsp,780,MNO-B,ORDER-191B1FA2731F1E0376170AF1,ACCOUNT-97686f43b23c1099d688c447,aura-smdpp.test,42496e27d6659c99178e1b44787e6247d2913350e0c9acbe05f6557ffe6f7dfb,download,1801335555,PROFILE-2c38c34fb8b1e06ad08d,42496e27d6659c99178e1b44787e6247d2913350e0c9acbe05f6557ffe6f7dfb,12207,IAC-20DFF5C6E7BD06D4F2BFB5798B48CE08,I_ac,fulfilled
standard_rsp,781,MNO-D,ORDER-B13984455CE0074866F565A0,ACCOUNT-a721a246178d6fab3e20c150,aura-smdpp.test,83f304130754244fcb121d09e88d1c881eb9fab43b10a1f9aafaa652bfdb1bf4,download,1800718163,PROFILE-5e288c48c35db3e13d9b,83f304130754244fcb121d09e88d1c881eb9fab43b10a1f9aafaa652bfdb1bf4,12207,MID-7FD0503BF7E5A7D9D7CE5A933938EB00,matching_id,fulfilled
aura_rsp,781,MNO-D,ORDER-40F069A0DC68EB076F66DDEE,ACCOUNT-4080177c7c8bd029addd69b5,aura-smdpp.test,83f304130754244fcb121d09e88d1c881eb9fab43b10a1f9aafaa652bfdb1bf4,download,1800718163,PROFILE-5e288c48c35db3e13d9b,83f304130754244fcb121d09e88d1c881eb9fab43b10a1f9aafaa652bfdb1bf4,12207,IAC-3E7F18E104D94047C902F17A7D911A7B,I_ac,fulfilled
standard_rsp,782,MNO-B,ORDER-AF87E608E7DAEEF8E753A883,ACCOUNT-ae7df8d3c4d2b7f42eb16f2c,aura-smdpp.test,f9fc8744d404f6eb4dbd9e581910ff540a8f7111ae27cb1166ce979dbb0a8027,download,1800315897,PROFILE-ff60e7ec3e90dec066e3,f9fc8744d404f6eb4dbd9e581910ff540a8f7111ae27cb1166ce979dbb0a8027,12207,MID-FF4CF6B6621965DB1EAB3B7962EBD56C,matching_id,fulfilled
aura_rsp,782,MNO-B,ORDER-78B49290E26B8E2A73BD692A,ACCOUNT-66faca831fb90dc2fca77141,aura-smdpp.test,f9fc8744d404f6eb4dbd9e581910ff540a8f7111ae27cb1166ce979dbb0a8027,download,1800315897,PROFILE-ff60e7ec3e90dec066e3,f9fc8744d404f6eb4dbd9e581910ff540a8f7111ae27cb1166ce979dbb0a8027,12207,IAC-104272CD7A61199B0B58FABFEE770ED4,I_ac,fulfilled
standard_rsp,783,MNO-B,ORDER-CCF5379500DC4D3E6EB9AC66,ACCOUNT-e466607702cab9fd10ff0540,aura-smdpp.test,3e36ea49e65e24559982131f7c9841685b4305ec784c1bf9dde78f93c5ee6797,download,1801148748,PROFILE-c2a1ec251d19e1fae4f6,3e36ea49e65e24559982131f7c9841685b4305ec784c1bf9dde78f93c5ee6797,12207,MID-F86610D26E08FF1315E42345EC710639,matching_id,fulfilled
aura_rsp,783,MNO-B,ORDER-8EBE9540ACEE278D8D623260,ACCOUNT-db6b3867fed42c2e3727f697,aura-smdpp.test,3e36ea49e65e24559982131f7c9841685b4305ec784c1bf9dde78f93c5ee6797,download,1801148748,PROFILE-c2a1ec251d19e1fae4f6,3e36ea49e65e24559982131f7c9841685b4305ec784c1bf9dde78f93c5ee6797,12207,IAC-AACE42E80739B6AB6A05647A2A445AF1,I_ac,fulfilled
standard_rsp,784,MNO-C,ORDER-247D509C9021BBB4E5ABCA61,ACCOUNT-a748b702e658b11d66213149,aura-smdpp.test,9b37d83fa6a84f1554de8ba06c283e7e136986ef30acdc5f57a619c8ca1a91c9,download,1801237232,PROFILE-5b67c5f1f5c27c0e6233,9b37d83fa6a84f1554de8ba06c283e7e136986ef30acdc5f57a619c8ca1a91c9,12207,MID-89BCBF989E8407A35C564FFBACFD4293,matching_id,fulfilled
aura_rsp,784,MNO-C,ORDER-C3BC6D78D59DB4D03BE0012A,ACCOUNT-680b341b754c04da032067b9,aura-smdpp.test,9b37d83fa6a84f1554de8ba06c283e7e136986ef30acdc5f57a619c8ca1a91c9,download,1801237232,PROFILE-5b67c5f1f5c27c0e6233,9b37d83fa6a84f1554de8ba06c283e7e136986ef30acdc5f57a619c8ca1a91c9,12207,IAC-B74BD6F2F3046C943C8C8854DE1428B1,I_ac,fulfilled
standard_rsp,785,MNO-C,ORDER-18C2980DB4B3ECA22B4B1E8A,ACCOUNT-d43ffad5d588c4a9ac739f2f,aura-smdpp.test,70c2e6bafb43fbc34ddf0ba4be7c39dad7b37b4ec8522c474200f7660fcca84d,download,1802255977,PROFILE-9a723e542a37d158a9e4,70c2e6bafb43fbc34ddf0ba4be7c39dad7b37b4ec8522c474200f7660fcca84d,12207,MID-D110D405BE21CBC716A5FDF4A429A0D8,matching_id,fulfilled
aura_rsp,785,MNO-C,ORDER-B3379194698ACC1766A24A39,ACCOUNT-81bb6836adc4d59f7142fd6f,aura-smdpp.test,70c2e6bafb43fbc34ddf0ba4be7c39dad7b37b4ec8522c474200f7660fcca84d,download,1802255977,PROFILE-9a723e542a37d158a9e4,70c2e6bafb43fbc34ddf0ba4be7c39dad7b37b4ec8522c474200f7660fcca84d,12207,IAC-B0CC4D31874BD393A3E72B74BFEA3EA5,I_ac,fulfilled
standard_rsp,786,MNO-D,ORDER-E4E6E24A955BFC23495CF64A,ACCOUNT-6e00ed441ada9065200dae94,aura-smdpp.test,fb85d177cb82c786b4dcac1c359bb302fe0c870069ba0223790c17d766e4947f,download,1802420690,PROFILE-bad12efcb0308391cfe7,fb85d177cb82c786b4dcac1c359bb302fe0c870069ba0223790c17d766e4947f,12207,MID-F05EB713215B66002D191BE0E8CEEF74,matching_id,fulfilled
aura_rsp,786,MNO-D,ORDER-5397AAD82AB696DEAF3974E4,ACCOUNT-16dd11ba8542eeeb38ee9081,aura-smdpp.test,fb85d177cb82c786b4dcac1c359bb302fe0c870069ba0223790c17d766e4947f,download,1802420690,PROFILE-bad12efcb0308391cfe7,fb85d177cb82c786b4dcac1c359bb302fe0c870069ba0223790c17d766e4947f,12207,IAC-FD6F6F7B1B6844339D9C2759E645A8E5,I_ac,fulfilled
standard_rsp,787,MNO-C,ORDER-4D647E0B00AEE18A86099FE9,ACCOUNT-dc88abcd9ca8e2046f5ab838,aura-smdpp.test,dcc14393ddb56752fe64c5482e95a6a3225aace753aa4832895cf39c35ffb7a4,download,1801900909,PROFILE-36ad64ec6e4cd60373fb,dcc14393ddb56752fe64c5482e95a6a3225aace753aa4832895cf39c35ffb7a4,12207,MID-12051F4CF7C2AE3D8460036ECE286BAB,matching_id,fulfilled
aura_rsp,787,MNO-C,ORDER-9A0941BA831366F6E88541C8,ACCOUNT-019daa04868f5a6d98079c65,aura-smdpp.test,dcc14393ddb56752fe64c5482e95a6a3225aace753aa4832895cf39c35ffb7a4,download,1801900909,PROFILE-36ad64ec6e4cd60373fb,dcc14393ddb56752fe64c5482e95a6a3225aace753aa4832895cf39c35ffb7a4,12207,IAC-42B2D6DFC8CD967407A749B057784788,I_ac,fulfilled
standard_rsp,788,MNO-D,ORDER-E64057DC91124E66D54881CF,ACCOUNT-e187cc1834c9d008fff49b91,aura-smdpp.test,c39ad4e7438f2a4be875b2cfc5d0bb5664d3acaec885d215a493e49132cc10ab,download,1801467473,PROFILE-da80791f42975aeecd5c,c39ad4e7438f2a4be875b2cfc5d0bb5664d3acaec885d215a493e49132cc10ab,12207,MID-CE665F9693BC068C3A64E77BDCC058F6,matching_id,fulfilled
aura_rsp,788,MNO-D,ORDER-15DDD6948C8A2AC38FF7BD37,ACCOUNT-98a4deeab31d37e28c89c422,aura-smdpp.test,c39ad4e7438f2a4be875b2cfc5d0bb5664d3acaec885d215a493e49132cc10ab,download,1801467473,PROFILE-da80791f42975aeecd5c,c39ad4e7438f2a4be875b2cfc5d0bb5664d3acaec885d215a493e49132cc10ab,12207,IAC-8CDDDF8BC61465B5ED2724515637B83D,I_ac,fulfilled
standard_rsp,789,MNO-C,ORDER-696753F874D438B476ED4662,ACCOUNT-0510b07954c1e034632a0306,aura-smdpp.test,cc33a0d00800237baf0f024475608d4064a94861e40ec216a39a2cf197422f1b,download,1801851433,PROFILE-b39b4ca75dfd71079484,cc33a0d00800237baf0f024475608d4064a94861e40ec216a39a2cf197422f1b,12207,MID-01233FE51A59B52A8E111F9355B097CC,matching_id,fulfilled
aura_rsp,789,MNO-C,ORDER-F018870C45DE605574C1D132,ACCOUNT-29b2a5f1f126d1fcd46b219c,aura-smdpp.test,cc33a0d00800237baf0f024475608d4064a94861e40ec216a39a2cf197422f1b,download,1801851433,PROFILE-b39b4ca75dfd71079484,cc33a0d00800237baf0f024475608d4064a94861e40ec216a39a2cf197422f1b,12207,IAC-4C81D95049CD2CAFF88706595C7629D0,I_ac,fulfilled
standard_rsp,790,MNO-C,ORDER-E52AB5F5FA184FBB8A7ED432,ACCOUNT-21ae2adbd94c4536c1084ae5,aura-smdpp.test,770dfb24a30d57ecec6bbc18e81f420b8283d1514585fc759ca79375176b632e,download,1801464043,PROFILE-e405f2c50ded6afab5d8,770dfb24a30d57ecec6bbc18e81f420b8283d1514585fc759ca79375176b632e,12207,MID-121AFEDDD5D2243B68374F412BE9A97A,matching_id,fulfilled
aura_rsp,790,MNO-C,ORDER-4764A58C461B5680A3850A08,ACCOUNT-8d9463d482012ec6e5657df3,aura-smdpp.test,770dfb24a30d57ecec6bbc18e81f420b8283d1514585fc759ca79375176b632e,download,1801464043,PROFILE-e405f2c50ded6afab5d8,770dfb24a30d57ecec6bbc18e81f420b8283d1514585fc759ca79375176b632e,12207,IAC-BE4BB3A8D9689D513E40C3F6A492801C,I_ac,fulfilled
standard_rsp,791,MNO-B,ORDER-B2793623B05963AF0E5E60DB,ACCOUNT-48dfd0db2e27f8416362946c,aura-smdpp.test,56fe3fdad107a010a6449f38e0e126e955b3220ba8fa0fb36539b18080918345,download,1801648463,PROFILE-fa860c86f42d67a6314b,56fe3fdad107a010a6449f38e0e126e955b3220ba8fa0fb36539b18080918345,12207,MID-485B97B9DEC5DB8A918C5830CE6E7724,matching_id,fulfilled
aura_rsp,791,MNO-B,ORDER-1BDE4DC741A309FF839B50E6,ACCOUNT-2ea778a432a8a108894c6aa9,aura-smdpp.test,56fe3fdad107a010a6449f38e0e126e955b3220ba8fa0fb36539b18080918345,download,1801648463,PROFILE-fa860c86f42d67a6314b,56fe3fdad107a010a6449f38e0e126e955b3220ba8fa0fb36539b18080918345,12207,IAC-F9CFF5D9C69E6D6958ED82058678A71A,I_ac,fulfilled
standard_rsp,792,MNO-D,ORDER-0EC35316D39E3E4C53D6F7A4,ACCOUNT-dc8cc00ed04e6f5ce060d31b,aura-smdpp.test,23e4ef33426f3a4baac49273fb1077e8453062ed32517be37623365fac6c15e5,download,1800849789,PROFILE-935bbb7aacb69b7c368a,23e4ef33426f3a4baac49273fb1077e8453062ed32517be37623365fac6c15e5,12207,MID-59C0B7D0C8544662601E629E1FE8DC0B,matching_id,fulfilled
aura_rsp,792,MNO-D,ORDER-6FF9D6C52C5E3ACAC2262E45,ACCOUNT-bc74b39b5659e450054fa74d,aura-smdpp.test,23e4ef33426f3a4baac49273fb1077e8453062ed32517be37623365fac6c15e5,download,1800849789,PROFILE-935bbb7aacb69b7c368a,23e4ef33426f3a4baac49273fb1077e8453062ed32517be37623365fac6c15e5,12207,IAC-2ECF2FBE51EA4AC93AD5C5EBE4BDCF3A,I_ac,fulfilled
standard_rsp,793,MNO-C,ORDER-BFFB6EA403047B76B3C458E2,ACCOUNT-fc1da5f705d0c4e81f7f07ed,aura-smdpp.test,1531657b53d4b7305ebbdaf5898ce574cd39c77110db299e4c71a9589eb5a90e,download,1801486241,PROFILE-971fbea759daea9159c0,1531657b53d4b7305ebbdaf5898ce574cd39c77110db299e4c71a9589eb5a90e,12207,MID-E972033D01805A18B68B1188DB6D5954,matching_id,fulfilled
aura_rsp,793,MNO-C,ORDER-9214A0693E184CE34555279D,ACCOUNT-8a99f1e55a3950424f10e179,aura-smdpp.test,1531657b53d4b7305ebbdaf5898ce574cd39c77110db299e4c71a9589eb5a90e,download,1801486241,PROFILE-971fbea759daea9159c0,1531657b53d4b7305ebbdaf5898ce574cd39c77110db299e4c71a9589eb5a90e,12207,IAC-4FC6B9CA84095CC6D234FEA18B3EDE86,I_ac,fulfilled
standard_rsp,794,MNO-B,ORDER-7CEAF156962C96CB464544B3,ACCOUNT-fe4058aefd6aab176618d3e7,aura-smdpp.test,56bd6b400ac2d169765a2baff65f86cde9a13a5f1b7cdcae9c41c99293c625f8,download,1801973335,PROFILE-9dad4667528fdd7c6b81,56bd6b400ac2d169765a2baff65f86cde9a13a5f1b7cdcae9c41c99293c625f8,12207,MID-11E29EA5771E155992E98E6DC5FF6649,matching_id,fulfilled
aura_rsp,794,MNO-B,ORDER-AF7C6470279F076F6A1DE3A3,ACCOUNT-12f46eee14e676cfbde4238f,aura-smdpp.test,56bd6b400ac2d169765a2baff65f86cde9a13a5f1b7cdcae9c41c99293c625f8,download,1801973335,PROFILE-9dad4667528fdd7c6b81,56bd6b400ac2d169765a2baff65f86cde9a13a5f1b7cdcae9c41c99293c625f8,12207,IAC-D6C5F9ECC5CCAE5CD7FE7EDFFF91F18E,I_ac,fulfilled
standard_rsp,795,MNO-B,ORDER-5364830852AA6B8A6A9D9909,ACCOUNT-d8eb8c70eccaeab6e060fc00,aura-smdpp.test,7f2e01c24ee7e8b116ed422ef2df5cd723ce2dabb3d0ad7d9d409ad6564eb2cf,download,1800136938,PROFILE-7115dd39ed20c92b15b7,7f2e01c24ee7e8b116ed422ef2df5cd723ce2dabb3d0ad7d9d409ad6564eb2cf,12207,MID-DE356B798140D0C932E49CA6C11AA16F,matching_id,fulfilled
aura_rsp,795,MNO-B,ORDER-4A3995CD720480401793380D,ACCOUNT-53317ec151919af70bf2d7ae,aura-smdpp.test,7f2e01c24ee7e8b116ed422ef2df5cd723ce2dabb3d0ad7d9d409ad6564eb2cf,download,1800136938,PROFILE-7115dd39ed20c92b15b7,7f2e01c24ee7e8b116ed422ef2df5cd723ce2dabb3d0ad7d9d409ad6564eb2cf,12207,IAC-2E92C6BF913C1F055361EDA56195E6D2,I_ac,fulfilled
standard_rsp,796,MNO-C,ORDER-166AAA7805182BECDDB04CE7,ACCOUNT-9a1b8396b781d5ff2ba81024,aura-smdpp.test,8b48673df9dace8a07f77125a4e9a007d79db7bcdf1a8df059d2d31e2f918bf3,download,1800845664,PROFILE-a618e67bce30e5e3e786,8b48673df9dace8a07f77125a4e9a007d79db7bcdf1a8df059d2d31e2f918bf3,12207,MID-13BA11ACF70F32D9D6EF0CDDB3B3981E,matching_id,fulfilled
aura_rsp,796,MNO-C,ORDER-1A0F6DF5A74C7E2059412A1D,ACCOUNT-74baa66335e9b8a3f786c291,aura-smdpp.test,8b48673df9dace8a07f77125a4e9a007d79db7bcdf1a8df059d2d31e2f918bf3,download,1800845664,PROFILE-a618e67bce30e5e3e786,8b48673df9dace8a07f77125a4e9a007d79db7bcdf1a8df059d2d31e2f918bf3,12207,IAC-B366104E4E575D48CF149ABEADB1D1D7,I_ac,fulfilled
standard_rsp,797,MNO-C,ORDER-222562A5CF4D2F0C2C69AB45,ACCOUNT-b5fade2d7e620037b5f99483,aura-smdpp.test,58cbb524fd66ca3a699dbed23435b6789341d61d36e815381ad5f7c8d289269f,download,1800532884,PROFILE-42c414b2f3496c1ff55a,58cbb524fd66ca3a699dbed23435b6789341d61d36e815381ad5f7c8d289269f,12207,MID-697EB619E901A1B4EF1BAF1D454E66E6,matching_id,fulfilled
aura_rsp,797,MNO-C,ORDER-39B8D51BB315A90BB1A244B1,ACCOUNT-ca91ff127f714828fdaa4c66,aura-smdpp.test,58cbb524fd66ca3a699dbed23435b6789341d61d36e815381ad5f7c8d289269f,download,1800532884,PROFILE-42c414b2f3496c1ff55a,58cbb524fd66ca3a699dbed23435b6789341d61d36e815381ad5f7c8d289269f,12207,IAC-6105454D0EE0F2AC95B15F3C736432D5,I_ac,fulfilled
standard_rsp,798,MNO-C,ORDER-AA1D60834F9113F1A762BFB5,ACCOUNT-6c1f761e4a081060d73991b7,aura-smdpp.test,62a7a461a8dc486629ea2fd2d56570632fd1b2e086197d791f502be9964c114e,download,1802388300,PROFILE-065dbb21a800592a08fd,62a7a461a8dc486629ea2fd2d56570632fd1b2e086197d791f502be9964c114e,12207,MID-D2BB93D2518836BA168FC02A6F8C50B3,matching_id,fulfilled
aura_rsp,798,MNO-C,ORDER-06392C345A6126F2E2A0071A,ACCOUNT-8beff49865eadc7eff1ef5e8,aura-smdpp.test,62a7a461a8dc486629ea2fd2d56570632fd1b2e086197d791f502be9964c114e,download,1802388300,PROFILE-065dbb21a800592a08fd,62a7a461a8dc486629ea2fd2d56570632fd1b2e086197d791f502be9964c114e,12207,IAC-A7732BBED7CAAE657877B66DE017EA80,I_ac,fulfilled
standard_rsp,799,MNO-D,ORDER-8766870A04145F4E272BCA21,ACCOUNT-e738089695cc6b748be32375,aura-smdpp.test,6898bbb9011aec2d212a65f0d9318420610b03a9bafd6f15c4f8f9372e09d0ea,download,1800182220,PROFILE-7baa3534e097c98e460b,6898bbb9011aec2d212a65f0d9318420610b03a9bafd6f15c4f8f9372e09d0ea,12207,MID-81EB2F566FEBA8DE069CC48406432649,matching_id,fulfilled
aura_rsp,799,MNO-D,ORDER-20F7DE265ADA07DCEF218345,ACCOUNT-464180c05660a732160960bc,aura-smdpp.test,6898bbb9011aec2d212a65f0d9318420610b03a9bafd6f15c4f8f9372e09d0ea,download,1800182220,PROFILE-7baa3534e097c98e460b,6898bbb9011aec2d212a65f0d9318420610b03a9bafd6f15c4f8f9372e09d0ea,12207,IAC-9265ECA823C37244A6A415ECD9B1C07C,I_ac,fulfilled
standard_rsp,800,MNO-A,ORDER-F7A846EF70FC197903AAD7E6,ACCOUNT-4b935052b2b8ce8c5aed59fc,aura-smdpp.test,8427e12c07364074eed4c7ef06c54e1a1fae0e287e501d704d411e550ef8ee72,download,1800395772,PROFILE-31d83a970c041e84ab86,8427e12c07364074eed4c7ef06c54e1a1fae0e287e501d704d411e550ef8ee72,12207,MID-A2C641EBC8F41664D839F7602624138F,matching_id,fulfilled
aura_rsp,800,MNO-A,ORDER-644964574AE87A02C43BE7F7,ACCOUNT-7784b1991df0f026c30603c8,aura-smdpp.test,8427e12c07364074eed4c7ef06c54e1a1fae0e287e501d704d411e550ef8ee72,download,1800395772,PROFILE-31d83a970c041e84ab86,8427e12c07364074eed4c7ef06c54e1a1fae0e287e501d704d411e550ef8ee72,12207,IAC-B4FF30664C0B7C6A7680322EA16EE2B2,I_ac,fulfilled
standard_rsp,801,MNO-A,ORDER-AC7868A05688CFF11F79DE5D,ACCOUNT-04c3a10c331772ca106975da,aura-smdpp.test,89437ed98be92b8fb21073d16289857f96eeebd7f05aacadecbe44ca9bec0c39,download,1801292934,PROFILE-e6dce2c5a305a5791206,89437ed98be92b8fb21073d16289857f96eeebd7f05aacadecbe44ca9bec0c39,12207,MID-024A641694783E5EE48588E3FCD12D04,matching_id,fulfilled
aura_rsp,801,MNO-A,ORDER-F9F2F00F8FFA4426D773B4DC,ACCOUNT-fab2d51528e1eb4bdb7b3d5c,aura-smdpp.test,89437ed98be92b8fb21073d16289857f96eeebd7f05aacadecbe44ca9bec0c39,download,1801292934,PROFILE-e6dce2c5a305a5791206,89437ed98be92b8fb21073d16289857f96eeebd7f05aacadecbe44ca9bec0c39,12207,IAC-39BBA4426BD7F490809886D6A08F084D,I_ac,fulfilled
standard_rsp,802,MNO-B,ORDER-E99190E01DF98D0CB94BA638,ACCOUNT-89e4241760366ff78570d685,aura-smdpp.test,a8ee439a09b690943dddcb93e95c9b55839e054a32e09324a2c0f1f999fb738e,download,1801837410,PROFILE-4b1b82e30fa1dc3c7267,a8ee439a09b690943dddcb93e95c9b55839e054a32e09324a2c0f1f999fb738e,12207,MID-00A347F3D1599A3125C72A70DE2752C7,matching_id,fulfilled
aura_rsp,802,MNO-B,ORDER-42435CCC7DA23157F489B2FE,ACCOUNT-fe784ce2b1058f651d0fb742,aura-smdpp.test,a8ee439a09b690943dddcb93e95c9b55839e054a32e09324a2c0f1f999fb738e,download,1801837410,PROFILE-4b1b82e30fa1dc3c7267,a8ee439a09b690943dddcb93e95c9b55839e054a32e09324a2c0f1f999fb738e,12207,IAC-A5B46A93BF2A228F5643F51FC440A2CC,I_ac,fulfilled
standard_rsp,803,MNO-D,ORDER-1E9434202D2286E2F0A26B33,ACCOUNT-e1765b2816610097de11f327,aura-smdpp.test,d8d7415e587529c169b82e09129862415103421a3203600da49aecf41ca7cf91,download,1800490084,PROFILE-e61ef386187d70349728,d8d7415e587529c169b82e09129862415103421a3203600da49aecf41ca7cf91,12207,MID-472A2BD35CBACB8A3F11284B695797BA,matching_id,fulfilled
aura_rsp,803,MNO-D,ORDER-309264906B5AFAFEC708281F,ACCOUNT-1e01df1a42bf186790133284,aura-smdpp.test,d8d7415e587529c169b82e09129862415103421a3203600da49aecf41ca7cf91,download,1800490084,PROFILE-e61ef386187d70349728,d8d7415e587529c169b82e09129862415103421a3203600da49aecf41ca7cf91,12207,IAC-D85A4A033EB593036E8750E4D13929F9,I_ac,fulfilled
standard_rsp,804,MNO-C,ORDER-47C3A521BF53EEFBCB362D9A,ACCOUNT-f9c5802214bb969c410d1b27,aura-smdpp.test,e86e44b07ebe7c1130638f746368d8666f878e8c9bdca9e805fef10bb384e006,download,1801600321,PROFILE-760ff1d9c5fa4cde6aab,e86e44b07ebe7c1130638f746368d8666f878e8c9bdca9e805fef10bb384e006,12207,MID-3999B0518F016EA38191FD33F98B70D4,matching_id,fulfilled
aura_rsp,804,MNO-C,ORDER-35CB42A7B75784799E8EFC56,ACCOUNT-7862ba7ba7b68b846b06fd74,aura-smdpp.test,e86e44b07ebe7c1130638f746368d8666f878e8c9bdca9e805fef10bb384e006,download,1801600321,PROFILE-760ff1d9c5fa4cde6aab,e86e44b07ebe7c1130638f746368d8666f878e8c9bdca9e805fef10bb384e006,12207,IAC-5460DAC3DC55CDCD8F332BB2661D8D77,I_ac,fulfilled
standard_rsp,805,MNO-A,ORDER-C59906D33B0D7846149E5466,ACCOUNT-719174085a83be6e59b5d308,aura-smdpp.test,c968c89a70d0739395e24691348fb693b57c24421dabe3df92a5fd9b08139faf,download,1800714269,PROFILE-962f185d2dca31356ac0,c968c89a70d0739395e24691348fb693b57c24421dabe3df92a5fd9b08139faf,12207,MID-FE230E26AF9058B554B0D23FE5BFE1D0,matching_id,fulfilled
aura_rsp,805,MNO-A,ORDER-48790287E9EBA315207F5659,ACCOUNT-29f0e1ecbf6c0557b8af3aac,aura-smdpp.test,c968c89a70d0739395e24691348fb693b57c24421dabe3df92a5fd9b08139faf,download,1800714269,PROFILE-962f185d2dca31356ac0,c968c89a70d0739395e24691348fb693b57c24421dabe3df92a5fd9b08139faf,12207,IAC-5E48AD966AC8F32A62349624A6B55417,I_ac,fulfilled
standard_rsp,806,MNO-D,ORDER-EE12376D404DED0557E64384,ACCOUNT-9497b8a90d138aed4f519b34,aura-smdpp.test,5cf5f8bfe6d3f80bac67cc18cc3ca48ad0b7f6307a0495503e78791cc587a074,download,1801251053,PROFILE-f787ccdb45d8a29c653d,5cf5f8bfe6d3f80bac67cc18cc3ca48ad0b7f6307a0495503e78791cc587a074,12207,MID-ED239B02F7DD19DCB50E5833DD0D5D60,matching_id,fulfilled
aura_rsp,806,MNO-D,ORDER-C03D587FE868008E0229AD40,ACCOUNT-5b2a90e395752aa12ccc06d3,aura-smdpp.test,5cf5f8bfe6d3f80bac67cc18cc3ca48ad0b7f6307a0495503e78791cc587a074,download,1801251053,PROFILE-f787ccdb45d8a29c653d,5cf5f8bfe6d3f80bac67cc18cc3ca48ad0b7f6307a0495503e78791cc587a074,12207,IAC-E15AD23EA199C9F2052AC3047D694F99,I_ac,fulfilled
standard_rsp,807,MNO-C,ORDER-8D518F144234AD1F0C52E2C7,ACCOUNT-c9586fb4364a93c9d04ea3f5,aura-smdpp.test,f0fb2937e768e57391c0b83531ff250e4d15625dfd65724ddb611fa780842004,download,1800961690,PROFILE-22e103b7943a06c0b32c,f0fb2937e768e57391c0b83531ff250e4d15625dfd65724ddb611fa780842004,12207,MID-9CA59B2CA82B76252768EA80838EE3CB,matching_id,fulfilled
aura_rsp,807,MNO-C,ORDER-049525B72B46C7304CD3D1E9,ACCOUNT-f4b7aafea96ce2395143573e,aura-smdpp.test,f0fb2937e768e57391c0b83531ff250e4d15625dfd65724ddb611fa780842004,download,1800961690,PROFILE-22e103b7943a06c0b32c,f0fb2937e768e57391c0b83531ff250e4d15625dfd65724ddb611fa780842004,12207,IAC-66FAA69FC88EF26F1D6DAC06B1509855,I_ac,fulfilled
standard_rsp,808,MNO-D,ORDER-A90885AECFF3A584462C4FFA,ACCOUNT-5f004135954809048c4dff39,aura-smdpp.test,731f4ae69a66bde2b453fa8e0ddabf3f9046458ba067b6710a11e8e0e9a4d897,download,1800727442,PROFILE-944fd75919853770b35c,731f4ae69a66bde2b453fa8e0ddabf3f9046458ba067b6710a11e8e0e9a4d897,12207,MID-1EB2B04881DAD291C964176067B06EBA,matching_id,fulfilled
aura_rsp,808,MNO-D,ORDER-C4DD6FE0643EE84662845E05,ACCOUNT-45832847c7d91098c8e3839d,aura-smdpp.test,731f4ae69a66bde2b453fa8e0ddabf3f9046458ba067b6710a11e8e0e9a4d897,download,1800727442,PROFILE-944fd75919853770b35c,731f4ae69a66bde2b453fa8e0ddabf3f9046458ba067b6710a11e8e0e9a4d897,12207,IAC-FCBDFED975A0BB13599510AC7C0A8349,I_ac,fulfilled
standard_rsp,809,MNO-A,ORDER-8FE17BC45F9E74F597B6A854,ACCOUNT-d096a2a0fbb076eae771dd68,aura-smdpp.test,a46275e9b5d2e39eca7d0b3101c05c6d6bcff92bf9397f39b5a4f9d98f06b4f7,download,1802030915,PROFILE-1ee55770afa9635dc3aa,a46275e9b5d2e39eca7d0b3101c05c6d6bcff92bf9397f39b5a4f9d98f06b4f7,12207,MID-173E6B2A193ECE5980C0A8C0A9013160,matching_id,fulfilled
aura_rsp,809,MNO-A,ORDER-E690FAC9E6B25804829A2720,ACCOUNT-f51964eee3db9154a2f6819a,aura-smdpp.test,a46275e9b5d2e39eca7d0b3101c05c6d6bcff92bf9397f39b5a4f9d98f06b4f7,download,1802030915,PROFILE-1ee55770afa9635dc3aa,a46275e9b5d2e39eca7d0b3101c05c6d6bcff92bf9397f39b5a4f9d98f06b4f7,12207,IAC-87E8AFC4204EFDFD0EE2D80DC2F0B787,I_ac,fulfilled
standard_rsp,810,MNO-C,ORDER-B2C783F79C09DD6F50352C3D,ACCOUNT-77740e1ebdd05f9bcbf2c32b,aura-smdpp.test,f370240d3a609ca384a0db3bbfe442b25c701ea16e4b33cafa8fbc2e713cbfc5,download,1801360507,PROFILE-9102e65c7373e0bffc71,f370240d3a609ca384a0db3bbfe442b25c701ea16e4b33cafa8fbc2e713cbfc5,12207,MID-6C3C54F07D62EB387CBAD4778178EAE1,matching_id,fulfilled
aura_rsp,810,MNO-C,ORDER-CA1C13D5C95DE017E4530381,ACCOUNT-0cb23d11600b765cb129d519,aura-smdpp.test,f370240d3a609ca384a0db3bbfe442b25c701ea16e4b33cafa8fbc2e713cbfc5,download,1801360507,PROFILE-9102e65c7373e0bffc71,f370240d3a609ca384a0db3bbfe442b25c701ea16e4b33cafa8fbc2e713cbfc5,12207,IAC-0A7DDD89632ABDAACC82A4F6412B04EB,I_ac,fulfilled
standard_rsp,811,MNO-D,ORDER-923B6900386D5E7EAB2B7976,ACCOUNT-8b14c7d52048fa01b8c6289e,aura-smdpp.test,3594385d96a8437e2137d826bfb68de22bc8de0a7120be438b6faa7b84a18cb1,download,1802562734,PROFILE-625a1ba93891e2c1df9f,3594385d96a8437e2137d826bfb68de22bc8de0a7120be438b6faa7b84a18cb1,12207,MID-64905859412AE93010B2174148049763,matching_id,fulfilled
aura_rsp,811,MNO-D,ORDER-F65A0ADDCFBA1D8907144562,ACCOUNT-f38d4ebb3940182c804d6c30,aura-smdpp.test,3594385d96a8437e2137d826bfb68de22bc8de0a7120be438b6faa7b84a18cb1,download,1802562734,PROFILE-625a1ba93891e2c1df9f,3594385d96a8437e2137d826bfb68de22bc8de0a7120be438b6faa7b84a18cb1,12207,IAC-83579313A4454D0C4E137169A1EF2B94,I_ac,fulfilled
standard_rsp,812,MNO-D,ORDER-AD1859E13B80FD327AB75238,ACCOUNT-3992a33bf4e43ae589c39652,aura-smdpp.test,69ae0675f719101e202c28b7018a50a9001530b341120cba92c2e156b644b672,download,1802045602,PROFILE-95957da08ff8caa4fb25,69ae0675f719101e202c28b7018a50a9001530b341120cba92c2e156b644b672,12207,MID-9DC29CC97237A67EE0D61D929DFC408A,matching_id,fulfilled
aura_rsp,812,MNO-D,ORDER-1193F2514809B90AB247FEC9,ACCOUNT-b96a2fb5a4ea4418d8be526d,aura-smdpp.test,69ae0675f719101e202c28b7018a50a9001530b341120cba92c2e156b644b672,download,1802045602,PROFILE-95957da08ff8caa4fb25,69ae0675f719101e202c28b7018a50a9001530b341120cba92c2e156b644b672,12207,IAC-949FEE286E95EA2060401F65C77BBAB6,I_ac,fulfilled
standard_rsp,813,MNO-B,ORDER-1A019AEE9713D02B759B47DE,ACCOUNT-b8193f61a21ed2d197ee0ab1,aura-smdpp.test,6e16bb67ab9606e955b05078d7ff0ef51f6c0ad076de7e713960ef4584c9b8bb,download,1800441310,PROFILE-0bd22d71ba660a4b71b0,6e16bb67ab9606e955b05078d7ff0ef51f6c0ad076de7e713960ef4584c9b8bb,12207,MID-11BE540DE122E0B5968EB825ADA08AC5,matching_id,fulfilled
aura_rsp,813,MNO-B,ORDER-74E5E7623681002C3BB7CDF0,ACCOUNT-256496ab6be9dbaf3fe76375,aura-smdpp.test,6e16bb67ab9606e955b05078d7ff0ef51f6c0ad076de7e713960ef4584c9b8bb,download,1800441310,PROFILE-0bd22d71ba660a4b71b0,6e16bb67ab9606e955b05078d7ff0ef51f6c0ad076de7e713960ef4584c9b8bb,12207,IAC-EE30FCFB4D76DB8A4A0A540002EB364D,I_ac,fulfilled
standard_rsp,814,MNO-A,ORDER-FCC62EEB644E55B42FAD2964,ACCOUNT-80d3a36484104d2ef46fd9a2,aura-smdpp.test,5b3364cf7ede242781d024e51d6f9f8972abfa0a43aa4bea105ad2f776a0cbe1,download,1802523457,PROFILE-2fc35a1276a080989f3a,5b3364cf7ede242781d024e51d6f9f8972abfa0a43aa4bea105ad2f776a0cbe1,12207,MID-B3AF47D9EDE44BD78E896042E2D84B01,matching_id,fulfilled
aura_rsp,814,MNO-A,ORDER-F46C09A6D8DC14F2345DD8F8,ACCOUNT-23327e9b029ec16bf8ca8e9d,aura-smdpp.test,5b3364cf7ede242781d024e51d6f9f8972abfa0a43aa4bea105ad2f776a0cbe1,download,1802523457,PROFILE-2fc35a1276a080989f3a,5b3364cf7ede242781d024e51d6f9f8972abfa0a43aa4bea105ad2f776a0cbe1,12207,IAC-175CB8B33169B42CB9C3A94C62D984BB,I_ac,fulfilled
standard_rsp,815,MNO-C,ORDER-CE4B853648F9B2CB97E8D4FB,ACCOUNT-0632d77e2d100e1b4765367d,aura-smdpp.test,79da3c2aca9c3ff6d4e3eedd54279c6b99c743741a4db59578b7fea54f17144d,download,1801623072,PROFILE-062b47db31961bc3c781,79da3c2aca9c3ff6d4e3eedd54279c6b99c743741a4db59578b7fea54f17144d,12207,MID-A4EF5B57B7DBA2D54FEB2B0C0C6E0BE0,matching_id,fulfilled
aura_rsp,815,MNO-C,ORDER-46B24635FA3C62698D042F4E,ACCOUNT-479e0e2c4c956e57be600f38,aura-smdpp.test,79da3c2aca9c3ff6d4e3eedd54279c6b99c743741a4db59578b7fea54f17144d,download,1801623072,PROFILE-062b47db31961bc3c781,79da3c2aca9c3ff6d4e3eedd54279c6b99c743741a4db59578b7fea54f17144d,12207,IAC-58461FF0771E8594020D358C3A60C7EC,I_ac,fulfilled
standard_rsp,816,MNO-D,ORDER-EE83F8EDAED4E3BAA357E741,ACCOUNT-e7ae311f0c02e0d0c92eb19d,aura-smdpp.test,912573dce19e5b124a822a38f8eb93755f0a65ecdfcc01a7af219a5bc5e0b6e6,download,1801325181,PROFILE-bcd8846473d859936ed5,912573dce19e5b124a822a38f8eb93755f0a65ecdfcc01a7af219a5bc5e0b6e6,12207,MID-2C8C816599818E1EF05032284B76015D,matching_id,fulfilled
aura_rsp,816,MNO-D,ORDER-F24EEA6B247C5F1567075DE7,ACCOUNT-1a7968b608666688e7fc937f,aura-smdpp.test,912573dce19e5b124a822a38f8eb93755f0a65ecdfcc01a7af219a5bc5e0b6e6,download,1801325181,PROFILE-bcd8846473d859936ed5,912573dce19e5b124a822a38f8eb93755f0a65ecdfcc01a7af219a5bc5e0b6e6,12207,IAC-40352B46C57D75C4841E726E0FC21CAB,I_ac,fulfilled
standard_rsp,817,MNO-A,ORDER-BB7000D6F6486A1AA659F2AF,ACCOUNT-0bc5095c7e0f600fd577db8c,aura-smdpp.test,f35b76418f5eb186a61645e2b359d18653562dbc4f07d790f5fe2208de5d9fc1,download,1802288766,PROFILE-acfebb64ec89da474df5,f35b76418f5eb186a61645e2b359d18653562dbc4f07d790f5fe2208de5d9fc1,12207,MID-B242AF66583BE1DBD6D2B5DAB0C446C0,matching_id,fulfilled
aura_rsp,817,MNO-A,ORDER-3416671BE17DC84ABF926DF5,ACCOUNT-3c7c321ed6498617bac35c0e,aura-smdpp.test,f35b76418f5eb186a61645e2b359d18653562dbc4f07d790f5fe2208de5d9fc1,download,1802288766,PROFILE-acfebb64ec89da474df5,f35b76418f5eb186a61645e2b359d18653562dbc4f07d790f5fe2208de5d9fc1,12207,IAC-888403DE1346EB824334C70FF2030350,I_ac,fulfilled
standard_rsp,818,MNO-C,ORDER-16CD21246596C1DEED8F0074,ACCOUNT-380b276e64d46d4cce91e67e,aura-smdpp.test,ea16b8f2f592503b24d9581d2cc01c2e54e6e837b570c0bbca0e1f623e980c38,download,1800412371,PROFILE-518cfb08bbd63c83ff4e,ea16b8f2f592503b24d9581d2cc01c2e54e6e837b570c0bbca0e1f623e980c38,12207,MID-3F1E681D8A962BAE6DF2AF11AB5A8145,matching_id,fulfilled
aura_rsp,818,MNO-C,ORDER-6B587864436C1E50ADA6DFA2,ACCOUNT-e7add0d0f88d6dab947b812e,aura-smdpp.test,ea16b8f2f592503b24d9581d2cc01c2e54e6e837b570c0bbca0e1f623e980c38,download,1800412371,PROFILE-518cfb08bbd63c83ff4e,ea16b8f2f592503b24d9581d2cc01c2e54e6e837b570c0bbca0e1f623e980c38,12207,IAC-40240803F37F521AA73F5004BA33ECF6,I_ac,fulfilled
standard_rsp,819,MNO-B,ORDER-E97A7CDC1F2D38AB26F1EDD4,ACCOUNT-f45ad7061a95a13595b39f4b,aura-smdpp.test,9cd2a53e8dafe0af52497c68d030f0aa7415278a0eede6a5a251bd7e066959dd,download,1801521481,PROFILE-4593293cf12e2a691cc9,9cd2a53e8dafe0af52497c68d030f0aa7415278a0eede6a5a251bd7e066959dd,12207,MID-36FF05164EB541381DE328B9BC5905A4,matching_id,fulfilled
aura_rsp,819,MNO-B,ORDER-542AEAC85401D95BADC37A4A,ACCOUNT-66a9c6e497ca050661d7652f,aura-smdpp.test,9cd2a53e8dafe0af52497c68d030f0aa7415278a0eede6a5a251bd7e066959dd,download,1801521481,PROFILE-4593293cf12e2a691cc9,9cd2a53e8dafe0af52497c68d030f0aa7415278a0eede6a5a251bd7e066959dd,12207,IAC-DFFD1C8753DF96DE9E29DE49EBA023B5,I_ac,fulfilled
standard_rsp,820,MNO-C,ORDER-0F9B998D134078E896206458,ACCOUNT-a133acfe648b9e72a0adb6cc,aura-smdpp.test,7a5f121ae754b399735ab23fefea58878ae1fd0897c4f1bfcf400b3a5bd20dd1,download,1800965306,PROFILE-1cb4b6da7b2001be49e0,7a5f121ae754b399735ab23fefea58878ae1fd0897c4f1bfcf400b3a5bd20dd1,12207,MID-9E19CFB930E13C5C4FD86446A49EE5FD,matching_id,fulfilled
aura_rsp,820,MNO-C,ORDER-8D38D66F7C1782A4D367C98A,ACCOUNT-9b26225577fd5aba133a1757,aura-smdpp.test,7a5f121ae754b399735ab23fefea58878ae1fd0897c4f1bfcf400b3a5bd20dd1,download,1800965306,PROFILE-1cb4b6da7b2001be49e0,7a5f121ae754b399735ab23fefea58878ae1fd0897c4f1bfcf400b3a5bd20dd1,12207,IAC-40FC8AD7D11DB6E7001A1C749368B45F,I_ac,fulfilled
standard_rsp,821,MNO-D,ORDER-247F0691F2569FFFA481DBAF,ACCOUNT-0d463e3f5e40b8f046c3e4ff,aura-smdpp.test,3e910fdb4f1f765c9402903dda2af4d5492e5216bf1bb4e9085a8dbdf9bddb9a,download,1800752406,PROFILE-556f35268379dee22450,3e910fdb4f1f765c9402903dda2af4d5492e5216bf1bb4e9085a8dbdf9bddb9a,12207,MID-93A4C75FCF77CB28C29B9AD3E7440964,matching_id,fulfilled
aura_rsp,821,MNO-D,ORDER-8D99AEC72ADE326E106B34C8,ACCOUNT-e68b829bbaa1cc3584ea9488,aura-smdpp.test,3e910fdb4f1f765c9402903dda2af4d5492e5216bf1bb4e9085a8dbdf9bddb9a,download,1800752406,PROFILE-556f35268379dee22450,3e910fdb4f1f765c9402903dda2af4d5492e5216bf1bb4e9085a8dbdf9bddb9a,12207,IAC-A11D96067047E0A1E8646A6B8B0DAEA9,I_ac,fulfilled
standard_rsp,822,MNO-A,ORDER-A6711FE84F85464F9EEE77C5,ACCOUNT-3c66e9fc9c38cc96113114ba,aura-smdpp.test,5dce7f0858f5af41009764ec75f930b227e7f5975ac5251dc8012fba44fcd308,download,1800089609,PROFILE-44c15c5ea0a7ffa0ce19,5dce7f0858f5af41009764ec75f930b227e7f5975ac5251dc8012fba44fcd308,12207,MID-5C08938D8A1BD69B1052B6D5EF619D1F,matching_id,fulfilled
aura_rsp,822,MNO-A,ORDER-9B0C037F444C8468EF4A6B46,ACCOUNT-d4177285d40ab0af333ca4b7,aura-smdpp.test,5dce7f0858f5af41009764ec75f930b227e7f5975ac5251dc8012fba44fcd308,download,1800089609,PROFILE-44c15c5ea0a7ffa0ce19,5dce7f0858f5af41009764ec75f930b227e7f5975ac5251dc8012fba44fcd308,12207,IAC-C42F20B90EDA774E4E5EA23C512ACEBB,I_ac,fulfilled
standard_rsp,823,MNO-A,ORDER-F2297B9F098DE800117C2336,ACCOUNT-30ae7d117dd01a5246f2fb83,aura-smdpp.test,a23679f564ef612db3cacf59acf204bddd54dd445bdece7a500cfdd391879488,download,1801206199,PROFILE-b633bf0bba1de9958dbf,a23679f564ef612db3cacf59acf204bddd54dd445bdece7a500cfdd391879488,12207,MID-86E384486BADDEF89EA8B05A1B0B9456,matching_id,fulfilled
aura_rsp,823,MNO-A,ORDER-3492A2116D8E6F4B93030943,ACCOUNT-bdb2f877f7e842f076fd9c83,aura-smdpp.test,a23679f564ef612db3cacf59acf204bddd54dd445bdece7a500cfdd391879488,download,1801206199,PROFILE-b633bf0bba1de9958dbf,a23679f564ef612db3cacf59acf204bddd54dd445bdece7a500cfdd391879488,12207,IAC-09E4F3F64C36535C011325E8C798853D,I_ac,fulfilled
standard_rsp,824,MNO-D,ORDER-CB1515C35F440F3CE539306E,ACCOUNT-d079859c1f18b7243b73d7d9,aura-smdpp.test,2bfe9651c466be196336be18570f52af3a1d96aaa2997972357dac4e6d3330e9,download,1802579329,PROFILE-063d62f4afd04a286487,2bfe9651c466be196336be18570f52af3a1d96aaa2997972357dac4e6d3330e9,12207,MID-96C195EAE8980B3CB32CACC3BE855F0A,matching_id,fulfilled
aura_rsp,824,MNO-D,ORDER-D2C0EDE0825B0200662812C1,ACCOUNT-ebc635a8ddaae5918dda159b,aura-smdpp.test,2bfe9651c466be196336be18570f52af3a1d96aaa2997972357dac4e6d3330e9,download,1802579329,PROFILE-063d62f4afd04a286487,2bfe9651c466be196336be18570f52af3a1d96aaa2997972357dac4e6d3330e9,12207,IAC-A35A7399227660070E05A9505FEABD3B,I_ac,fulfilled
standard_rsp,825,MNO-B,ORDER-E72179DDD09B0E3026B13658,ACCOUNT-09baaafd782fd7d89e4e1f98,aura-smdpp.test,f51ab51f14a75a5931d54c2771a6b1a77f2b9f6ff95dd43ccc5b427da919c85b,download,1801125101,PROFILE-b766e97301074ff21cfd,f51ab51f14a75a5931d54c2771a6b1a77f2b9f6ff95dd43ccc5b427da919c85b,12207,MID-DB6EFACCA2DAE03AD75595B1800615C4,matching_id,fulfilled
aura_rsp,825,MNO-B,ORDER-43C6064FF2C97343183300B0,ACCOUNT-8a66e89f0e5a1a7fb631a61f,aura-smdpp.test,f51ab51f14a75a5931d54c2771a6b1a77f2b9f6ff95dd43ccc5b427da919c85b,download,1801125101,PROFILE-b766e97301074ff21cfd,f51ab51f14a75a5931d54c2771a6b1a77f2b9f6ff95dd43ccc5b427da919c85b,12207,IAC-AF502014F12AC2C48CE5FAC6292FF99F,I_ac,fulfilled
standard_rsp,826,MNO-A,ORDER-525A95D56B002FE7A2BFA48D,ACCOUNT-2d5a71fc104e0214d83db8ec,aura-smdpp.test,bc7b0feef241edfe008ad12b3f77559518a0c9329b0cc67f9d1c5600df8be680,download,1801323955,PROFILE-a29fa4ade241bca62b72,bc7b0feef241edfe008ad12b3f77559518a0c9329b0cc67f9d1c5600df8be680,12207,MID-5A4F35C831F8AC13AA66275849D789B4,matching_id,fulfilled
aura_rsp,826,MNO-A,ORDER-5A190F7022582BBD003EFF29,ACCOUNT-2b62dee2833cb84919b4ac69,aura-smdpp.test,bc7b0feef241edfe008ad12b3f77559518a0c9329b0cc67f9d1c5600df8be680,download,1801323955,PROFILE-a29fa4ade241bca62b72,bc7b0feef241edfe008ad12b3f77559518a0c9329b0cc67f9d1c5600df8be680,12207,IAC-89C76E52E57CE23DC82D69B05790ED2E,I_ac,fulfilled
standard_rsp,827,MNO-C,ORDER-A8A18A8569704EE008591A4B,ACCOUNT-d626f302032b9260e694899b,aura-smdpp.test,2d436c83d218313b7568d3b09783820b763093bb45228c37477b48c3b50a05fc,download,1801695522,PROFILE-988936f2ca20e5445011,2d436c83d218313b7568d3b09783820b763093bb45228c37477b48c3b50a05fc,12207,MID-B4B8A85EF8F2796AD4A9897C73198145,matching_id,fulfilled
aura_rsp,827,MNO-C,ORDER-FCA37F54CA39AAA4B9FD8E0E,ACCOUNT-7a189efeadb8f111739967ed,aura-smdpp.test,2d436c83d218313b7568d3b09783820b763093bb45228c37477b48c3b50a05fc,download,1801695522,PROFILE-988936f2ca20e5445011,2d436c83d218313b7568d3b09783820b763093bb45228c37477b48c3b50a05fc,12207,IAC-9283EA1A124F3F2EF619B5E26FC3DC36,I_ac,fulfilled
standard_rsp,828,MNO-A,ORDER-52271241480567A31FE3CE1C,ACCOUNT-1bede1604eba9b3e45a2d998,aura-smdpp.test,5c9d13e41392fad0a6a1aca3a0fa257d1e0732f1a63af8c45263f047b2237c0f,download,1802150848,PROFILE-0965d49414970dc5c872,5c9d13e41392fad0a6a1aca3a0fa257d1e0732f1a63af8c45263f047b2237c0f,12207,MID-3256760202522D67A48D5B674280B63A,matching_id,fulfilled
aura_rsp,828,MNO-A,ORDER-366315DE90C333DAC8E123AF,ACCOUNT-c46b2f2f42120b921ce20017,aura-smdpp.test,5c9d13e41392fad0a6a1aca3a0fa257d1e0732f1a63af8c45263f047b2237c0f,download,1802150848,PROFILE-0965d49414970dc5c872,5c9d13e41392fad0a6a1aca3a0fa257d1e0732f1a63af8c45263f047b2237c0f,12207,IAC-1046C301395F72296523EAECF5C5C44C,I_ac,fulfilled
standard_rsp,829,MNO-D,ORDER-B8DB23050AF5E33D7708BDA6,ACCOUNT-b75026277b33b4789e91f63b,aura-smdpp.test,529d195ccf15509bc781d40074ccf84a9923b4f6f568e1bb13bb4f9a30358c1a,download,1801291865,PROFILE-24347d9f9d397af6b24a,529d195ccf15509bc781d40074ccf84a9923b4f6f568e1bb13bb4f9a30358c1a,12207,MID-A837166C820B958B874DF7CF512CC5B5,matching_id,fulfilled
aura_rsp,829,MNO-D,ORDER-4B3763FD0405A71B7CD0E34C,ACCOUNT-ebf7c67b6459580e41eb1b23,aura-smdpp.test,529d195ccf15509bc781d40074ccf84a9923b4f6f568e1bb13bb4f9a30358c1a,download,1801291865,PROFILE-24347d9f9d397af6b24a,529d195ccf15509bc781d40074ccf84a9923b4f6f568e1bb13bb4f9a30358c1a,12207,IAC-3952FB8D967D060637AFB238FB09A7BB,I_ac,fulfilled
standard_rsp,830,MNO-C,ORDER-9BE1C44E0DF16BA761243B10,ACCOUNT-2137733a589e2a8e210160e5,aura-smdpp.test,e7a0ee71d36ccb9ded0ce60a5e754c04f7833fea2dfeb90980d1d5364d435f0e,download,1801646986,PROFILE-92d1253fcf5b9be632c8,e7a0ee71d36ccb9ded0ce60a5e754c04f7833fea2dfeb90980d1d5364d435f0e,12207,MID-479ECAD306C3301A4B7C637C35377CB2,matching_id,fulfilled
aura_rsp,830,MNO-C,ORDER-D3C6C0CDB0DF9C5265EBDED9,ACCOUNT-9bdb88e53b2703e3e43b267d,aura-smdpp.test,e7a0ee71d36ccb9ded0ce60a5e754c04f7833fea2dfeb90980d1d5364d435f0e,download,1801646986,PROFILE-92d1253fcf5b9be632c8,e7a0ee71d36ccb9ded0ce60a5e754c04f7833fea2dfeb90980d1d5364d435f0e,12207,IAC-96E8BBE2506E3C093A3DE7A31864EFFA,I_ac,fulfilled
standard_rsp,831,MNO-A,ORDER-B3F2FCC8C19357C4BEBF1C2A,ACCOUNT-3a6129b102922febbd1abbfa,aura-smdpp.test,8ea809e101f3d730aef837f5caab01595f222a34bb794551072e4a05157d048b,download,1802387020,PROFILE-b09673dac94869309fff,8ea809e101f3d730aef837f5caab01595f222a34bb794551072e4a05157d048b,12207,MID-889171362DBEC18D69BC682A4522B13D,matching_id,fulfilled
aura_rsp,831,MNO-A,ORDER-147E12AB3E797F2DCE5948E1,ACCOUNT-12a2899ccdf7a0f42d2a0cee,aura-smdpp.test,8ea809e101f3d730aef837f5caab01595f222a34bb794551072e4a05157d048b,download,1802387020,PROFILE-b09673dac94869309fff,8ea809e101f3d730aef837f5caab01595f222a34bb794551072e4a05157d048b,12207,IAC-B1553C4F5B1CAC66F0B2E24BAB04B4E5,I_ac,fulfilled
standard_rsp,832,MNO-B,ORDER-A1700A16CC2525ACADC887C9,ACCOUNT-cd0524cd401b9531e13705cd,aura-smdpp.test,ffdc9f575552c1432cef173a3cd0df202c6419b2ac2905a85049169a327f84bc,download,1800334829,PROFILE-c0158a8533be8a3a7611,ffdc9f575552c1432cef173a3cd0df202c6419b2ac2905a85049169a327f84bc,12207,MID-DCD6927D8BD18EC8730CDC9BDB2CCDD5,matching_id,fulfilled
aura_rsp,832,MNO-B,ORDER-DE3974AF10999597461CAEA9,ACCOUNT-fd90bcaae8102ad28e581660,aura-smdpp.test,ffdc9f575552c1432cef173a3cd0df202c6419b2ac2905a85049169a327f84bc,download,1800334829,PROFILE-c0158a8533be8a3a7611,ffdc9f575552c1432cef173a3cd0df202c6419b2ac2905a85049169a327f84bc,12207,IAC-4BF8A90B6BDEBA87C95586538082986D,I_ac,fulfilled
standard_rsp,833,MNO-C,ORDER-8EF59803968FCAD25F76EDBE,ACCOUNT-50dc53b8379c84058a6771f1,aura-smdpp.test,976a19af8cb628c6cc13defdef98e754e153e77728e7780427946daee89fe0d4,download,1801909450,PROFILE-2c2d326f015e79697cbf,976a19af8cb628c6cc13defdef98e754e153e77728e7780427946daee89fe0d4,12207,MID-B35345E4F1828A7C3355CA93F1657C2F,matching_id,fulfilled
aura_rsp,833,MNO-C,ORDER-A8CDDF56452FFEFD4B531AAC,ACCOUNT-427a68a362e3cd06255cf12a,aura-smdpp.test,976a19af8cb628c6cc13defdef98e754e153e77728e7780427946daee89fe0d4,download,1801909450,PROFILE-2c2d326f015e79697cbf,976a19af8cb628c6cc13defdef98e754e153e77728e7780427946daee89fe0d4,12207,IAC-4D3EC9971B74DB36E7BABFC84EF69933,I_ac,fulfilled
standard_rsp,834,MNO-D,ORDER-E80CAC404ED95D4A98445308,ACCOUNT-c79806acac77430d8fba6422,aura-smdpp.test,b0ad788dac5fdc12f676a23603ec6eb6c133fbf80470f628f6b16e630912ab65,download,1800651247,PROFILE-b86887c97dba0d9da296,b0ad788dac5fdc12f676a23603ec6eb6c133fbf80470f628f6b16e630912ab65,12207,MID-D3137D6D4C4F6AE88555E6F988522C61,matching_id,fulfilled
aura_rsp,834,MNO-D,ORDER-A23A29A5FAF9FBCA88ED73D2,ACCOUNT-230c70f9943059ac14ce7f12,aura-smdpp.test,b0ad788dac5fdc12f676a23603ec6eb6c133fbf80470f628f6b16e630912ab65,download,1800651247,PROFILE-b86887c97dba0d9da296,b0ad788dac5fdc12f676a23603ec6eb6c133fbf80470f628f6b16e630912ab65,12207,IAC-E1FBC9873F61025AC665C5CB31F25A54,I_ac,fulfilled
standard_rsp,835,MNO-B,ORDER-ACCF71C5EC4E48350C858476,ACCOUNT-3374bc1dce4d118f6d45a767,aura-smdpp.test,b93a6494d153c892053c4ba465ef9b111afedfff9764e8061b6c030383426719,download,1800514825,PROFILE-be98cdf5cd8d1ecc19b8,b93a6494d153c892053c4ba465ef9b111afedfff9764e8061b6c030383426719,12207,MID-7FF8A4158D4A7AB6216B3B045BF9AAC7,matching_id,fulfilled
aura_rsp,835,MNO-B,ORDER-9ABD6A702CE9CA5A2D5C1988,ACCOUNT-6b65ad38bc0cd146143faa95,aura-smdpp.test,b93a6494d153c892053c4ba465ef9b111afedfff9764e8061b6c030383426719,download,1800514825,PROFILE-be98cdf5cd8d1ecc19b8,b93a6494d153c892053c4ba465ef9b111afedfff9764e8061b6c030383426719,12207,IAC-7D631F9D6A1EC73CF38690E8391A60A0,I_ac,fulfilled
standard_rsp,836,MNO-C,ORDER-6A8C35882C7C004264531B40,ACCOUNT-a2ad29027e6cea69a31415cf,aura-smdpp.test,42471194c5d8a4a15a4d26d753c5888649268d357a177b50c41f5998ccc86b36,download,1801960370,PROFILE-0a392bf735dbed51bc44,42471194c5d8a4a15a4d26d753c5888649268d357a177b50c41f5998ccc86b36,12207,MID-8E7EFA788A4294696022209B456977FC,matching_id,fulfilled
aura_rsp,836,MNO-C,ORDER-088C50776C2DBF46AE77460A,ACCOUNT-4ac97fc0317e444428371ed2,aura-smdpp.test,42471194c5d8a4a15a4d26d753c5888649268d357a177b50c41f5998ccc86b36,download,1801960370,PROFILE-0a392bf735dbed51bc44,42471194c5d8a4a15a4d26d753c5888649268d357a177b50c41f5998ccc86b36,12207,IAC-BEAF3A977DB80CC68D3E1821BD2757DA,I_ac,fulfilled
standard_rsp,837,MNO-C,ORDER-881ED7FA95F4AEB3E710B79A,ACCOUNT-9a24a828a68a75a829bd662b,aura-smdpp.test,736e06a0865c4c82ca7869a174af19420bb0f55f0cb48e7b9e796b3bf6907377,download,1802134941,PROFILE-c3cb6271ebaa417663a0,736e06a0865c4c82ca7869a174af19420bb0f55f0cb48e7b9e796b3bf6907377,12207,MID-6A0C70FFA9A07523F53A37CFA84A916D,matching_id,fulfilled
aura_rsp,837,MNO-C,ORDER-8E72AC17B6A485D713E9A85D,ACCOUNT-2731bcee3343e1bf87356b71,aura-smdpp.test,736e06a0865c4c82ca7869a174af19420bb0f55f0cb48e7b9e796b3bf6907377,download,1802134941,PROFILE-c3cb6271ebaa417663a0,736e06a0865c4c82ca7869a174af19420bb0f55f0cb48e7b9e796b3bf6907377,12207,IAC-CC87898D55E616FC081539ED09824AB4,I_ac,fulfilled
standard_rsp,838,MNO-D,ORDER-071BF61AC7D643D780C942D4,ACCOUNT-c1788978fbcc5a69976ead81,aura-smdpp.test,80a19f3cd850219c3e21bd6c961eddd0cb958ac77b2c90eb085f93f7af52824f,download,1800462139,PROFILE-fd0d914f739ec73e6861,80a19f3cd850219c3e21bd6c961eddd0cb958ac77b2c90eb085f93f7af52824f,12207,MID-513654F4CEC123663F389FE6BEAC6F45,matching_id,fulfilled
aura_rsp,838,MNO-D,ORDER-17B5E852954C7A094952D965,ACCOUNT-0eaddf35e3f0c9666848297b,aura-smdpp.test,80a19f3cd850219c3e21bd6c961eddd0cb958ac77b2c90eb085f93f7af52824f,download,1800462139,PROFILE-fd0d914f739ec73e6861,80a19f3cd850219c3e21bd6c961eddd0cb958ac77b2c90eb085f93f7af52824f,12207,IAC-FB5191E047BBD92ED8B0F0FAF80C1BDE,I_ac,fulfilled
standard_rsp,839,MNO-A,ORDER-93FB6E455290422F0B06793B,ACCOUNT-d2c74d064d8d7d94b53fb282,aura-smdpp.test,c416429493d911b13e3120b097b49bf7d14519530f88d67e5a65e36386cf4a6e,download,1802045250,PROFILE-82db01fc2596766251f6,c416429493d911b13e3120b097b49bf7d14519530f88d67e5a65e36386cf4a6e,12207,MID-BCDC87368EDFC0028720DA43BA0FD6C2,matching_id,fulfilled
aura_rsp,839,MNO-A,ORDER-9EF12E2A856249BF4BD1573A,ACCOUNT-a80122150ae626d7c9eac060,aura-smdpp.test,c416429493d911b13e3120b097b49bf7d14519530f88d67e5a65e36386cf4a6e,download,1802045250,PROFILE-82db01fc2596766251f6,c416429493d911b13e3120b097b49bf7d14519530f88d67e5a65e36386cf4a6e,12207,IAC-FB7D627D36139FFE04B8947B34E1CEB0,I_ac,fulfilled
standard_rsp,840,MNO-C,ORDER-7CFC99D7099A1DB99DAECFF6,ACCOUNT-9f918c53ec5253d57e8f65bc,aura-smdpp.test,53bff8da2cb49464d3b0bd370a839cf869424f7c19382ccf289dae2440730379,download,1800273995,PROFILE-9fea8e9aa1d5f718a304,53bff8da2cb49464d3b0bd370a839cf869424f7c19382ccf289dae2440730379,12207,MID-697958A5CD54571C3B4803F812DBFF84,matching_id,fulfilled
aura_rsp,840,MNO-C,ORDER-38594C164B29485CD9D9E53D,ACCOUNT-1baf2455df973d39b09a9721,aura-smdpp.test,53bff8da2cb49464d3b0bd370a839cf869424f7c19382ccf289dae2440730379,download,1800273995,PROFILE-9fea8e9aa1d5f718a304,53bff8da2cb49464d3b0bd370a839cf869424f7c19382ccf289dae2440730379,12207,IAC-0A40CBD7DD034EA70A5613051C74969D,I_ac,fulfilled
standard_rsp,841,MNO-D,ORDER-1D4E555EA788AF7778DD8B18,ACCOUNT-ebf7b729cb0db975f2cbe625,aura-smdpp.test,f73c26c8a3e8b7b83413466fe446999755a767e5d851f5a8d29f72cfcc478fcd,download,1802353792,PROFILE-61c1be80a39c7404b104,f73c26c8a3e8b7b83413466fe446999755a767e5d851f5a8d29f72cfcc478fcd,12207,MID-A5655A708E4DA4F64A8F0790C04164D7,matching_id,fulfilled
aura_rsp,841,MNO-D,ORDER-194F4D9A02FB0AB470212828,ACCOUNT-a551cdc2a6609a22c7ca42e9,aura-smdpp.test,f73c26c8a3e8b7b83413466fe446999755a767e5d851f5a8d29f72cfcc478fcd,download,1802353792,PROFILE-61c1be80a39c7404b104,f73c26c8a3e8b7b83413466fe446999755a767e5d851f5a8d29f72cfcc478fcd,12207,IAC-1F0E4746D46AFD48B85892124E32D4D7,I_ac,fulfilled
standard_rsp,842,MNO-C,ORDER-136939584D1A270EBA4EFDF0,ACCOUNT-6dba77b935df2910515be5e3,aura-smdpp.test,8607d76ea890b534394c17f927059695585ab06cb7ec6d2eb391e5962223a907,download,1802044395,PROFILE-4b2e7c970b56555c9f0e,8607d76ea890b534394c17f927059695585ab06cb7ec6d2eb391e5962223a907,12207,MID-F3E2EAAFCB8A00902396B2B08C9C0C17,matching_id,fulfilled
aura_rsp,842,MNO-C,ORDER-983E82E306F3404789604718,ACCOUNT-4b48a8ee28af7416e142a334,aura-smdpp.test,8607d76ea890b534394c17f927059695585ab06cb7ec6d2eb391e5962223a907,download,1802044395,PROFILE-4b2e7c970b56555c9f0e,8607d76ea890b534394c17f927059695585ab06cb7ec6d2eb391e5962223a907,12207,IAC-A44C9F1A4B3A62F490B1DE2B3656F797,I_ac,fulfilled
standard_rsp,843,MNO-C,ORDER-A8A8727F66B72DF29F988044,ACCOUNT-2999002b1caa6e136597079c,aura-smdpp.test,1d505992ac2d21097c10881d578fbab13013d800517aa380197f43c170473cb3,download,1802034955,PROFILE-2b89cb167d73a6bb9d58,1d505992ac2d21097c10881d578fbab13013d800517aa380197f43c170473cb3,12207,MID-72FE2E00189C3D278585BD8EBF61AD00,matching_id,fulfilled
aura_rsp,843,MNO-C,ORDER-D99DF97ADF03A9A21426C58F,ACCOUNT-41bf0a4c825bcdb3136ae911,aura-smdpp.test,1d505992ac2d21097c10881d578fbab13013d800517aa380197f43c170473cb3,download,1802034955,PROFILE-2b89cb167d73a6bb9d58,1d505992ac2d21097c10881d578fbab13013d800517aa380197f43c170473cb3,12207,IAC-7657DA80E0F0C4DE73F9CCB804CD92E2,I_ac,fulfilled
standard_rsp,844,MNO-A,ORDER-56D59830E2BA108460C7E164,ACCOUNT-44572b082ac2ab72f638ab6a,aura-smdpp.test,747de7bcc74ec9d18fd951ee286ad1661cbecd74df9315253439de17f8ee7bbe,download,1801855256,PROFILE-13bcc89c60ca65d9fc9d,747de7bcc74ec9d18fd951ee286ad1661cbecd74df9315253439de17f8ee7bbe,12207,MID-985B39904B45D307FA6C6D84F2CD6ED3,matching_id,fulfilled
aura_rsp,844,MNO-A,ORDER-E9BAA00A28F99513D097908A,ACCOUNT-f62148851ee52080f37d000b,aura-smdpp.test,747de7bcc74ec9d18fd951ee286ad1661cbecd74df9315253439de17f8ee7bbe,download,1801855256,PROFILE-13bcc89c60ca65d9fc9d,747de7bcc74ec9d18fd951ee286ad1661cbecd74df9315253439de17f8ee7bbe,12207,IAC-284C58C3D1DD4932283B9270D54F0F85,I_ac,fulfilled
standard_rsp,845,MNO-A,ORDER-7CB8CECF50B29DBF1C19D0DA,ACCOUNT-36aebdcd0493d331902862f4,aura-smdpp.test,48d4542f8c78aeb58fe244097afad9682d955db7033fa1a58cd55b565b7234a7,download,1800135495,PROFILE-fe36b462884998f51ead,48d4542f8c78aeb58fe244097afad9682d955db7033fa1a58cd55b565b7234a7,12207,MID-C522B9BF1422F0E1E9E6F66C502E14A4,matching_id,fulfilled
aura_rsp,845,MNO-A,ORDER-12B2BD47E3995C08B7853850,ACCOUNT-9390dddb30c22d505bf9f54d,aura-smdpp.test,48d4542f8c78aeb58fe244097afad9682d955db7033fa1a58cd55b565b7234a7,download,1800135495,PROFILE-fe36b462884998f51ead,48d4542f8c78aeb58fe244097afad9682d955db7033fa1a58cd55b565b7234a7,12207,IAC-54BACDB2D02ED19C87683E01000D1C54,I_ac,fulfilled
standard_rsp,846,MNO-A,ORDER-A0519B57535916DE2D56FBA3,ACCOUNT-d14640dd1d484ffeac401338,aura-smdpp.test,27a3d79988d85faf62b98b418f0c4ffef3fde2949e6403af8dbbe398822bd59f,download,1801350459,PROFILE-09a7c9902075279975f7,27a3d79988d85faf62b98b418f0c4ffef3fde2949e6403af8dbbe398822bd59f,12207,MID-B0871EF6BC93E4CE9DAA662ED27CAC98,matching_id,fulfilled
aura_rsp,846,MNO-A,ORDER-C8FEE6271F9706251E087302,ACCOUNT-dcdaa3a1389a69d02e27e37a,aura-smdpp.test,27a3d79988d85faf62b98b418f0c4ffef3fde2949e6403af8dbbe398822bd59f,download,1801350459,PROFILE-09a7c9902075279975f7,27a3d79988d85faf62b98b418f0c4ffef3fde2949e6403af8dbbe398822bd59f,12207,IAC-70B4123A501EEBA5A5567CEC4AC1C50D,I_ac,fulfilled
standard_rsp,847,MNO-A,ORDER-8E3B79720CC6BE9FF254151C,ACCOUNT-4e19c9889c49e5f95375937a,aura-smdpp.test,078cb912542295abc77c020b7520dbde7975eb1b67450ce9a2a4c92d0f39e58f,download,1801546574,PROFILE-0efc2583873426809071,078cb912542295abc77c020b7520dbde7975eb1b67450ce9a2a4c92d0f39e58f,12207,MID-7D625DB454FDB270710B86B6F78D8ADF,matching_id,fulfilled
aura_rsp,847,MNO-A,ORDER-E94AE8AB3175193BF02AB2E6,ACCOUNT-c918674e0266e50d9b8f19c5,aura-smdpp.test,078cb912542295abc77c020b7520dbde7975eb1b67450ce9a2a4c92d0f39e58f,download,1801546574,PROFILE-0efc2583873426809071,078cb912542295abc77c020b7520dbde7975eb1b67450ce9a2a4c92d0f39e58f,12207,IAC-6FA284724415AC0639FE590D08BED3D4,I_ac,fulfilled
standard_rsp,848,MNO-D,ORDER-374E26477DA864F3F71F8760,ACCOUNT-008b2b158014355b876644cb,aura-smdpp.test,50dd0338e84791c3f1d630bf9e4838ac7f79760ba1d3fded74e5392c236d2aa4,download,1802455527,PROFILE-dcec51d622d89a14eeee,50dd0338e84791c3f1d630bf9e4838ac7f79760ba1d3fded74e5392c236d2aa4,12207,MID-A0332654FC986704FFEC75D053012637,matching_id,fulfilled
aura_rsp,848,MNO-D,ORDER-6A2A30C382362B89DC85ECD1,ACCOUNT-e926d462bc1effcac14d2159,aura-smdpp.test,50dd0338e84791c3f1d630bf9e4838ac7f79760ba1d3fded74e5392c236d2aa4,download,1802455527,PROFILE-dcec51d622d89a14eeee,50dd0338e84791c3f1d630bf9e4838ac7f79760ba1d3fded74e5392c236d2aa4,12207,IAC-A32C1BCB5FB5C5E2661545F9E6E03CC0,I_ac,fulfilled
standard_rsp,849,MNO-B,ORDER-0218AD8A4A98B2E2F78B89A5,ACCOUNT-8ffe1db9ceec9dfd930d40cb,aura-smdpp.test,e8784cea951aa7df282ce2d643afc4419a8318573b3ca2c76869bf3f64341e16,download,1800749761,PROFILE-9d9188b98e1dbb2b5b7d,e8784cea951aa7df282ce2d643afc4419a8318573b3ca2c76869bf3f64341e16,12207,MID-E2FCFA81B4361B33C83964FBE2C5E2B0,matching_id,fulfilled
aura_rsp,849,MNO-B,ORDER-6A0BA803DC9357C521105311,ACCOUNT-740a9beaf040b791da9bd27b,aura-smdpp.test,e8784cea951aa7df282ce2d643afc4419a8318573b3ca2c76869bf3f64341e16,download,1800749761,PROFILE-9d9188b98e1dbb2b5b7d,e8784cea951aa7df282ce2d643afc4419a8318573b3ca2c76869bf3f64341e16,12207,IAC-353C3C5B74398D6948BAA5D27073D99A,I_ac,fulfilled
standard_rsp,850,MNO-A,ORDER-2339BD637EA445704CC3CB5A,ACCOUNT-64aae837fa0875ddce29a801,aura-smdpp.test,f06d62f10db757c7b8130587c952e764cc9ed74ba4b41d415d699740fbf36000,download,1800847292,PROFILE-cb97ef3f99479f2c4f98,f06d62f10db757c7b8130587c952e764cc9ed74ba4b41d415d699740fbf36000,12207,MID-8A96EB1A8BCB2697D035120D81431148,matching_id,fulfilled
aura_rsp,850,MNO-A,ORDER-819127B46305BF62821EF04B,ACCOUNT-3be284e232f3229001cde49c,aura-smdpp.test,f06d62f10db757c7b8130587c952e764cc9ed74ba4b41d415d699740fbf36000,download,1800847292,PROFILE-cb97ef3f99479f2c4f98,f06d62f10db757c7b8130587c952e764cc9ed74ba4b41d415d699740fbf36000,12207,IAC-B7623D96FF9AFE1A18E839C7B8E844BC,I_ac,fulfilled
standard_rsp,851,MNO-C,ORDER-8EFA84F885A8AC73D2EDFAF0,ACCOUNT-1a33c6b490a64d6a3d3fa0e1,aura-smdpp.test,9caa4bb4661f6e02ffbe287a748902eb97fc3b0313ada8bec644f31319efe0aa,download,1802574942,PROFILE-e6034aa82e569a94288c,9caa4bb4661f6e02ffbe287a748902eb97fc3b0313ada8bec644f31319efe0aa,12207,MID-A0EAA685EDA5D7375AB64C9CDA58B72A,matching_id,fulfilled
aura_rsp,851,MNO-C,ORDER-74F538228963E850DD899EDF,ACCOUNT-68d36c3a2d52565b1d8d29e7,aura-smdpp.test,9caa4bb4661f6e02ffbe287a748902eb97fc3b0313ada8bec644f31319efe0aa,download,1802574942,PROFILE-e6034aa82e569a94288c,9caa4bb4661f6e02ffbe287a748902eb97fc3b0313ada8bec644f31319efe0aa,12207,IAC-431A3DD1D361A0ADBD65D1F13249FAD2,I_ac,fulfilled
standard_rsp,852,MNO-B,ORDER-A2542FB9D3F4E2C4BA56C795,ACCOUNT-2a3234f5c287edcaed3cf99e,aura-smdpp.test,6f9392f76a4083b370d4473500323ef13d29829f230b72a0b98b6cfb84c7fe2f,download,1800180603,PROFILE-c179e2ad02c2017ba2fe,6f9392f76a4083b370d4473500323ef13d29829f230b72a0b98b6cfb84c7fe2f,12207,MID-B579D545772B9A4ACABF77AFD8249695,matching_id,fulfilled
aura_rsp,852,MNO-B,ORDER-89D16BF223313E40966DAA62,ACCOUNT-1f3958fa05ebbc175a88a03c,aura-smdpp.test,6f9392f76a4083b370d4473500323ef13d29829f230b72a0b98b6cfb84c7fe2f,download,1800180603,PROFILE-c179e2ad02c2017ba2fe,6f9392f76a4083b370d4473500323ef13d29829f230b72a0b98b6cfb84c7fe2f,12207,IAC-33BE5F3101E08D62A55F12B0F69435D0,I_ac,fulfilled
standard_rsp,853,MNO-D,ORDER-750BDB8B789325A7F90D3FBB,ACCOUNT-8cc70f8d1760fca675899571,aura-smdpp.test,e4db38c3a11a519f90224f502c3f9b98f5e16627de0d99afba5bbebabe1d0a81,download,1800094158,PROFILE-40d3fc9727fad30d0b83,e4db38c3a11a519f90224f502c3f9b98f5e16627de0d99afba5bbebabe1d0a81,12207,MID-7F1431F19D9DA1E9857021FF0BF59CAC,matching_id,fulfilled
aura_rsp,853,MNO-D,ORDER-0489F8ED0016CA987B303670,ACCOUNT-faaceb842a8f52d3532770e8,aura-smdpp.test,e4db38c3a11a519f90224f502c3f9b98f5e16627de0d99afba5bbebabe1d0a81,download,1800094158,PROFILE-40d3fc9727fad30d0b83,e4db38c3a11a519f90224f502c3f9b98f5e16627de0d99afba5bbebabe1d0a81,12207,IAC-89F1900D5D61BCEF47877CB932FF15A6,I_ac,fulfilled
standard_rsp,854,MNO-C,ORDER-C469F69554BE0976E8D385D8,ACCOUNT-8345f346e66c89ec6c2396b4,aura-smdpp.test,08f454892ee7fb98d5d340c136cf4facdfdbdb85a4c683ad75dfefb03986d70e,download,1800869949,PROFILE-ff586fafe562de7a3747,08f454892ee7fb98d5d340c136cf4facdfdbdb85a4c683ad75dfefb03986d70e,12207,MID-3B6AF67A64C2C9464177F8103FDAC9C7,matching_id,fulfilled
aura_rsp,854,MNO-C,ORDER-E16AB29A5E59338E2596B6DF,ACCOUNT-4e2478220f83075cbebcf6bc,aura-smdpp.test,08f454892ee7fb98d5d340c136cf4facdfdbdb85a4c683ad75dfefb03986d70e,download,1800869949,PROFILE-ff586fafe562de7a3747,08f454892ee7fb98d5d340c136cf4facdfdbdb85a4c683ad75dfefb03986d70e,12207,IAC-691DCF96C959658194A44BF82E1E4286,I_ac,fulfilled
standard_rsp,855,MNO-A,ORDER-887FF5C8D00079CBD47D67CC,ACCOUNT-e73edc67ef2910737d11ac09,aura-smdpp.test,93449a13c91a68509e170047903b875ec3943a734227b64af9973bb910009e20,download,1802256684,PROFILE-01019b274f460b9ac191,93449a13c91a68509e170047903b875ec3943a734227b64af9973bb910009e20,12207,MID-886A7FD0F9F10C54C5E956B2539D1108,matching_id,fulfilled
aura_rsp,855,MNO-A,ORDER-32421BC3BD8E83E994AC735A,ACCOUNT-2f50861ea9cdf16bfccfcc3c,aura-smdpp.test,93449a13c91a68509e170047903b875ec3943a734227b64af9973bb910009e20,download,1802256684,PROFILE-01019b274f460b9ac191,93449a13c91a68509e170047903b875ec3943a734227b64af9973bb910009e20,12207,IAC-474919C3536345EEA3E797ADDD5873AB,I_ac,fulfilled
standard_rsp,856,MNO-A,ORDER-1197C2B281078BDC92CADA96,ACCOUNT-825ebc0fc9c52e6317573566,aura-smdpp.test,1e9af9004b09e855a56eab3a5397ee573150fac47b0350c4145f10a97eb7daaf,download,1800112599,PROFILE-40e7b503eae20933aad5,1e9af9004b09e855a56eab3a5397ee573150fac47b0350c4145f10a97eb7daaf,12207,MID-697530FB3A3F58117D3C4787833A4D18,matching_id,fulfilled
aura_rsp,856,MNO-A,ORDER-5D7B6DBEFC07CD8EA2BCDC4F,ACCOUNT-3737a522e273573af85eb2df,aura-smdpp.test,1e9af9004b09e855a56eab3a5397ee573150fac47b0350c4145f10a97eb7daaf,download,1800112599,PROFILE-40e7b503eae20933aad5,1e9af9004b09e855a56eab3a5397ee573150fac47b0350c4145f10a97eb7daaf,12207,IAC-DA053FC26BD08EA4D05ADFFF07DC954C,I_ac,fulfilled
standard_rsp,857,MNO-B,ORDER-AA8F522A40D6DD6E39464C8F,ACCOUNT-a4973817be00ca956c34e5a6,aura-smdpp.test,833e23d2b86f9ecd337a8a8dbb06dfb018414363bdb0146ea7d4173b740a2b54,download,1800846366,PROFILE-08b45a654b8d185258d2,833e23d2b86f9ecd337a8a8dbb06dfb018414363bdb0146ea7d4173b740a2b54,12207,MID-25C3DAD706337BE20D678129D22653B5,matching_id,fulfilled
aura_rsp,857,MNO-B,ORDER-DC4801450779C8235E3F509E,ACCOUNT-f5c9f4a635e4a113cb0ee943,aura-smdpp.test,833e23d2b86f9ecd337a8a8dbb06dfb018414363bdb0146ea7d4173b740a2b54,download,1800846366,PROFILE-08b45a654b8d185258d2,833e23d2b86f9ecd337a8a8dbb06dfb018414363bdb0146ea7d4173b740a2b54,12207,IAC-EFAC73DAAB65AC38B7B5A5DA872EEE23,I_ac,fulfilled
standard_rsp,858,MNO-A,ORDER-2D595E6A4325B9BD6A15EC8B,ACCOUNT-d7d1e47b5d67e9e3daf3a037,aura-smdpp.test,98e8181577c1138ec767b15ffb19219f5b44372efe27dc04b1c3ec279e8a6c82,download,1800323901,PROFILE-154e6b32d95ca9a57014,98e8181577c1138ec767b15ffb19219f5b44372efe27dc04b1c3ec279e8a6c82,12207,MID-AF71BA05F673DAA103411212F6C06D8A,matching_id,fulfilled
aura_rsp,858,MNO-A,ORDER-5811F8B14CCE3A7184982352,ACCOUNT-a9d7bf894a9dc8dc080aef73,aura-smdpp.test,98e8181577c1138ec767b15ffb19219f5b44372efe27dc04b1c3ec279e8a6c82,download,1800323901,PROFILE-154e6b32d95ca9a57014,98e8181577c1138ec767b15ffb19219f5b44372efe27dc04b1c3ec279e8a6c82,12207,IAC-55CD79AF26DF747E9597D800D9E68411,I_ac,fulfilled
standard_rsp,859,MNO-A,ORDER-F35A1CE8DFF0FFD9467C1D9A,ACCOUNT-b64d1bd5550c63daa34c9fe9,aura-smdpp.test,a7218499b3da40e66796f8ec34e87de3358773fcbab43c4de644e2a699fb9e23,download,1800890297,PROFILE-733e21984415da1eff9c,a7218499b3da40e66796f8ec34e87de3358773fcbab43c4de644e2a699fb9e23,12207,MID-0F8BCE116AB14DF900CB6259B1C6ADDF,matching_id,fulfilled
aura_rsp,859,MNO-A,ORDER-2F12AF1E607A214F00F0EC74,ACCOUNT-89079717c7d7dba6d42c869f,aura-smdpp.test,a7218499b3da40e66796f8ec34e87de3358773fcbab43c4de644e2a699fb9e23,download,1800890297,PROFILE-733e21984415da1eff9c,a7218499b3da40e66796f8ec34e87de3358773fcbab43c4de644e2a699fb9e23,12207,IAC-8E7C1ECE477492D660D62374681E5C27,I_ac,fulfilled
standard_rsp,860,MNO-A,ORDER-9D23F7C1304A54BF03ADBD61,ACCOUNT-75d6c38cb21e1bca20a33f1a,aura-smdpp.test,d746368aa219a8e6b4165715a16ed223a70a467cf7fb6817acacad6e77810bd2,download,1801813272,PROFILE-5f1a6d7ad2451805c15c,d746368aa219a8e6b4165715a16ed223a70a467cf7fb6817acacad6e77810bd2,12207,MID-4629B2BF16FEDBB35A0E278D099BBA16,matching_id,fulfilled
aura_rsp,860,MNO-A,ORDER-CC800D2C9A790FDA3B261FC8,ACCOUNT-976160f36f8302439417bf45,aura-smdpp.test,d746368aa219a8e6b4165715a16ed223a70a467cf7fb6817acacad6e77810bd2,download,1801813272,PROFILE-5f1a6d7ad2451805c15c,d746368aa219a8e6b4165715a16ed223a70a467cf7fb6817acacad6e77810bd2,12207,IAC-A276D8D70A939AD47AE83938FF3D8829,I_ac,fulfilled
standard_rsp,861,MNO-D,ORDER-354CFD4B6FCC6A10BE29D11A,ACCOUNT-88c28e7f5ce43904214c859c,aura-smdpp.test,57f6b791d3276afd1d7939d06cd19dd1a451c4acb829ff3030db0e93d7cd8b3b,download,1800985244,PROFILE-1e3cd732914638e19319,57f6b791d3276afd1d7939d06cd19dd1a451c4acb829ff3030db0e93d7cd8b3b,12207,MID-E5B4CC815C71E64E4BE2B0C62E25982D,matching_id,fulfilled
aura_rsp,861,MNO-D,ORDER-AB509F0E615F5F8083218568,ACCOUNT-f2309d8ee3388b569139c828,aura-smdpp.test,57f6b791d3276afd1d7939d06cd19dd1a451c4acb829ff3030db0e93d7cd8b3b,download,1800985244,PROFILE-1e3cd732914638e19319,57f6b791d3276afd1d7939d06cd19dd1a451c4acb829ff3030db0e93d7cd8b3b,12207,IAC-1979DFF699343F6FCAEA22C7C5D7BFFD,I_ac,fulfilled
standard_rsp,862,MNO-C,ORDER-3EDA68836699F6F36C5ADAAC,ACCOUNT-d6de840de8ad552bc4f6baa2,aura-smdpp.test,02bec1de0c9c2e789b3b83004f86575e5a493e0e9bc3e672bb2fd12747822fb7,download,1800008913,PROFILE-3cd5df82a4a112ef6d2e,02bec1de0c9c2e789b3b83004f86575e5a493e0e9bc3e672bb2fd12747822fb7,12207,MID-ABCB72E8B28A5EAA72EA97DCFF7B5052,matching_id,fulfilled
aura_rsp,862,MNO-C,ORDER-5A57D1BF5AB87FF351319527,ACCOUNT-8c2e6fd16c3c329fe487eb31,aura-smdpp.test,02bec1de0c9c2e789b3b83004f86575e5a493e0e9bc3e672bb2fd12747822fb7,download,1800008913,PROFILE-3cd5df82a4a112ef6d2e,02bec1de0c9c2e789b3b83004f86575e5a493e0e9bc3e672bb2fd12747822fb7,12207,IAC-1CAF988F89BFC37BB682AD8B095A06F3,I_ac,fulfilled
standard_rsp,863,MNO-A,ORDER-3FC67C3FC42AB0140D17803B,ACCOUNT-cc4563070b48e3c694aefecb,aura-smdpp.test,e47c4dcb44e754010857b00605a9f29f3da24ee34b768eceed16b0873c738cef,download,1801208098,PROFILE-d7e58e54308f99f62c97,e47c4dcb44e754010857b00605a9f29f3da24ee34b768eceed16b0873c738cef,12207,MID-2716F3E46BEA64ED2AA0AE73967CFA97,matching_id,fulfilled
aura_rsp,863,MNO-A,ORDER-EC4F45BE996AA7EED9F83A1F,ACCOUNT-718fa6e8a24271edbef3e3bc,aura-smdpp.test,e47c4dcb44e754010857b00605a9f29f3da24ee34b768eceed16b0873c738cef,download,1801208098,PROFILE-d7e58e54308f99f62c97,e47c4dcb44e754010857b00605a9f29f3da24ee34b768eceed16b0873c738cef,12207,IAC-37498A3CB13BBAADB2BDC90D920DF3C3,I_ac,fulfilled
standard_rsp,864,MNO-A,ORDER-B56A28CD651842823D3D3EAE,ACCOUNT-2f707bdd4ef7ed44a104e9f0,aura-smdpp.test,18d20fab0175b240886efa3aaad73f0f5002332e3b103dd8b71ec137d76b73f4,download,1800921205,PROFILE-f47063e8fb8d3f53795a,18d20fab0175b240886efa3aaad73f0f5002332e3b103dd8b71ec137d76b73f4,12207,MID-6B40AAFD5A5CD6F50391EC3DA4428A7C,matching_id,fulfilled
aura_rsp,864,MNO-A,ORDER-4B9EDC23E0BE0F6F89FCBCA8,ACCOUNT-249a6a69a05fbf55d72ed99c,aura-smdpp.test,18d20fab0175b240886efa3aaad73f0f5002332e3b103dd8b71ec137d76b73f4,download,1800921205,PROFILE-f47063e8fb8d3f53795a,18d20fab0175b240886efa3aaad73f0f5002332e3b103dd8b71ec137d76b73f4,12207,IAC-1AC0B8164ED2B9237BC26ECEA216C6B5,I_ac,fulfilled
standard_rsp,865,MNO-C,ORDER-471E9682BE55520A1FED6848,ACCOUNT-6a6f92f6425aa9825e18598a,aura-smdpp.test,73ec2860dd1213bde5f4f4c343d7f238a8ead79238651bc1a7522076e6e9c906,download,1802359548,PROFILE-a2fb68edbf836de0010b,73ec2860dd1213bde5f4f4c343d7f238a8ead79238651bc1a7522076e6e9c906,12207,MID-4E6484EF4CECC59247C7B9AC56B57B77,matching_id,fulfilled
aura_rsp,865,MNO-C,ORDER-CA0C524A14D2DA684C836244,ACCOUNT-2e407c1b8dd0ce8de0b8801d,aura-smdpp.test,73ec2860dd1213bde5f4f4c343d7f238a8ead79238651bc1a7522076e6e9c906,download,1802359548,PROFILE-a2fb68edbf836de0010b,73ec2860dd1213bde5f4f4c343d7f238a8ead79238651bc1a7522076e6e9c906,12207,IAC-5FABC8CB5D8B5035A573FCA7FE3FB140,I_ac,fulfilled
standard_rsp,866,MNO-B,ORDER-35E283994E47E7FA0B5C1BA0,ACCOUNT-16a658cfa9eb84ea01d17db3,aura-smdpp.test,020c7a0d46647542cf03006b866898cad894ec3f387eec7b7c3ae4b92d46ed04,download,1801338532,PROFILE-d4a92b01eb8c531a226c,020c7a0d46647542cf03006b866898cad894ec3f387eec7b7c3ae4b92d46ed04,12207,MID-1409DFA30D04870B8DD8F9E320F72020,matching_id,fulfilled
aura_rsp,866,MNO-B,ORDER-596875FD24A9C3B473B19C88,ACCOUNT-97ec492d459d21dd937eb361,aura-smdpp.test,020c7a0d46647542cf03006b866898cad894ec3f387eec7b7c3ae4b92d46ed04,download,1801338532,PROFILE-d4a92b01eb8c531a226c,020c7a0d46647542cf03006b866898cad894ec3f387eec7b7c3ae4b92d46ed04,12207,IAC-03C354B89F24E81CDBF00A5154660833,I_ac,fulfilled
standard_rsp,867,MNO-C,ORDER-4479561FB697B3AD6A61CF57,ACCOUNT-87f948bb8ba232836e688c18,aura-smdpp.test,5cca8c3dade693d73b3b57197c4acad34de22f4200250599713552a2e318428b,download,1802156076,PROFILE-78bb019b1c7395a1b19d,5cca8c3dade693d73b3b57197c4acad34de22f4200250599713552a2e318428b,12207,MID-508E87266BE29D47780BE9AE071D557F,matching_id,fulfilled
aura_rsp,867,MNO-C,ORDER-446584824A956C86371206FF,ACCOUNT-d2b01610dd4f6f8529f2002c,aura-smdpp.test,5cca8c3dade693d73b3b57197c4acad34de22f4200250599713552a2e318428b,download,1802156076,PROFILE-78bb019b1c7395a1b19d,5cca8c3dade693d73b3b57197c4acad34de22f4200250599713552a2e318428b,12207,IAC-763D330F3A9D0CF419C04D4C72003638,I_ac,fulfilled
standard_rsp,868,MNO-B,ORDER-9B5F71A08B0DE1EB170C8C37,ACCOUNT-05acf5c984439c26dea2383c,aura-smdpp.test,694e4e0048bde39dc57b1c16c4e415d3f691acccdf8e435d026aee4acd20317f,download,1801619373,PROFILE-e9cfb5b618dff356f0e2,694e4e0048bde39dc57b1c16c4e415d3f691acccdf8e435d026aee4acd20317f,12207,MID-9C501F6866D0BF36A2FC4B15E1D074EF,matching_id,fulfilled
aura_rsp,868,MNO-B,ORDER-6ED5D63FB5297F22F3D7E1A3,ACCOUNT-562bae5f938ed8c1f5bfc529,aura-smdpp.test,694e4e0048bde39dc57b1c16c4e415d3f691acccdf8e435d026aee4acd20317f,download,1801619373,PROFILE-e9cfb5b618dff356f0e2,694e4e0048bde39dc57b1c16c4e415d3f691acccdf8e435d026aee4acd20317f,12207,IAC-0390F8831C2088C70BCD046D181D6B21,I_ac,fulfilled
standard_rsp,869,MNO-B,ORDER-2D0C803F8497C53DDD8DCF6A,ACCOUNT-95e0c1adfcbe57527cd75bef,aura-smdpp.test,2e8d0c5beb2c3940d4436238b5ecd90557b6376847e6915ef49125074354df42,download,1800289026,PROFILE-1fe97cf97ec3278804f7,2e8d0c5beb2c3940d4436238b5ecd90557b6376847e6915ef49125074354df42,12207,MID-26212E62FE5E83FF8D251C9AA94C6295,matching_id,fulfilled
aura_rsp,869,MNO-B,ORDER-A8BE44DE397AF332D4EBA127,ACCOUNT-2e06f93a981f094a97931dd9,aura-smdpp.test,2e8d0c5beb2c3940d4436238b5ecd90557b6376847e6915ef49125074354df42,download,1800289026,PROFILE-1fe97cf97ec3278804f7,2e8d0c5beb2c3940d4436238b5ecd90557b6376847e6915ef49125074354df42,12207,IAC-13903AA6F18329F06CF01CBBB0FA72A7,I_ac,fulfilled
standard_rsp,870,MNO-A,ORDER-51DEF2BF5103BA968F06623E,ACCOUNT-27cce04f2aa31c93bc5da7bb,aura-smdpp.test,c2803ecb787b1cf43d6a172f603815a3e47ce2f1ab103d13507b5f4b32c87d12,download,1800286684,PROFILE-c9196ce55b5e652649ab,c2803ecb787b1cf43d6a172f603815a3e47ce2f1ab103d13507b5f4b32c87d12,12207,MID-2597C1E413B4FF5F4CFC34DFA2758686,matching_id,fulfilled
aura_rsp,870,MNO-A,ORDER-DD7F5CB853B1D71342260098,ACCOUNT-e041dca1e1f4e50445575159,aura-smdpp.test,c2803ecb787b1cf43d6a172f603815a3e47ce2f1ab103d13507b5f4b32c87d12,download,1800286684,PROFILE-c9196ce55b5e652649ab,c2803ecb787b1cf43d6a172f603815a3e47ce2f1ab103d13507b5f4b32c87d12,12207,IAC-BBDE5688EAFAFD3FE4F0FCD38FDC56E3,I_ac,fulfilled
standard_rsp,871,MNO-D,ORDER-A1B6C5F83A8D002F97258097,ACCOUNT-bbe82acc687b7b725a662ffe,aura-smdpp.test,9595c75c04e434222070a94eca063afd579b9f3bbaef040ff5874e155aed089e,download,1802064811,PROFILE-70f58f53253f852efa14,9595c75c04e434222070a94eca063afd579b9f3bbaef040ff5874e155aed089e,12207,MID-22F70136B7FB73B272AF51F2EC223FB6,matching_id,fulfilled
aura_rsp,871,MNO-D,ORDER-F61C2BBF5F48BDA678110FB5,ACCOUNT-f6eb3be7f898725220b640d8,aura-smdpp.test,9595c75c04e434222070a94eca063afd579b9f3bbaef040ff5874e155aed089e,download,1802064811,PROFILE-70f58f53253f852efa14,9595c75c04e434222070a94eca063afd579b9f3bbaef040ff5874e155aed089e,12207,IAC-5267EAD00D72AC8F797C44561A2F6342,I_ac,fulfilled
standard_rsp,872,MNO-A,ORDER-A58B00B713A5AF19B622CC01,ACCOUNT-e05a4e2d6659297cffe1f889,aura-smdpp.test,1846cfec4be985303b88d49f632cf65351541de7ac8dcb4c484b912cc3a6eab4,download,1802064765,PROFILE-b1893c85a38bfa662f66,1846cfec4be985303b88d49f632cf65351541de7ac8dcb4c484b912cc3a6eab4,12207,MID-446AF7E4071AB1B7509DBCB853B9883C,matching_id,fulfilled
aura_rsp,872,MNO-A,ORDER-9187B365F12E0977B9CDCC80,ACCOUNT-866c620da02bf1648380b673,aura-smdpp.test,1846cfec4be985303b88d49f632cf65351541de7ac8dcb4c484b912cc3a6eab4,download,1802064765,PROFILE-b1893c85a38bfa662f66,1846cfec4be985303b88d49f632cf65351541de7ac8dcb4c484b912cc3a6eab4,12207,IAC-1BDA796226B6E631DE60FC0690195603,I_ac,fulfilled
standard_rsp,873,MNO-B,ORDER-D72195FDF5BBBDD7067863C1,ACCOUNT-944301cfe69d85f65ae50239,aura-smdpp.test,4e7abe745f3fe7b666a9bfbbfcd362d8d69e41a8617759ca29871539ed443941,download,1800931797,PROFILE-99a214c711fd4c35a62d,4e7abe745f3fe7b666a9bfbbfcd362d8d69e41a8617759ca29871539ed443941,12207,MID-0D9892D891B8000E4C391BA21E3D2A00,matching_id,fulfilled
aura_rsp,873,MNO-B,ORDER-5E884224EB102DEDEAF14585,ACCOUNT-ee2193769f4fa51b09f1de07,aura-smdpp.test,4e7abe745f3fe7b666a9bfbbfcd362d8d69e41a8617759ca29871539ed443941,download,1800931797,PROFILE-99a214c711fd4c35a62d,4e7abe745f3fe7b666a9bfbbfcd362d8d69e41a8617759ca29871539ed443941,12207,IAC-8805438E9A43B265F2FA3AA32247123E,I_ac,fulfilled
standard_rsp,874,MNO-A,ORDER-6B3F90EC1E8290F565FBA669,ACCOUNT-c9cdfee8e54d4e4eb3b3b6c0,aura-smdpp.test,5154f932fed97184b448ebe2b72d23c2bc07591927dd6727a00ba3ec7d28497b,download,1801013076,PROFILE-3e4b57aa3d42bc2974b2,5154f932fed97184b448ebe2b72d23c2bc07591927dd6727a00ba3ec7d28497b,12207,MID-7A714668F869AA212BD8CA2B3F403B71,matching_id,fulfilled
aura_rsp,874,MNO-A,ORDER-D290895EEC73A401964AA8D0,ACCOUNT-11aad1b784233e148c62d04a,aura-smdpp.test,5154f932fed97184b448ebe2b72d23c2bc07591927dd6727a00ba3ec7d28497b,download,1801013076,PROFILE-3e4b57aa3d42bc2974b2,5154f932fed97184b448ebe2b72d23c2bc07591927dd6727a00ba3ec7d28497b,12207,IAC-A436F821DE9BC7A1C54A09FA9B4AF9D8,I_ac,fulfilled
standard_rsp,875,MNO-C,ORDER-3A5DC2A967E409DE05508CD4,ACCOUNT-405565a61b82b7c5badd7b89,aura-smdpp.test,79b9974686a0079be76a0d2c7ac8d2f56cd2e5b9c15866cc924a8a6a882ec773,download,1801735476,PROFILE-9b5a1013a5855f71459a,79b9974686a0079be76a0d2c7ac8d2f56cd2e5b9c15866cc924a8a6a882ec773,12207,MID-9219AF4EB56D3AF44DF9B279204FD2CD,matching_id,fulfilled
aura_rsp,875,MNO-C,ORDER-01648D88CEA35923A08F2E1A,ACCOUNT-a6e7ba58d0cb3d8840561dc6,aura-smdpp.test,79b9974686a0079be76a0d2c7ac8d2f56cd2e5b9c15866cc924a8a6a882ec773,download,1801735476,PROFILE-9b5a1013a5855f71459a,79b9974686a0079be76a0d2c7ac8d2f56cd2e5b9c15866cc924a8a6a882ec773,12207,IAC-B96CB1C756572589B9BE185B327C0873,I_ac,fulfilled
standard_rsp,876,MNO-C,ORDER-132F01EA8145F58B27E63E93,ACCOUNT-baa0e9db763a916ae4439a1c,aura-smdpp.test,edb34143e186548fe3b1dc83610eea2aaab539ba672e2803944706fa56677b93,download,1801578512,PROFILE-2033548abd34185d5719,edb34143e186548fe3b1dc83610eea2aaab539ba672e2803944706fa56677b93,12207,MID-CDF93002AB8EBD33BE8973C6D61F35C8,matching_id,fulfilled
aura_rsp,876,MNO-C,ORDER-8B51F02F261E3CFB06234D64,ACCOUNT-0b717b854d75ce6469b7249d,aura-smdpp.test,edb34143e186548fe3b1dc83610eea2aaab539ba672e2803944706fa56677b93,download,1801578512,PROFILE-2033548abd34185d5719,edb34143e186548fe3b1dc83610eea2aaab539ba672e2803944706fa56677b93,12207,IAC-5F260C0BAE614F5A723C34415D9CA981,I_ac,fulfilled
standard_rsp,877,MNO-A,ORDER-F72FF898C9F7474DC2E8D40C,ACCOUNT-3e1721b0407d64ac6fadacbb,aura-smdpp.test,de142e07ecc6ebed0a7b8aeba7e367a1c1cc3ae7b500f6d09b9790925a881dba,download,1800569476,PROFILE-11114654a6805ebaf721,de142e07ecc6ebed0a7b8aeba7e367a1c1cc3ae7b500f6d09b9790925a881dba,12207,MID-D6831EC088F4AA2DC1B82040B0CDBBBF,matching_id,fulfilled
aura_rsp,877,MNO-A,ORDER-4B9DE2D7F59F9BAF31C38E30,ACCOUNT-d543bcb2a67980af3210d41b,aura-smdpp.test,de142e07ecc6ebed0a7b8aeba7e367a1c1cc3ae7b500f6d09b9790925a881dba,download,1800569476,PROFILE-11114654a6805ebaf721,de142e07ecc6ebed0a7b8aeba7e367a1c1cc3ae7b500f6d09b9790925a881dba,12207,IAC-3E37C57955C32B03936AFA74FB7158C6,I_ac,fulfilled
standard_rsp,878,MNO-A,ORDER-234B51AC123956D64C3ABA38,ACCOUNT-76a5d78554935603e0bf6f89,aura-smdpp.test,f3c3ef35c51f8eb931a99db6ba7218e065795205ad2b7586ee1bc6ea4f66e0f1,download,1802309345,PROFILE-6cb237d04c0f871383cd,f3c3ef35c51f8eb931a99db6ba7218e065795205ad2b7586ee1bc6ea4f66e0f1,12207,MID-FE4060D60AE8E9C9267CC74288EC4E2D,matching_id,fulfilled
aura_rsp,878,MNO-A,ORDER-E8658F8DFC4865A26CCEAC44,ACCOUNT-a69f327254712c40d72652f3,aura-smdpp.test,f3c3ef35c51f8eb931a99db6ba7218e065795205ad2b7586ee1bc6ea4f66e0f1,download,1802309345,PROFILE-6cb237d04c0f871383cd,f3c3ef35c51f8eb931a99db6ba7218e065795205ad2b7586ee1bc6ea4f66e0f1,12207,IAC-C0C57C029E942021F3DBAEB9A855D8C0,I_ac,fulfilled
standard_rsp,879,MNO-C,ORDER-BC128D06371E99448C7280F1,ACCOUNT-7ebd275d6e02b59461f2c8a4,aura-smdpp.test,33d82d91d23b3c8bf52a2670e7935053b2de85b5556a87ac970bf464870f932a,download,1801779664,PROFILE-ae7de6a64d2f753e05d1,33d82d91d23b3c8bf52a2670e7935053b2de85b5556a87ac970bf464870f932a,12207,MID-78D265B910F7B00B7AB8BAEE3499B541,matching_id,fulfilled
aura_rsp,879,MNO-C,ORDER-F70869E7D518B3100C65BEC4,ACCOUNT-5cde23997c3a42e21c7d10a8,aura-smdpp.test,33d82d91d23b3c8bf52a2670e7935053b2de85b5556a87ac970bf464870f932a,download,1801779664,PROFILE-ae7de6a64d2f753e05d1,33d82d91d23b3c8bf52a2670e7935053b2de85b5556a87ac970bf464870f932a,12207,IAC-25D404F2C50A548B58978DDD353497D9,I_ac,fulfilled
standard_rsp,880,MNO-B,ORDER-E9436FCED48B95959F8EC474,ACCOUNT-941faca2ae1e48171c2297a3,aura-smdpp.test,38a4df477fb661b3e000ceeff65d5909fac2c5c34ecca9d6f225d4686a1b62b7,download,1802507931,PROFILE-078d61d2446aa9d7fb58,38a4df477fb661b3e000ceeff65d5909fac2c5c34ecca9d6f225d4686a1b62b7,12207,MID-3D5892A6DE80FFD479036D1F917856D6,matching_id,fulfilled
aura_rsp,880,MNO-B,ORDER-19A58E0C74211D42806E9522,ACCOUNT-ec0a6a845ed08b2da3a16569,aura-smdpp.test,38a4df477fb661b3e000ceeff65d5909fac2c5c34ecca9d6f225d4686a1b62b7,download,1802507931,PROFILE-078d61d2446aa9d7fb58,38a4df477fb661b3e000ceeff65d5909fac2c5c34ecca9d6f225d4686a1b62b7,12207,IAC-1388321D9997AD4D702AF3463F9B5126,I_ac,fulfilled
standard_rsp,881,MNO-C,ORDER-37F6C902ECF63C2820C1B153,ACCOUNT-90bc381a00903fd9551af73b,aura-smdpp.test,af96b310c80d8073e7d6d708791c892d2ca54a5bf0516d75e69d85e89104a2d9,download,1800974072,PROFILE-4278709df13d81eedb96,af96b310c80d8073e7d6d708791c892d2ca54a5bf0516d75e69d85e89104a2d9,12207,MID-45D61F9DBF6F794C9151498BF9039C4D,matching_id,fulfilled
aura_rsp,881,MNO-C,ORDER-3C4DAFC2E7F88A4B8157FEEE,ACCOUNT-696c1b803e3110bd56157dee,aura-smdpp.test,af96b310c80d8073e7d6d708791c892d2ca54a5bf0516d75e69d85e89104a2d9,download,1800974072,PROFILE-4278709df13d81eedb96,af96b310c80d8073e7d6d708791c892d2ca54a5bf0516d75e69d85e89104a2d9,12207,IAC-A6E22D51D6650B3244D12932B95372F5,I_ac,fulfilled
standard_rsp,882,MNO-C,ORDER-EA563A0F797861C9F1AF7F82,ACCOUNT-a68f97d80b1afcca78781399,aura-smdpp.test,5a64f55f68cb1dbe311ab6b19b2ee4199640f12a97761e8bd1719ae63adbf964,download,1800498636,PROFILE-25e7d5bd17f01b659165,5a64f55f68cb1dbe311ab6b19b2ee4199640f12a97761e8bd1719ae63adbf964,12207,MID-68B26E294AEAD20342DB4FBA2030298B,matching_id,fulfilled
aura_rsp,882,MNO-C,ORDER-A95D18A5983C2BFBE86CE8E1,ACCOUNT-5d69943198f0eaf99c65fa49,aura-smdpp.test,5a64f55f68cb1dbe311ab6b19b2ee4199640f12a97761e8bd1719ae63adbf964,download,1800498636,PROFILE-25e7d5bd17f01b659165,5a64f55f68cb1dbe311ab6b19b2ee4199640f12a97761e8bd1719ae63adbf964,12207,IAC-378FCD5733C62E11886621A375B6723D,I_ac,fulfilled
standard_rsp,883,MNO-C,ORDER-7E7FDBB885CECB9BA9AE557B,ACCOUNT-25220681c60342f44838e687,aura-smdpp.test,58c81296a4502cd7618b67b5fe8393e46bdb85c88c60f94201944f953f2868d6,download,1801266475,PROFILE-5ef464b6b806fb18a928,58c81296a4502cd7618b67b5fe8393e46bdb85c88c60f94201944f953f2868d6,12207,MID-18B0DA0511CBCF6969782DFB54A9B8B5,matching_id,fulfilled
aura_rsp,883,MNO-C,ORDER-0DC42EEE9BE2FFD32195B361,ACCOUNT-679b0cc9050c130dbc22efb3,aura-smdpp.test,58c81296a4502cd7618b67b5fe8393e46bdb85c88c60f94201944f953f2868d6,download,1801266475,PROFILE-5ef464b6b806fb18a928,58c81296a4502cd7618b67b5fe8393e46bdb85c88c60f94201944f953f2868d6,12207,IAC-8FCE9010FEDC6754DC2898D2760DFC56,I_ac,fulfilled
standard_rsp,884,MNO-B,ORDER-B72DD2B2C006536DE964BCFB,ACCOUNT-43cfc7a22cbf1da8af7df275,aura-smdpp.test,a952e40fea4013d860a1f75e87eadb60d84b62c3b215978de8073e0a01e4dcd3,download,1801766969,PROFILE-33b2d166e40ab1984549,a952e40fea4013d860a1f75e87eadb60d84b62c3b215978de8073e0a01e4dcd3,12207,MID-8EB2C70BFDDEE473B3333AF426840ED3,matching_id,fulfilled
aura_rsp,884,MNO-B,ORDER-4EDD4FB16299D1135C403F86,ACCOUNT-b7a769558b0edeaac1646344,aura-smdpp.test,a952e40fea4013d860a1f75e87eadb60d84b62c3b215978de8073e0a01e4dcd3,download,1801766969,PROFILE-33b2d166e40ab1984549,a952e40fea4013d860a1f75e87eadb60d84b62c3b215978de8073e0a01e4dcd3,12207,IAC-B2BA0D547FC1A960A984AFED3D29BF49,I_ac,fulfilled
standard_rsp,885,MNO-A,ORDER-50507C623C03C9C8D8E7362D,ACCOUNT-cd39d9cfc465260320bbd072,aura-smdpp.test,d39a7388aa6f8ac0a7922f2994b2fa54ce981e0023d3dde672a02eb84cb7c7d6,download,1801269182,PROFILE-c7ad3b71210fd6ada0a7,d39a7388aa6f8ac0a7922f2994b2fa54ce981e0023d3dde672a02eb84cb7c7d6,12207,MID-0B8D666AED36335F63F7BCEF1207FB09,matching_id,fulfilled
aura_rsp,885,MNO-A,ORDER-693266C81B29DFBE7A2E4AA4,ACCOUNT-9a33c49dfc28dbef58d537f2,aura-smdpp.test,d39a7388aa6f8ac0a7922f2994b2fa54ce981e0023d3dde672a02eb84cb7c7d6,download,1801269182,PROFILE-c7ad3b71210fd6ada0a7,d39a7388aa6f8ac0a7922f2994b2fa54ce981e0023d3dde672a02eb84cb7c7d6,12207,IAC-FB613C942C0757B6B335D91C2B1B4046,I_ac,fulfilled
standard_rsp,886,MNO-A,ORDER-7498CBB579F17C1E81943A12,ACCOUNT-62c42f28c13e66fd779b68bb,aura-smdpp.test,3595683dfff25a848c464a72407e61675839ca273917903529720b5b7417c981,download,1801625573,PROFILE-b74818eec5ee002e4c05,3595683dfff25a848c464a72407e61675839ca273917903529720b5b7417c981,12207,MID-8DBB727D6165A38DE91D26AC87640AF2,matching_id,fulfilled
aura_rsp,886,MNO-A,ORDER-BA6BDE2FEB8244C3A409445D,ACCOUNT-65dacb5ec4df69df7612e678,aura-smdpp.test,3595683dfff25a848c464a72407e61675839ca273917903529720b5b7417c981,download,1801625573,PROFILE-b74818eec5ee002e4c05,3595683dfff25a848c464a72407e61675839ca273917903529720b5b7417c981,12207,IAC-B600A4CFD30B3899B4597E9382EB5BCA,I_ac,fulfilled
standard_rsp,887,MNO-B,ORDER-051FCCC52A1AE5C5769EFCC0,ACCOUNT-a12710e1d94149d6388ce040,aura-smdpp.test,3c12325f576fda0df7a33afd1dd689fa2ec952278a144a47f8894aed64840a78,download,1800384438,PROFILE-e4161c208e2ca81cea42,3c12325f576fda0df7a33afd1dd689fa2ec952278a144a47f8894aed64840a78,12207,MID-84260D05F26F2BAE0BC7AEF6E384FFE6,matching_id,fulfilled
aura_rsp,887,MNO-B,ORDER-BD39CFA6C4327A90D8C1E1C2,ACCOUNT-bbaa8d951b46ba6c6fd45a71,aura-smdpp.test,3c12325f576fda0df7a33afd1dd689fa2ec952278a144a47f8894aed64840a78,download,1800384438,PROFILE-e4161c208e2ca81cea42,3c12325f576fda0df7a33afd1dd689fa2ec952278a144a47f8894aed64840a78,12207,IAC-B9A4F9B0293DFBB919D2CB8664FE509B,I_ac,fulfilled
standard_rsp,888,MNO-A,ORDER-0F539E0F48B0AEE0CEA14CCD,ACCOUNT-0daad7b75b5f44abbb73b757,aura-smdpp.test,f7dd7fb0b6978ca23be5ecf4e334f094af4500fc227193b400c973fc2e022d9e,download,1800277970,PROFILE-a18f5096b1a8df2e912d,f7dd7fb0b6978ca23be5ecf4e334f094af4500fc227193b400c973fc2e022d9e,12207,MID-13085F058A75C2C5FDB8F0EC3697A321,matching_id,fulfilled
aura_rsp,888,MNO-A,ORDER-955C562F16C8C7C39EB62897,ACCOUNT-5f3b18ae0c947ea1e7600177,aura-smdpp.test,f7dd7fb0b6978ca23be5ecf4e334f094af4500fc227193b400c973fc2e022d9e,download,1800277970,PROFILE-a18f5096b1a8df2e912d,f7dd7fb0b6978ca23be5ecf4e334f094af4500fc227193b400c973fc2e022d9e,12207,IAC-127BC6C7DAFB6D275BC42A5823FB9600,I_ac,fulfilled
standard_rsp,889,MNO-D,ORDER-B5EAD008263FF9E65DCE68BF,ACCOUNT-39812e90864bd0ae8402468f,aura-smdpp.test,dba76d2924014f01acbae5087d63e5a5ed758097309fdaeebff2562731b8978d,download,1802126910,PROFILE-2d6023c2ccb2bbbbe0a2,dba76d2924014f01acbae5087d63e5a5ed758097309fdaeebff2562731b8978d,12207,MID-2806D7AE8EC1583C0F3259DAA50DF6A7,matching_id,fulfilled
aura_rsp,889,MNO-D,ORDER-582CA98E9E08CA1081D80F4B,ACCOUNT-09696563e26b9f22dde85ff3,aura-smdpp.test,dba76d2924014f01acbae5087d63e5a5ed758097309fdaeebff2562731b8978d,download,1802126910,PROFILE-2d6023c2ccb2bbbbe0a2,dba76d2924014f01acbae5087d63e5a5ed758097309fdaeebff2562731b8978d,12207,IAC-BCF7BB4DF7C612F0E4E3201398AFED0F,I_ac,fulfilled
standard_rsp,890,MNO-A,ORDER-0C90BFDF4E273CF7BD524BE8,ACCOUNT-b4f2ec71ac48b844d3954722,aura-smdpp.test,9f35d291dc51de03d26b7943232cc1c9954686f576297a3a0cba6c2dbd9ac35b,download,1802358567,PROFILE-903c585b7746c47f0669,9f35d291dc51de03d26b7943232cc1c9954686f576297a3a0cba6c2dbd9ac35b,12207,MID-DAE631895214BE04B31086FA7089EEE5,matching_id,fulfilled
aura_rsp,890,MNO-A,ORDER-7C1E217B032F05B800A697A8,ACCOUNT-a7820c5a6dd4cda867ccb1c3,aura-smdpp.test,9f35d291dc51de03d26b7943232cc1c9954686f576297a3a0cba6c2dbd9ac35b,download,1802358567,PROFILE-903c585b7746c47f0669,9f35d291dc51de03d26b7943232cc1c9954686f576297a3a0cba6c2dbd9ac35b,12207,IAC-9532572ED3E774AD90C21FA406F3B924,I_ac,fulfilled
standard_rsp,891,MNO-C,ORDER-14AF0C7A86E09ADD81DC7ADA,ACCOUNT-98314ce450223b726a3940b5,aura-smdpp.test,a3b6af8037ec072e8de4ad0a35341346c6189b7e42da9ab7673fa0de7db1a9f6,download,1800524967,PROFILE-f36941fd4a46fb6fe2b2,a3b6af8037ec072e8de4ad0a35341346c6189b7e42da9ab7673fa0de7db1a9f6,12207,MID-01F07E25A77D242E0FBEEAD32E0CDD4B,matching_id,fulfilled
aura_rsp,891,MNO-C,ORDER-F98E37A27FBD83A8215FEE49,ACCOUNT-d9f0b2ff584923196dcadc8d,aura-smdpp.test,a3b6af8037ec072e8de4ad0a35341346c6189b7e42da9ab7673fa0de7db1a9f6,download,1800524967,PROFILE-f36941fd4a46fb6fe2b2,a3b6af8037ec072e8de4ad0a35341346c6189b7e42da9ab7673fa0de7db1a9f6,12207,IAC-5C272BCF64FEE8E80C14723F10A58FF0,I_ac,fulfilled
standard_rsp,892,MNO-D,ORDER-E4D7848993BBB305683959E2,ACCOUNT-9a53545cac8e6bdadbc06afd,aura-smdpp.test,ab43d1fb038c363ee99ebf1afdf8f5ddab0a01bfe38afa17f5b90efc792da393,download,1800614315,PROFILE-580be0542542dfc4bac9,ab43d1fb038c363ee99ebf1afdf8f5ddab0a01bfe38afa17f5b90efc792da393,12207,MID-3024AC64DEFB472C6A41D9FC01719520,matching_id,fulfilled
aura_rsp,892,MNO-D,ORDER-71DF0C27EEC075CC4DF73DB7,ACCOUNT-d06306a9ed02d8dd4d1a9274,aura-smdpp.test,ab43d1fb038c363ee99ebf1afdf8f5ddab0a01bfe38afa17f5b90efc792da393,download,1800614315,PROFILE-580be0542542dfc4bac9,ab43d1fb038c363ee99ebf1afdf8f5ddab0a01bfe38afa17f5b90efc792da393,12207,IAC-F0799DC437A1DCE7BF09D69221A445B5,I_ac,fulfilled
standard_rsp,893,MNO-C,ORDER-1FE5E023C8E32D8B2CECEF06,ACCOUNT-3ef1fc25b7d4566933dc91bb,aura-smdpp.test,3f0a58892170a06875783dfeedd26bc89a2d7385b81aa4eed02a51feb4ec6b21,download,1801224527,PROFILE-145546daa6284bba9377,3f0a58892170a06875783dfeedd26bc89a2d7385b81aa4eed02a51feb4ec6b21,12207,MID-91A562D06391F39605510B44DED80F0D,matching_id,fulfilled
aura_rsp,893,MNO-C,ORDER-EDB2A96D362052BED0B41033,ACCOUNT-342b6c1749bd4888c1c6ca31,aura-smdpp.test,3f0a58892170a06875783dfeedd26bc89a2d7385b81aa4eed02a51feb4ec6b21,download,1801224527,PROFILE-145546daa6284bba9377,3f0a58892170a06875783dfeedd26bc89a2d7385b81aa4eed02a51feb4ec6b21,12207,IAC-02604499B309FC1186BE9B492243C0D1,I_ac,fulfilled
standard_rsp,894,MNO-D,ORDER-62930CC619F84184CB066D4B,ACCOUNT-cf03de02a70a3799cbf1c0d3,aura-smdpp.test,5a6a09d4c44b6698b167de719d36bc43d80ec6f44a7e479568d9fd5e3778aa41,download,1801351650,PROFILE-3edeb2e17c349eaf3d4c,5a6a09d4c44b6698b167de719d36bc43d80ec6f44a7e479568d9fd5e3778aa41,12207,MID-3E67EB19954E2DA5C41F3A9652E6A5A6,matching_id,fulfilled
aura_rsp,894,MNO-D,ORDER-3B26D4D0CE86A6A943C16F89,ACCOUNT-dbb922580b4ceb5516650232,aura-smdpp.test,5a6a09d4c44b6698b167de719d36bc43d80ec6f44a7e479568d9fd5e3778aa41,download,1801351650,PROFILE-3edeb2e17c349eaf3d4c,5a6a09d4c44b6698b167de719d36bc43d80ec6f44a7e479568d9fd5e3778aa41,12207,IAC-B71FB162A0C45308CE964757853C2215,I_ac,fulfilled
standard_rsp,895,MNO-D,ORDER-75EA03476902148F633B4ECA,ACCOUNT-dd5ad96d07f1bceb7e16ab82,aura-smdpp.test,b12e8267684ac99cdb0f5ffa2133c8a65f5074323452c511af4f8cfce035b537,download,1800026163,PROFILE-9798b72ab2ad4d08fefd,b12e8267684ac99cdb0f5ffa2133c8a65f5074323452c511af4f8cfce035b537,12207,MID-501A6BF439BBB3373A5288437C0B1847,matching_id,fulfilled
aura_rsp,895,MNO-D,ORDER-991E3D5E11C3951FCFD4D6A4,ACCOUNT-c884ec70441f646a4d2c604c,aura-smdpp.test,b12e8267684ac99cdb0f5ffa2133c8a65f5074323452c511af4f8cfce035b537,download,1800026163,PROFILE-9798b72ab2ad4d08fefd,b12e8267684ac99cdb0f5ffa2133c8a65f5074323452c511af4f8cfce035b537,12207,IAC-B96DD4FC4F5B365EB9DDCEDCFBE890E7,I_ac,fulfilled
standard_rsp,896,MNO-B,ORDER-24220B089824C1F29BB71879,ACCOUNT-e1e3f816a905c6f0b032e748,aura-smdpp.test,9feda6dc06bd1eb6fef1d475415f5eb6e84df0711c3c67b76822d443a63853e8,download,1800564525,PROFILE-3281126f2bacfc095bb5,9feda6dc06bd1eb6fef1d475415f5eb6e84df0711c3c67b76822d443a63853e8,12207,MID-6C04036D15F12E28940E17A2D28D1CCA,matching_id,fulfilled
aura_rsp,896,MNO-B,ORDER-CBB5F8BD22C40A5DCC828EFE,ACCOUNT-a3a1c96f0b9606e7e1cd679e,aura-smdpp.test,9feda6dc06bd1eb6fef1d475415f5eb6e84df0711c3c67b76822d443a63853e8,download,1800564525,PROFILE-3281126f2bacfc095bb5,9feda6dc06bd1eb6fef1d475415f5eb6e84df0711c3c67b76822d443a63853e8,12207,IAC-FA25782269C4ADA8F8C8EDD99E41A7B7,I_ac,fulfilled
standard_rsp,897,MNO-B,ORDER-6F6A08821198490411402FA8,ACCOUNT-755af815245b626ae21a80dd,aura-smdpp.test,6ca657b5ae615584fa6d5456fde26b4cd35d1f1abc7b2fcda362a0e45d90fd0c,download,1801187375,PROFILE-759f9aaec030725366e7,6ca657b5ae615584fa6d5456fde26b4cd35d1f1abc7b2fcda362a0e45d90fd0c,12207,MID-AB59839AD8425AE95B4E90E45CEB2DE1,matching_id,fulfilled
aura_rsp,897,MNO-B,ORDER-9C7E33955AD754F70D54FBDA,ACCOUNT-7af6257533f980c7919d59f7,aura-smdpp.test,6ca657b5ae615584fa6d5456fde26b4cd35d1f1abc7b2fcda362a0e45d90fd0c,download,1801187375,PROFILE-759f9aaec030725366e7,6ca657b5ae615584fa6d5456fde26b4cd35d1f1abc7b2fcda362a0e45d90fd0c,12207,IAC-036D9F95EF0F4E5ACE4987D135CBF88B,I_ac,fulfilled
standard_rsp,898,MNO-C,ORDER-79633385922ED923CE234E4F,ACCOUNT-2ef738d6165074065dd41c38,aura-smdpp.test,a1f7be1867ec63c5598280fe3d098012a92cb532c9e3d6e100445e46126473af,download,1800055716,PROFILE-7e737baff0934d71b1ca,a1f7be1867ec63c5598280fe3d098012a92cb532c9e3d6e100445e46126473af,12207,MID-DF2A8C470DC4104A90555A042CB421AD,matching_id,fulfilled
aura_rsp,898,MNO-C,ORDER-10B8ED184C26E38F50BADDA4,ACCOUNT-d2e4ec91037919e64983c726,aura-smdpp.test,a1f7be1867ec63c5598280fe3d098012a92cb532c9e3d6e100445e46126473af,download,1800055716,PROFILE-7e737baff0934d71b1ca,a1f7be1867ec63c5598280fe3d098012a92cb532c9e3d6e100445e46126473af,12207,IAC-12FFE8A0EBC8C082AA8C5CE263316BE5,I_ac,fulfilled
standard_rsp,899,MNO-A,ORDER-DACF4DDD0E794CC500DC00BB,ACCOUNT-acff33def3752845d74b2d66,aura-smdpp.test,a9a172399963ba4799ac35314e6c2c8e8901ae6d89fb055e497bc133ac9c32ff,download,1800851341,PROFILE-4617a9e5cc3f1fbc39a8,a9a172399963ba4799ac35314e6c2c8e8901ae6d89fb055e497bc133ac9c32ff,12207,MID-5883DD7B621F06A0A9CB62C8EC86D7CE,matching_id,fulfilled
aura_rsp,899,MNO-A,ORDER-3D98B5F566579463BD973EA8,ACCOUNT-ce4e0acc9d34d3c8fa83291d,aura-smdpp.test,a9a172399963ba4799ac35314e6c2c8e8901ae6d89fb055e497bc133ac9c32ff,download,1800851341,PROFILE-4617a9e5cc3f1fbc39a8,a9a172399963ba4799ac35314e6c2c8e8901ae6d89fb055e497bc133ac9c32ff,12207,IAC-948092930F9086392C4D699D47810CA6,I_ac,fulfilled
standard_rsp,900,MNO-A,ORDER-CA35817867EE1EE8B881A3AB,ACCOUNT-a1dd329ba554f35fd8f41ddb,aura-smdpp.test,521d499aa15ecbf4f2c690c06fc0099011bed1496c5a187d8629da385839ff52,download,1801985698,PROFILE-d199ced3c18c4bb063d1,521d499aa15ecbf4f2c690c06fc0099011bed1496c5a187d8629da385839ff52,12207,MID-0FC55944A127C8C62741E4A34FDF1F0E,matching_id,fulfilled
aura_rsp,900,MNO-A,ORDER-961EFDE21D0B533AD68EAB63,ACCOUNT-727730833999b7cdd9df276d,aura-smdpp.test,521d499aa15ecbf4f2c690c06fc0099011bed1496c5a187d8629da385839ff52,download,1801985698,PROFILE-d199ced3c18c4bb063d1,521d499aa15ecbf4f2c690c06fc0099011bed1496c5a187d8629da385839ff52,12207,IAC-2067A5500DA87A6A834F04E6A5A95117,I_ac,fulfilled
standard_rsp,901,MNO-C,ORDER-E7C7788302CD77539AD88EE4,ACCOUNT-062622e1c75696753bf51fc3,aura-smdpp.test,e08243cde3b850bb5eefb975569c2cb0f4f803d9a70aa8af5f7fb5ebc84c6438,download,1800593016,PROFILE-b6285aeb0d9561938c14,e08243cde3b850bb5eefb975569c2cb0f4f803d9a70aa8af5f7fb5ebc84c6438,12207,MID-EF07D176D2FF9AB8EB1FFF75B0EF6F08,matching_id,fulfilled
aura_rsp,901,MNO-C,ORDER-65770DAC006EE6A0DF55DCBE,ACCOUNT-776fbdcc324aa22ac4e97330,aura-smdpp.test,e08243cde3b850bb5eefb975569c2cb0f4f803d9a70aa8af5f7fb5ebc84c6438,download,1800593016,PROFILE-b6285aeb0d9561938c14,e08243cde3b850bb5eefb975569c2cb0f4f803d9a70aa8af5f7fb5ebc84c6438,12207,IAC-1410C4FBD9692A45DA3AB4B97B2253E2,I_ac,fulfilled
standard_rsp,902,MNO-D,ORDER-0922B0FCB3F3BD871E518C2A,ACCOUNT-efef5679abfa50b31b71409e,aura-smdpp.test,c8fde3502c6010b2eabde6f46da81bb580826c7f8d37db80ac883f89ed124385,download,1800722527,PROFILE-2b7383b152befc736561,c8fde3502c6010b2eabde6f46da81bb580826c7f8d37db80ac883f89ed124385,12207,MID-33AA7632E3CDB25524418320809BF73C,matching_id,fulfilled
aura_rsp,902,MNO-D,ORDER-3AB1F168A5A45DF45E4BAB57,ACCOUNT-9d0a72a143ae3437a932c975,aura-smdpp.test,c8fde3502c6010b2eabde6f46da81bb580826c7f8d37db80ac883f89ed124385,download,1800722527,PROFILE-2b7383b152befc736561,c8fde3502c6010b2eabde6f46da81bb580826c7f8d37db80ac883f89ed124385,12207,IAC-C6F5B376AC0EC70B67DC2BBFBD5B190A,I_ac,fulfilled
standard_rsp,903,MNO-B,ORDER-EAFFCF8B96CD7DAD54DF1C05,ACCOUNT-db5c16476ab8c7934386777c,aura-smdpp.test,8843ceee715e445e10e7b939a854875bc472a9c0868f47c86830ce14178d7a35,download,1801337348,PROFILE-5f4e3305936754254cfa,8843ceee715e445e10e7b939a854875bc472a9c0868f47c86830ce14178d7a35,12207,MID-64D002700D20E20F8AA08748A6A462A2,matching_id,fulfilled
aura_rsp,903,MNO-B,ORDER-6C47F6D9F1BB34F3EC2C5E59,ACCOUNT-bdd039efa13ae0898655cfe7,aura-smdpp.test,8843ceee715e445e10e7b939a854875bc472a9c0868f47c86830ce14178d7a35,download,1801337348,PROFILE-5f4e3305936754254cfa,8843ceee715e445e10e7b939a854875bc472a9c0868f47c86830ce14178d7a35,12207,IAC-A1D75B540438AFB27847651470C360F3,I_ac,fulfilled
standard_rsp,904,MNO-B,ORDER-6F125133FA440D8460D26941,ACCOUNT-eb517200c8e426d4a10f01e9,aura-smdpp.test,fd3b06189243ca0cd100daa7e4d3e253aed39ec0e7fd82703f6b7af78ea77455,download,1801558468,PROFILE-b4f72a24a5bb89a6dced,fd3b06189243ca0cd100daa7e4d3e253aed39ec0e7fd82703f6b7af78ea77455,12207,MID-1FE077E37D2AB0DA88C5376D186271AB,matching_id,fulfilled
aura_rsp,904,MNO-B,ORDER-88D238447BA809F533260080,ACCOUNT-62bc44c4c87eb7bfcc36f2e2,aura-smdpp.test,fd3b06189243ca0cd100daa7e4d3e253aed39ec0e7fd82703f6b7af78ea77455,download,1801558468,PROFILE-b4f72a24a5bb89a6dced,fd3b06189243ca0cd100daa7e4d3e253aed39ec0e7fd82703f6b7af78ea77455,12207,IAC-044918F6B86673CB97F8BF4E3F596711,I_ac,fulfilled
standard_rsp,905,MNO-D,ORDER-48EB43EC7C55FA2599795975,ACCOUNT-da2e1acfd400376c53c62a2a,aura-smdpp.test,38f33c683f426affcfd8ab3ebb6ddbae0d457b909fccf0447bb17eec3ce590f5,download,1802388336,PROFILE-baffc5363e7decc151a4,38f33c683f426affcfd8ab3ebb6ddbae0d457b909fccf0447bb17eec3ce590f5,12207,MID-D0CB5ADC6AC7FDF200DB7EE67CD18786,matching_id,fulfilled
aura_rsp,905,MNO-D,ORDER-E1AE36E876118F1ABAD9FBA2,ACCOUNT-6c4bfbe21fc5e966493c6b0a,aura-smdpp.test,38f33c683f426affcfd8ab3ebb6ddbae0d457b909fccf0447bb17eec3ce590f5,download,1802388336,PROFILE-baffc5363e7decc151a4,38f33c683f426affcfd8ab3ebb6ddbae0d457b909fccf0447bb17eec3ce590f5,12207,IAC-E149A9FB81C3CB09B6605B37AB2BAC9F,I_ac,fulfilled
standard_rsp,906,MNO-B,ORDER-BF348995453AB16D34D8DB36,ACCOUNT-4159e24a5a3959384f88738b,aura-smdpp.test,76bc8ea41290d7bffd2d05fb1bb22d7a2ad774de697816ac45ee0afde9562543,download,1801962805,PROFILE-40857fc43f7ce0e3589d,76bc8ea41290d7bffd2d05fb1bb22d7a2ad774de697816ac45ee0afde9562543,12207,MID-9550AC9754E6EFF93CF2BB475001A21D,matching_id,fulfilled
aura_rsp,906,MNO-B,ORDER-63FB39EB1B415D36BE9E06FD,ACCOUNT-9b5d4e62036e9564018a001c,aura-smdpp.test,76bc8ea41290d7bffd2d05fb1bb22d7a2ad774de697816ac45ee0afde9562543,download,1801962805,PROFILE-40857fc43f7ce0e3589d,76bc8ea41290d7bffd2d05fb1bb22d7a2ad774de697816ac45ee0afde9562543,12207,IAC-421756536E63D524012C2B1EF53FE86C,I_ac,fulfilled
standard_rsp,907,MNO-B,ORDER-EE5B4924149BDA5CBDF9D978,ACCOUNT-1a5d1c85a011f7e26390e484,aura-smdpp.test,1de49006dd6570006593664e350cd51efa5d4e6a70a979b7689ed73c3425d579,download,1801530470,PROFILE-dba971bf8ec4dc3f5c4b,1de49006dd6570006593664e350cd51efa5d4e6a70a979b7689ed73c3425d579,12207,MID-1D013EB18D1FE7A500E1466CB350F304,matching_id,fulfilled
aura_rsp,907,MNO-B,ORDER-3F4D7868F74A1E47B993875D,ACCOUNT-308e710ebc70cec4fc15c59e,aura-smdpp.test,1de49006dd6570006593664e350cd51efa5d4e6a70a979b7689ed73c3425d579,download,1801530470,PROFILE-dba971bf8ec4dc3f5c4b,1de49006dd6570006593664e350cd51efa5d4e6a70a979b7689ed73c3425d579,12207,IAC-9DF9EFB1EF7904C16C837C36C412BD37,I_ac,fulfilled
standard_rsp,908,MNO-B,ORDER-94B13DEE8E06166623B9EBB6,ACCOUNT-333605faf073e8543e6e3894,aura-smdpp.test,52f67cb25b7b18473443240b863e163dff059ffb5a6c03e3c9ce77f3f4064346,download,1802450110,PROFILE-0e3b9e395b328eb9256b,52f67cb25b7b18473443240b863e163dff059ffb5a6c03e3c9ce77f3f4064346,12207,MID-BAE4E5F2F9372E8D4B432BB675A999AA,matching_id,fulfilled
aura_rsp,908,MNO-B,ORDER-8BF5C242984741AD5AD0787B,ACCOUNT-d0d2f30f3d10383136c165b4,aura-smdpp.test,52f67cb25b7b18473443240b863e163dff059ffb5a6c03e3c9ce77f3f4064346,download,1802450110,PROFILE-0e3b9e395b328eb9256b,52f67cb25b7b18473443240b863e163dff059ffb5a6c03e3c9ce77f3f4064346,12207,IAC-B6A22624545BD2CB0E22727185F9604A,I_ac,fulfilled
standard_rsp,909,MNO-C,ORDER-5FC1A8A9C81B3F9CC799380E,ACCOUNT-175cd2787e36f457b169d0c0,aura-smdpp.test,e97b6d959968c380e50c32ef6f3c4fe4d3fcbcc8ac7601b8f2b495d2cc45636e,download,1800396329,PROFILE-0c9e4330dd3421b69ded,e97b6d959968c380e50c32ef6f3c4fe4d3fcbcc8ac7601b8f2b495d2cc45636e,12207,MID-757376C0AA4CBBC560B807B942F2858A,matching_id,fulfilled
aura_rsp,909,MNO-C,ORDER-72A80BFC535C2ED28BE5F9CB,ACCOUNT-e0e807bcf94016d85e2b744d,aura-smdpp.test,e97b6d959968c380e50c32ef6f3c4fe4d3fcbcc8ac7601b8f2b495d2cc45636e,download,1800396329,PROFILE-0c9e4330dd3421b69ded,e97b6d959968c380e50c32ef6f3c4fe4d3fcbcc8ac7601b8f2b495d2cc45636e,12207,IAC-2B828681991D2357B702C7529FB1BD68,I_ac,fulfilled
standard_rsp,910,MNO-D,ORDER-A286B9A0A65BE4B31CD3F570,ACCOUNT-f9d463bfdf08d44ae0ff6524,aura-smdpp.test,9030c7e52104d82fe2cbac5564dd162da9b48af216bb752eaa24aa9b51cf820f,download,1802022358,PROFILE-253836d8ffa31b7f3b31,9030c7e52104d82fe2cbac5564dd162da9b48af216bb752eaa24aa9b51cf820f,12207,MID-85514EF54DBFCB5736F18AEC1401DC97,matching_id,fulfilled
aura_rsp,910,MNO-D,ORDER-CA5C9AEFBFBABC6D9D113201,ACCOUNT-56883fea6dda86392a90f358,aura-smdpp.test,9030c7e52104d82fe2cbac5564dd162da9b48af216bb752eaa24aa9b51cf820f,download,1802022358,PROFILE-253836d8ffa31b7f3b31,9030c7e52104d82fe2cbac5564dd162da9b48af216bb752eaa24aa9b51cf820f,12207,IAC-E4B8CA56772EE4FF362E1F3240DCF1EB,I_ac,fulfilled
standard_rsp,911,MNO-B,ORDER-A82B47ECF7B53341A54AEBF9,ACCOUNT-a43c6fbf3675483e660a4f0f,aura-smdpp.test,c7a92ea994b8a8d024439fc9dc931354d7e6a43f35b39a59c1cbc3fcd5af7d8d,download,1801037928,PROFILE-65b0bf663cef75bfb778,c7a92ea994b8a8d024439fc9dc931354d7e6a43f35b39a59c1cbc3fcd5af7d8d,12207,MID-2401686F6D7205E843B3AC7EEE0ECE0A,matching_id,fulfilled
aura_rsp,911,MNO-B,ORDER-7F5BA8FAD0232C5175BE9D71,ACCOUNT-46e45b537cd980f1ab97ef1a,aura-smdpp.test,c7a92ea994b8a8d024439fc9dc931354d7e6a43f35b39a59c1cbc3fcd5af7d8d,download,1801037928,PROFILE-65b0bf663cef75bfb778,c7a92ea994b8a8d024439fc9dc931354d7e6a43f35b39a59c1cbc3fcd5af7d8d,12207,IAC-79AB366EDBAB3CEA2E75EDE10B22B0C4,I_ac,fulfilled
standard_rsp,912,MNO-B,ORDER-CBCC8A968BA0458FBE76C3F8,ACCOUNT-5062c54bb25d4c6791bb3b5c,aura-smdpp.test,9bf3b20c162244228407a7eee26493350fef33c1f2dca645559d897ed114a1ab,download,1800420765,PROFILE-acbdff3088658d5565e7,9bf3b20c162244228407a7eee26493350fef33c1f2dca645559d897ed114a1ab,12207,MID-8F259454E311B04D275EEDBF887A5773,matching_id,fulfilled
aura_rsp,912,MNO-B,ORDER-5EBE8184299EA9A0AC1DA1F8,ACCOUNT-7ce68a1da051b5c1f2ac0022,aura-smdpp.test,9bf3b20c162244228407a7eee26493350fef33c1f2dca645559d897ed114a1ab,download,1800420765,PROFILE-acbdff3088658d5565e7,9bf3b20c162244228407a7eee26493350fef33c1f2dca645559d897ed114a1ab,12207,IAC-D993B8FC3E904BF9B256F7DC8FC3DD4A,I_ac,fulfilled
standard_rsp,913,MNO-C,ORDER-C032F114083045629BBB1392,ACCOUNT-db3a485d3079ea77605767f6,aura-smdpp.test,b90bb760e847cd719f1978a82f36087c659722257659d3a4b82df5b3c4e69dba,download,1800009321,PROFILE-bb6b5a2eff898e870895,b90bb760e847cd719f1978a82f36087c659722257659d3a4b82df5b3c4e69dba,12207,MID-7F4B0AAC4FA018619757EAA895927DF4,matching_id,fulfilled
aura_rsp,913,MNO-C,ORDER-A1B1145DE46B9AEB97220F20,ACCOUNT-4e59f8d8bf013a713795cd18,aura-smdpp.test,b90bb760e847cd719f1978a82f36087c659722257659d3a4b82df5b3c4e69dba,download,1800009321,PROFILE-bb6b5a2eff898e870895,b90bb760e847cd719f1978a82f36087c659722257659d3a4b82df5b3c4e69dba,12207,IAC-A8B275BEDE140D0B2C953CA583C16CE0,I_ac,fulfilled
standard_rsp,914,MNO-A,ORDER-479D65DF29FB26BABD23CE18,ACCOUNT-59a71011897a8028eb795ee3,aura-smdpp.test,42ddedc95a56cad0df088f75910d635cc3d64ab825ddd55ffcca6228a04849c8,download,1800486398,PROFILE-e87327ab6d6487a7d5c7,42ddedc95a56cad0df088f75910d635cc3d64ab825ddd55ffcca6228a04849c8,12207,MID-601D295186BDC6BCAFD1F9DE199F5D7B,matching_id,fulfilled
aura_rsp,914,MNO-A,ORDER-F2E56FDDF04421F9EE2D7AD3,ACCOUNT-1d49f47ef09abd731ac3825f,aura-smdpp.test,42ddedc95a56cad0df088f75910d635cc3d64ab825ddd55ffcca6228a04849c8,download,1800486398,PROFILE-e87327ab6d6487a7d5c7,42ddedc95a56cad0df088f75910d635cc3d64ab825ddd55ffcca6228a04849c8,12207,IAC-DCFC0F3A3017C3867B2C1716DBF9760D,I_ac,fulfilled
standard_rsp,915,MNO-C,ORDER-1BEDBC24A5131B5AFE2B2DAC,ACCOUNT-333809400dfbaaaddb88f5b6,aura-smdpp.test,a16e297fd4f8800f170872676936a7ed265a2bcad648e40197f876077da40504,download,1801397629,PROFILE-5f057501989415cadfa6,a16e297fd4f8800f170872676936a7ed265a2bcad648e40197f876077da40504,12207,MID-B2957824CD8179207CF9F6084A45AE5A,matching_id,fulfilled
aura_rsp,915,MNO-C,ORDER-A654517D5EE02AB200558CB6,ACCOUNT-ddb7d2652f1c8f7726643358,aura-smdpp.test,a16e297fd4f8800f170872676936a7ed265a2bcad648e40197f876077da40504,download,1801397629,PROFILE-5f057501989415cadfa6,a16e297fd4f8800f170872676936a7ed265a2bcad648e40197f876077da40504,12207,IAC-BE2A6DAFFB4867CFEB3899ECE123A1A4,I_ac,fulfilled
standard_rsp,916,MNO-B,ORDER-70AE84419C45900937B3BBF3,ACCOUNT-fe7e5798000097f528b35ffc,aura-smdpp.test,f357fdfbdee105fef9ac9a89093fc6761d322423f02ff4913f4c3f643818d276,download,1800394347,PROFILE-21dc062fceed04939e74,f357fdfbdee105fef9ac9a89093fc6761d322423f02ff4913f4c3f643818d276,12207,MID-2D60AF2AFCEA88FC383C53D0166A2536,matching_id,fulfilled
aura_rsp,916,MNO-B,ORDER-D22B96853ADCF61334EFA3F9,ACCOUNT-5377756bf2b6d82ee9907af2,aura-smdpp.test,f357fdfbdee105fef9ac9a89093fc6761d322423f02ff4913f4c3f643818d276,download,1800394347,PROFILE-21dc062fceed04939e74,f357fdfbdee105fef9ac9a89093fc6761d322423f02ff4913f4c3f643818d276,12207,IAC-39512CB3D17E77780EE1D12515092AD7,I_ac,fulfilled
standard_rsp,917,MNO-C,ORDER-A0A5D000E4B9934190D7E682,ACCOUNT-ccf016c4430e0320959445ac,aura-smdpp.test,a361c99f38ec19aa762587cd2e9b604c6450794fead14c202b14df3193aa20a1,download,1801952930,PROFILE-99bae895063da6495c39,a361c99f38ec19aa762587cd2e9b604c6450794fead14c202b14df3193aa20a1,12207,MID-A24DBCD4D00ED6B4CDCFCB5957325EA2,matching_id,fulfilled
aura_rsp,917,MNO-C,ORDER-452ED5F3E8CAEBC3E3B199C3,ACCOUNT-0eb32137b211136164d4232a,aura-smdpp.test,a361c99f38ec19aa762587cd2e9b604c6450794fead14c202b14df3193aa20a1,download,1801952930,PROFILE-99bae895063da6495c39,a361c99f38ec19aa762587cd2e9b604c6450794fead14c202b14df3193aa20a1,12207,IAC-573745C7322DF43ADB429C891C773C18,I_ac,fulfilled
standard_rsp,918,MNO-D,ORDER-A0A94C7E9CC8B183ED2F2FB6,ACCOUNT-f777af8104cc1f29db215a95,aura-smdpp.test,a705f226119e23d25db3d8cad141810711cfc4874d93598c290243dd464a57c3,download,1800180708,PROFILE-c4cbbd6d4441b2b01e96,a705f226119e23d25db3d8cad141810711cfc4874d93598c290243dd464a57c3,12207,MID-9FBB289E45F3898A7AE3B4186CB24486,matching_id,fulfilled
aura_rsp,918,MNO-D,ORDER-EEE9D78A39F1925589C813CF,ACCOUNT-33c4750966d5d28be9f38cdf,aura-smdpp.test,a705f226119e23d25db3d8cad141810711cfc4874d93598c290243dd464a57c3,download,1800180708,PROFILE-c4cbbd6d4441b2b01e96,a705f226119e23d25db3d8cad141810711cfc4874d93598c290243dd464a57c3,12207,IAC-2AD9D1A13F52A3592132E4C69833BA4C,I_ac,fulfilled
standard_rsp,919,MNO-A,ORDER-8FD9EB8BF8649BE0B870081D,ACCOUNT-f6e685be716e3203671ce666,aura-smdpp.test,46016370b618cd9eed5b9d95f8356db24936781f098a4d6039cbeb0258608029,download,1802507825,PROFILE-92d1d8e6c7c18e21e86b,46016370b618cd9eed5b9d95f8356db24936781f098a4d6039cbeb0258608029,12207,MID-76679AF542EF4075A4AC0C0D5BAC0106,matching_id,fulfilled
aura_rsp,919,MNO-A,ORDER-82E54D70D8355CBB44CAF198,ACCOUNT-e9d80a0fbef3060f200bf241,aura-smdpp.test,46016370b618cd9eed5b9d95f8356db24936781f098a4d6039cbeb0258608029,download,1802507825,PROFILE-92d1d8e6c7c18e21e86b,46016370b618cd9eed5b9d95f8356db24936781f098a4d6039cbeb0258608029,12207,IAC-775E6218E2C31F769825404CC9CF10AD,I_ac,fulfilled
standard_rsp,920,MNO-A,ORDER-145BD83C72F1273933E74F9C,ACCOUNT-5018001347e6eb311b443818,aura-smdpp.test,0ba204a856f9498836d987fa22f2ec4720e7c726ca1905529ffb4860e282a223,download,1800919080,PROFILE-240e71a5d9ea218d5948,0ba204a856f9498836d987fa22f2ec4720e7c726ca1905529ffb4860e282a223,12207,MID-F76C94A3E0D731BCC5CC389988046AF8,matching_id,fulfilled
aura_rsp,920,MNO-A,ORDER-DF9DFDE782D9F0C199D82BD1,ACCOUNT-6f62a4e95810e8ea5e5a8b4a,aura-smdpp.test,0ba204a856f9498836d987fa22f2ec4720e7c726ca1905529ffb4860e282a223,download,1800919080,PROFILE-240e71a5d9ea218d5948,0ba204a856f9498836d987fa22f2ec4720e7c726ca1905529ffb4860e282a223,12207,IAC-51F264C8854AFFC2A9211F45C349EFDF,I_ac,fulfilled
standard_rsp,921,MNO-A,ORDER-EEF622BDDBFB6C9A71E85611,ACCOUNT-5c7f512950aab5e29144fe8b,aura-smdpp.test,17cc81edd4507ca053c75b7ea273014cc2c25cb54d2a7bbf1e341735f4b465c4,download,1801520449,PROFILE-70e67f8db742229a5d6a,17cc81edd4507ca053c75b7ea273014cc2c25cb54d2a7bbf1e341735f4b465c4,12207,MID-E7CD743700B186F038D70FB053BAAAE8,matching_id,fulfilled
aura_rsp,921,MNO-A,ORDER-E56F195F0A9F1E123A881327,ACCOUNT-85deb2dada279ae69ba8c999,aura-smdpp.test,17cc81edd4507ca053c75b7ea273014cc2c25cb54d2a7bbf1e341735f4b465c4,download,1801520449,PROFILE-70e67f8db742229a5d6a,17cc81edd4507ca053c75b7ea273014cc2c25cb54d2a7bbf1e341735f4b465c4,12207,IAC-32FFF17C0CD4F08B371C9F3FC7567831,I_ac,fulfilled
standard_rsp,922,MNO-C,ORDER-4955B061B8785B535D7B55E3,ACCOUNT-b13a2625bd52d2260300d804,aura-smdpp.test,e6d60865ac2850b3a43913331842413f68b92b4dafc1865c7d6b8e6b5f8e4d09,download,1800345890,PROFILE-cf05703a89d83791b7d6,e6d60865ac2850b3a43913331842413f68b92b4dafc1865c7d6b8e6b5f8e4d09,12207,MID-E97CF8AE328273847BCE07698A4C1376,matching_id,fulfilled
aura_rsp,922,MNO-C,ORDER-8DBB6A5DF4F7308F0191B44C,ACCOUNT-0d8e30e4855ce522eef3a81b,aura-smdpp.test,e6d60865ac2850b3a43913331842413f68b92b4dafc1865c7d6b8e6b5f8e4d09,download,1800345890,PROFILE-cf05703a89d83791b7d6,e6d60865ac2850b3a43913331842413f68b92b4dafc1865c7d6b8e6b5f8e4d09,12207,IAC-793600FBFEDA52D277D11AEEEB26CDCB,I_ac,fulfilled
standard_rsp,923,MNO-D,ORDER-A7C35205EC99A1A608B57F1D,ACCOUNT-f78b3a20bf94a074fd1fcde4,aura-smdpp.test,4bbb647f40137f233acefbe57bb4cbad8b313530343a865a8f5d844345458619,download,1800235300,PROFILE-0d2306411a45c53e9ffe,4bbb647f40137f233acefbe57bb4cbad8b313530343a865a8f5d844345458619,12207,MID-F46051EAD4EA0B9E215DCC7BCCF75FCA,matching_id,fulfilled
aura_rsp,923,MNO-D,ORDER-04E1787BB74B6B3219C54534,ACCOUNT-c3960bd849e76a88c956f7b7,aura-smdpp.test,4bbb647f40137f233acefbe57bb4cbad8b313530343a865a8f5d844345458619,download,1800235300,PROFILE-0d2306411a45c53e9ffe,4bbb647f40137f233acefbe57bb4cbad8b313530343a865a8f5d844345458619,12207,IAC-816F70738DE56A081326143CFE70E3B5,I_ac,fulfilled
standard_rsp,924,MNO-B,ORDER-A58BD5E6D615562D15FBD82C,ACCOUNT-5d40cdb5e502a71f425164c2,aura-smdpp.test,9d3a0a3a58b13ddb3c4a888a1667cb409c3e565875d9bd161e2236112906a968,download,1801456458,PROFILE-7ddf8c018a25910b4bdd,9d3a0a3a58b13ddb3c4a888a1667cb409c3e565875d9bd161e2236112906a968,12207,MID-D8EE8D8D96A560B1160D5015FE73880C,matching_id,fulfilled
aura_rsp,924,MNO-B,ORDER-A517644C6493B70D39C89458,ACCOUNT-dc7d3204c0ac4c9fde1be3ce,aura-smdpp.test,9d3a0a3a58b13ddb3c4a888a1667cb409c3e565875d9bd161e2236112906a968,download,1801456458,PROFILE-7ddf8c018a25910b4bdd,9d3a0a3a58b13ddb3c4a888a1667cb409c3e565875d9bd161e2236112906a968,12207,IAC-9B5458C6266B8F9FFAEBA94088501A95,I_ac,fulfilled
standard_rsp,925,MNO-C,ORDER-73CDE476A59A0BD44547AD46,ACCOUNT-85b428da9257b56401129300,aura-smdpp.test,ae697f20123e232bcc83be15bda42418c61be13bf895dcff22fd502eebebaac9,download,1800335221,PROFILE-7dc4f68ff75fa1234497,ae697f20123e232bcc83be15bda42418c61be13bf895dcff22fd502eebebaac9,12207,MID-61369966D11844170B52D829CAB73B34,matching_id,fulfilled
aura_rsp,925,MNO-C,ORDER-8C6D1E46B964B3F9CC6FD4E3,ACCOUNT-068386e61b851c92f1d297c5,aura-smdpp.test,ae697f20123e232bcc83be15bda42418c61be13bf895dcff22fd502eebebaac9,download,1800335221,PROFILE-7dc4f68ff75fa1234497,ae697f20123e232bcc83be15bda42418c61be13bf895dcff22fd502eebebaac9,12207,IAC-9A4608A773BB03992B337C1AED0B4E66,I_ac,fulfilled
standard_rsp,926,MNO-C,ORDER-2D95C7C5150EBB5A4ECD97D4,ACCOUNT-f13fe5d220ea2d5575e2418b,aura-smdpp.test,491153f22a7c9d1b8c0ce1c03264a21026fd0e7040ef9899f1cd3947af87ecc0,download,1801158315,PROFILE-ec9474b43c65267b8f22,491153f22a7c9d1b8c0ce1c03264a21026fd0e7040ef9899f1cd3947af87ecc0,12207,MID-074570E351B57656FDBD5CA35AF24E52,matching_id,fulfilled
aura_rsp,926,MNO-C,ORDER-05231A5AD01826DFF1FF84B0,ACCOUNT-316c378bab0bf0220eacc2a8,aura-smdpp.test,491153f22a7c9d1b8c0ce1c03264a21026fd0e7040ef9899f1cd3947af87ecc0,download,1801158315,PROFILE-ec9474b43c65267b8f22,491153f22a7c9d1b8c0ce1c03264a21026fd0e7040ef9899f1cd3947af87ecc0,12207,IAC-3893FE6ABEA14A945A7758072907C074,I_ac,fulfilled
standard_rsp,927,MNO-D,ORDER-92AFB79E352C6C9767901D44,ACCOUNT-c0b71673956b8fe47a85f90b,aura-smdpp.test,0f6476e7160c83ff32906bfca280b9acdf683e8f32304bc7c2b0200d0fb2756c,download,1800246940,PROFILE-0368e717cc755ef49dac,0f6476e7160c83ff32906bfca280b9acdf683e8f32304bc7c2b0200d0fb2756c,12207,MID-B5C7B4DA00F1B1E37650B516389DD68C,matching_id,fulfilled
aura_rsp,927,MNO-D,ORDER-DC59B1F6DEA5DBB0CB9AE6B3,ACCOUNT-4d94052ff3742f828389a739,aura-smdpp.test,0f6476e7160c83ff32906bfca280b9acdf683e8f32304bc7c2b0200d0fb2756c,download,1800246940,PROFILE-0368e717cc755ef49dac,0f6476e7160c83ff32906bfca280b9acdf683e8f32304bc7c2b0200d0fb2756c,12207,IAC-AF70D8F0FAAD447450F501E64B76EE21,I_ac,fulfilled
standard_rsp,928,MNO-A,ORDER-6F5190DF68F4C44F1E95DE89,ACCOUNT-9ed671ce9392a35ac4c95aef,aura-smdpp.test,35115c6fbadba7ce1ccf38718ea6c4f7743946a792f9180e42cacef27fc0ecaf,download,1800416074,PROFILE-715e02da52356e2f5a5d,35115c6fbadba7ce1ccf38718ea6c4f7743946a792f9180e42cacef27fc0ecaf,12207,MID-1EBE34F329D9AAAA3013AF67BCE4FC6D,matching_id,fulfilled
aura_rsp,928,MNO-A,ORDER-47F7FD274092124B0CA7E07D,ACCOUNT-68a5f4c8f0c8924da8f2f54b,aura-smdpp.test,35115c6fbadba7ce1ccf38718ea6c4f7743946a792f9180e42cacef27fc0ecaf,download,1800416074,PROFILE-715e02da52356e2f5a5d,35115c6fbadba7ce1ccf38718ea6c4f7743946a792f9180e42cacef27fc0ecaf,12207,IAC-013D316A9A5C8D0C527DF6420EBDF310,I_ac,fulfilled
standard_rsp,929,MNO-A,ORDER-C7C7C443CC29B5BA35633700,ACCOUNT-dd69443553026f510145e7f2,aura-smdpp.test,e57c2f2e4721f4a787d12feda44521244eaba5ff7dd9026d4b780bef88181149,download,1800610056,PROFILE-917c3aeef516e9b811bb,e57c2f2e4721f4a787d12feda44521244eaba5ff7dd9026d4b780bef88181149,12207,MID-0C9B79C9D7435AD3A7F10F55B32A977F,matching_id,fulfilled
aura_rsp,929,MNO-A,ORDER-14D94731BED7FD46455F38D1,ACCOUNT-63e9b444bfe67b43a6b4b7a7,aura-smdpp.test,e57c2f2e4721f4a787d12feda44521244eaba5ff7dd9026d4b780bef88181149,download,1800610056,PROFILE-917c3aeef516e9b811bb,e57c2f2e4721f4a787d12feda44521244eaba5ff7dd9026d4b780bef88181149,12207,IAC-D6AE8232D2C632EAB8C2B3C27A3956D0,I_ac,fulfilled
standard_rsp,930,MNO-B,ORDER-326385D5B5E45750862423B0,ACCOUNT-df2ae173dc910a521181ad63,aura-smdpp.test,9d75b9df08f62a53e713b28529e2b549a7d38c9eded193f5dfdd824cf582ed10,download,1800924852,PROFILE-7d567bd7be7d1be6b6f2,9d75b9df08f62a53e713b28529e2b549a7d38c9eded193f5dfdd824cf582ed10,12207,MID-CA6734EC76DEB74455AD95D945BA22DB,matching_id,fulfilled
aura_rsp,930,MNO-B,ORDER-BE1BB3F53E985005554B93B0,ACCOUNT-1a6af8e44cab95d036c2c1f3,aura-smdpp.test,9d75b9df08f62a53e713b28529e2b549a7d38c9eded193f5dfdd824cf582ed10,download,1800924852,PROFILE-7d567bd7be7d1be6b6f2,9d75b9df08f62a53e713b28529e2b549a7d38c9eded193f5dfdd824cf582ed10,12207,IAC-62168D17DABEFD37EA8CDBF94075BE03,I_ac,fulfilled
standard_rsp,931,MNO-D,ORDER-48545E3068049357263C19AD,ACCOUNT-d755576c41bff97af0403b76,aura-smdpp.test,1ba72e86dae69c3448b5786e1be73eb8333543637271c67a0de84e026a6bfdaa,download,1802570479,PROFILE-f86a5f1ee49d2c34c9df,1ba72e86dae69c3448b5786e1be73eb8333543637271c67a0de84e026a6bfdaa,12207,MID-5A670ED24B81BE5D4F235B580219A936,matching_id,fulfilled
aura_rsp,931,MNO-D,ORDER-BF16F693AF3312EC0F34763E,ACCOUNT-c8bf94fa5421ad3abb9b7592,aura-smdpp.test,1ba72e86dae69c3448b5786e1be73eb8333543637271c67a0de84e026a6bfdaa,download,1802570479,PROFILE-f86a5f1ee49d2c34c9df,1ba72e86dae69c3448b5786e1be73eb8333543637271c67a0de84e026a6bfdaa,12207,IAC-0BFE30E065981E931489874259DFB1DF,I_ac,fulfilled
standard_rsp,932,MNO-C,ORDER-4725F1C9FE565B7A0EC0A474,ACCOUNT-35ce84d1290f138fb2af04c2,aura-smdpp.test,cc34df61143641693e46869bca15f5aabe47b9d08903c2bf99480e70f754a02d,download,1801561149,PROFILE-c07b0010dd785b1225c7,cc34df61143641693e46869bca15f5aabe47b9d08903c2bf99480e70f754a02d,12207,MID-530113D4F62328F9EC5753C577FC30A4,matching_id,fulfilled
aura_rsp,932,MNO-C,ORDER-1A29EF842214A4E0E68FB8BD,ACCOUNT-88f68103d5fccc3b418391a0,aura-smdpp.test,cc34df61143641693e46869bca15f5aabe47b9d08903c2bf99480e70f754a02d,download,1801561149,PROFILE-c07b0010dd785b1225c7,cc34df61143641693e46869bca15f5aabe47b9d08903c2bf99480e70f754a02d,12207,IAC-580A8BAB6C1FBD67F2962992B377A92D,I_ac,fulfilled
standard_rsp,933,MNO-D,ORDER-6431D90ACFC44B1CE895CF7F,ACCOUNT-786b6cb71441183639e6f0b5,aura-smdpp.test,37eaaa10385986e09831e20193062787952b007331de402b4684f00aeca93b8d,download,1801508327,PROFILE-eb0eb9d1c0ab5b114c45,37eaaa10385986e09831e20193062787952b007331de402b4684f00aeca93b8d,12207,MID-5289C16342970D44F6360A6785B511D3,matching_id,fulfilled
aura_rsp,933,MNO-D,ORDER-D150A3D11C53FEF609578D90,ACCOUNT-bcb4382cc522d6a7e0ff3f40,aura-smdpp.test,37eaaa10385986e09831e20193062787952b007331de402b4684f00aeca93b8d,download,1801508327,PROFILE-eb0eb9d1c0ab5b114c45,37eaaa10385986e09831e20193062787952b007331de402b4684f00aeca93b8d,12207,IAC-D2D814F819DBE59AECE8D27DFF9C1ED5,I_ac,fulfilled
standard_rsp,934,MNO-B,ORDER-9243808C3FF34AFCA14501A4,ACCOUNT-6422c9b2fd415587084681f8,aura-smdpp.test,1220bb4c9b46e2cb5fa51cb407ae626910c42d627ed8b060c02d533c49bc431c,download,1800772172,PROFILE-909850f25dc994e4f291,1220bb4c9b46e2cb5fa51cb407ae626910c42d627ed8b060c02d533c49bc431c,12207,MID-ECC203DE1CDADC04D587A3C286C7261A,matching_id,fulfilled
aura_rsp,934,MNO-B,ORDER-06E44C0C055880E5CC0639A4,ACCOUNT-a9209c8388c4738d7fc7062f,aura-smdpp.test,1220bb4c9b46e2cb5fa51cb407ae626910c42d627ed8b060c02d533c49bc431c,download,1800772172,PROFILE-909850f25dc994e4f291,1220bb4c9b46e2cb5fa51cb407ae626910c42d627ed8b060c02d533c49bc431c,12207,IAC-834C7259F1A34845C08AD49257285D63,I_ac,fulfilled
standard_rsp,935,MNO-B,ORDER-F3DFFCA8611221784CD4C703,ACCOUNT-ed37dfe56f2fbbf9ad4b10cd,aura-smdpp.test,54aa42a8385c79fb2fc43def80808462a7244062a9d079519dd487b3b270ea0c,download,1802215748,PROFILE-acea4d06b497ac7df00a,54aa42a8385c79fb2fc43def80808462a7244062a9d079519dd487b3b270ea0c,12207,MID-BE0990B2AACD79D0DC7E9370099326CB,matching_id,fulfilled
aura_rsp,935,MNO-B,ORDER-16A1BEA485055DB06B5FD7C7,ACCOUNT-d0387cede61ab31d59aef890,aura-smdpp.test,54aa42a8385c79fb2fc43def80808462a7244062a9d079519dd487b3b270ea0c,download,1802215748,PROFILE-acea4d06b497ac7df00a,54aa42a8385c79fb2fc43def80808462a7244062a9d079519dd487b3b270ea0c,12207,IAC-A581E9F20BD44E465A9A668F117E65C8,I_ac,fulfilled
standard_rsp,936,MNO-B,ORDER-E3C578650B53E6D4EE5E8FAD,ACCOUNT-bfd9bc8002dc778b9f6f2faa,aura-smdpp.test,cd8e84eb6d36ba6dd60b728386394d8e36d37d30fdbac8a0d0f24c26c0fdb675,download,1802527314,PROFILE-62f708c2796bd5bc8b10,cd8e84eb6d36ba6dd60b728386394d8e36d37d30fdbac8a0d0f24c26c0fdb675,12207,MID-4704741868F14199B33B364F3CA12E73,matching_id,fulfilled
aura_rsp,936,MNO-B,ORDER-3E929DF5461CD04373B91612,ACCOUNT-95ffbcaed723111351cc118b,aura-smdpp.test,cd8e84eb6d36ba6dd60b728386394d8e36d37d30fdbac8a0d0f24c26c0fdb675,download,1802527314,PROFILE-62f708c2796bd5bc8b10,cd8e84eb6d36ba6dd60b728386394d8e36d37d30fdbac8a0d0f24c26c0fdb675,12207,IAC-EECC8CF0DBD7202766D34F5F6008CC81,I_ac,fulfilled
standard_rsp,937,MNO-C,ORDER-0110746A8E06ABF9670740C6,ACCOUNT-05cab52c2e84e9f9d20e0a38,aura-smdpp.test,b35ac0cdd568a14d875088705e07439f60a479ebedbca1db800fac5865d6d861,download,1801563456,PROFILE-4da1d65bd8faa6a68fd3,b35ac0cdd568a14d875088705e07439f60a479ebedbca1db800fac5865d6d861,12207,MID-E9D70AA47A6904334F7E814A1961DD13,matching_id,fulfilled
aura_rsp,937,MNO-C,ORDER-5691783015960CDE7C6CFEC7,ACCOUNT-17954fe2b830d97e458db172,aura-smdpp.test,b35ac0cdd568a14d875088705e07439f60a479ebedbca1db800fac5865d6d861,download,1801563456,PROFILE-4da1d65bd8faa6a68fd3,b35ac0cdd568a14d875088705e07439f60a479ebedbca1db800fac5865d6d861,12207,IAC-5A9B89221C6111CABF685D444C180E4F,I_ac,fulfilled
standard_rsp,938,MNO-B,ORDER-1DC5353DB9D0B71F768E4562,ACCOUNT-f5a483a5a4805ea319d08b6a,aura-smdpp.test,968448825625059450d4e0cd7f2f223f9493959b217ff8d2fbf72035b4f67d3e,download,1801640819,PROFILE-bc74caa5d5c57f0b2b63,968448825625059450d4e0cd7f2f223f9493959b217ff8d2fbf72035b4f67d3e,12207,MID-4C48A4D1ACFFC6C0F2656635C0F1ACB0,matching_id,fulfilled
aura_rsp,938,MNO-B,ORDER-A9AF1A569C29B291D0A6A3C4,ACCOUNT-3e815fd8975f9264c22590c1,aura-smdpp.test,968448825625059450d4e0cd7f2f223f9493959b217ff8d2fbf72035b4f67d3e,download,1801640819,PROFILE-bc74caa5d5c57f0b2b63,968448825625059450d4e0cd7f2f223f9493959b217ff8d2fbf72035b4f67d3e,12207,IAC-D0C427454E2192900C03FA517FB6ED4A,I_ac,fulfilled
standard_rsp,939,MNO-C,ORDER-018AB703B66FA3086E8E33B0,ACCOUNT-fd3e1616f6a05ea049bafe36,aura-smdpp.test,709e2d0f90a3e99f4f2e6ac8cfcf5050880e7c4ea956799fd81744ec9c5432d3,download,1801495982,PROFILE-63633e9974eb30b17259,709e2d0f90a3e99f4f2e6ac8cfcf5050880e7c4ea956799fd81744ec9c5432d3,12207,MID-331CF53DE2A2472DA6B7E860C2BA810F,matching_id,fulfilled
aura_rsp,939,MNO-C,ORDER-E3FB921211252DA99855D0F9,ACCOUNT-f29f350161db728fe35df58e,aura-smdpp.test,709e2d0f90a3e99f4f2e6ac8cfcf5050880e7c4ea956799fd81744ec9c5432d3,download,1801495982,PROFILE-63633e9974eb30b17259,709e2d0f90a3e99f4f2e6ac8cfcf5050880e7c4ea956799fd81744ec9c5432d3,12207,IAC-D8E16DB66125530393B0C7D0A17AE7A8,I_ac,fulfilled
standard_rsp,940,MNO-B,ORDER-F5E25EC0C8EF10298887AB47,ACCOUNT-e7756e762e25352de8dd3222,aura-smdpp.test,60de765eb53ec2a411aec48504cd6d4634471f8f818764bba2fc4b1e3b524b38,download,1801650848,PROFILE-b3de5cf4dc3e14bdd302,60de765eb53ec2a411aec48504cd6d4634471f8f818764bba2fc4b1e3b524b38,12207,MID-D72851D2933B0D5D966614D3E8DD8BE8,matching_id,fulfilled
aura_rsp,940,MNO-B,ORDER-A14DF7F00D14AC1F22CCA380,ACCOUNT-bb047cb4d15a6f01537f4d4e,aura-smdpp.test,60de765eb53ec2a411aec48504cd6d4634471f8f818764bba2fc4b1e3b524b38,download,1801650848,PROFILE-b3de5cf4dc3e14bdd302,60de765eb53ec2a411aec48504cd6d4634471f8f818764bba2fc4b1e3b524b38,12207,IAC-7A7763621988417322E5B3DAE9484CC4,I_ac,fulfilled
standard_rsp,941,MNO-D,ORDER-EAB170AD7EB939D1B68FDA94,ACCOUNT-be08cbf7e6eb7dcd062c36f6,aura-smdpp.test,916784ec002db90e1acc88d502296bd168b732b6356abced082de0313a37830f,download,1801549274,PROFILE-8b04d6505fb77625dd31,916784ec002db90e1acc88d502296bd168b732b6356abced082de0313a37830f,12207,MID-319DFE2317B3351DCED19AAD31E9CB52,matching_id,fulfilled
aura_rsp,941,MNO-D,ORDER-33063D88ED274476CF9F5873,ACCOUNT-b76f931038958e11afddaf4f,aura-smdpp.test,916784ec002db90e1acc88d502296bd168b732b6356abced082de0313a37830f,download,1801549274,PROFILE-8b04d6505fb77625dd31,916784ec002db90e1acc88d502296bd168b732b6356abced082de0313a37830f,12207,IAC-A29650FAC128CA8AB312EE48DD1C0E99,I_ac,fulfilled
standard_rsp,942,MNO-A,ORDER-7B2A334BC1CBAB103B629D28,ACCOUNT-84fa1ae578c420024f29f5c0,aura-smdpp.test,2ac40b14246128f90624e4ac347cf09519d81a189bb9c1629f5ec71c1591a446,download,1800476757,PROFILE-d5f3a5c3d5e499854dc5,2ac40b14246128f90624e4ac347cf09519d81a189bb9c1629f5ec71c1591a446,12207,MID-4AE3A8CBD0A750A4FC59B54783EEA20B,matching_id,fulfilled
aura_rsp,942,MNO-A,ORDER-54ECCE6D03B678D55779B523,ACCOUNT-f43f21c54863019cc11902b8,aura-smdpp.test,2ac40b14246128f90624e4ac347cf09519d81a189bb9c1629f5ec71c1591a446,download,1800476757,PROFILE-d5f3a5c3d5e499854dc5,2ac40b14246128f90624e4ac347cf09519d81a189bb9c1629f5ec71c1591a446,12207,IAC-B3D9E885C97976C3A1D99C196ED054FB,I_ac,fulfilled
standard_rsp,943,MNO-A,ORDER-F9E86F600A0730F6D9148AE7,ACCOUNT-3f0087f8940a7a4377af7188,aura-smdpp.test,78647c50e5254386d1c343d8e712380998e0068d84dc2d60e2c0e46e2654a23f,download,1802426998,PROFILE-8ef4738d77eeb478138c,78647c50e5254386d1c343d8e712380998e0068d84dc2d60e2c0e46e2654a23f,12207,MID-BEEE8F2420CC7ACA5D7A64391E8A8A27,matching_id,fulfilled
aura_rsp,943,MNO-A,ORDER-C7562C2C201D887FD586CAB8,ACCOUNT-df5e03dfff5b9cbe4a3bd3ee,aura-smdpp.test,78647c50e5254386d1c343d8e712380998e0068d84dc2d60e2c0e46e2654a23f,download,1802426998,PROFILE-8ef4738d77eeb478138c,78647c50e5254386d1c343d8e712380998e0068d84dc2d60e2c0e46e2654a23f,12207,IAC-0651DC39F315AEF93255F18665559602,I_ac,fulfilled
standard_rsp,944,MNO-D,ORDER-9BDB6DA502EF2E8BDBF866B8,ACCOUNT-166279825d5b46d613175364,aura-smdpp.test,aedad066532396642c226d4230f92b44684e8f1d7807248c9817c92ea2a57ceb,download,1801068897,PROFILE-cd5bf28ea684ec4ab1c1,aedad066532396642c226d4230f92b44684e8f1d7807248c9817c92ea2a57ceb,12207,MID-8074E80B9B0DC0DFAE4AA0010B8DF79E,matching_id,fulfilled
aura_rsp,944,MNO-D,ORDER-7A7B47D30708AABEA74B9A29,ACCOUNT-431ff1fbe2a8ce2aa35b07e8,aura-smdpp.test,aedad066532396642c226d4230f92b44684e8f1d7807248c9817c92ea2a57ceb,download,1801068897,PROFILE-cd5bf28ea684ec4ab1c1,aedad066532396642c226d4230f92b44684e8f1d7807248c9817c92ea2a57ceb,12207,IAC-D6DCB6ABC066335A7C7FCA07E3BC6BF7,I_ac,fulfilled
standard_rsp,945,MNO-B,ORDER-B0EBBD912F96F8583CC8B1C1,ACCOUNT-c0fcf9d4fbfed1562d8fd6c8,aura-smdpp.test,754fd002b174aff860b5f04dbf6861762ba5066d58b3fff47d1075f71bfff2d9,download,1800988118,PROFILE-75480788c6a3e1a2e94b,754fd002b174aff860b5f04dbf6861762ba5066d58b3fff47d1075f71bfff2d9,12207,MID-AA9275661A7B43C0891A981A759D21FC,matching_id,fulfilled
aura_rsp,945,MNO-B,ORDER-2C762899AEBEBE0A9F152541,ACCOUNT-cfb100c26c5c0a2947c40d4a,aura-smdpp.test,754fd002b174aff860b5f04dbf6861762ba5066d58b3fff47d1075f71bfff2d9,download,1800988118,PROFILE-75480788c6a3e1a2e94b,754fd002b174aff860b5f04dbf6861762ba5066d58b3fff47d1075f71bfff2d9,12207,IAC-EDB06A912753712BD162D05C04C39633,I_ac,fulfilled
standard_rsp,946,MNO-A,ORDER-CED59062ED11A74F3202429F,ACCOUNT-c8dfeebef32114a2ce64ce31,aura-smdpp.test,600061c4f5a9da0ba1c192e26cd947a01271152384e1757e54172f962e50fba4,download,1802263487,PROFILE-b3b972eeee1cf27014bd,600061c4f5a9da0ba1c192e26cd947a01271152384e1757e54172f962e50fba4,12207,MID-7BAB3A5C1AE36CB93B8F15876FD6AD06,matching_id,fulfilled
aura_rsp,946,MNO-A,ORDER-F80207C201800C3F03D3671E,ACCOUNT-961b309d95facde322c27361,aura-smdpp.test,600061c4f5a9da0ba1c192e26cd947a01271152384e1757e54172f962e50fba4,download,1802263487,PROFILE-b3b972eeee1cf27014bd,600061c4f5a9da0ba1c192e26cd947a01271152384e1757e54172f962e50fba4,12207,IAC-B14C91A3349AD9A83F50ADF767C4DEBB,I_ac,fulfilled
standard_rsp,947,MNO-D,ORDER-1FCE3D280711E5415F0F678C,ACCOUNT-a716c48ac8323d912ef81323,aura-smdpp.test,1d8aaebfcd4e0443a1da86f537e09469df7ddeecf11f7194b4f65c2c746d4f35,download,1801604189,PROFILE-2b6b087d2809fb545931,1d8aaebfcd4e0443a1da86f537e09469df7ddeecf11f7194b4f65c2c746d4f35,12207,MID-C4035C9457B70F3E03401475262A17D5,matching_id,fulfilled
aura_rsp,947,MNO-D,ORDER-5BDF07B1FE93A3CF3557211E,ACCOUNT-905ef1aac25299d3513cb98e,aura-smdpp.test,1d8aaebfcd4e0443a1da86f537e09469df7ddeecf11f7194b4f65c2c746d4f35,download,1801604189,PROFILE-2b6b087d2809fb545931,1d8aaebfcd4e0443a1da86f537e09469df7ddeecf11f7194b4f65c2c746d4f35,12207,IAC-777725A60F9AFD13227931F28E4E6E6B,I_ac,fulfilled
standard_rsp,948,MNO-D,ORDER-C2E7221D76ECE729289A71C5,ACCOUNT-236093488eb73ad810b86a66,aura-smdpp.test,6756463b551954f607c79fcbf7b7468b290607b3c38c1a855060013c42362635,download,1800218224,PROFILE-298afd46f8823d323d3a,6756463b551954f607c79fcbf7b7468b290607b3c38c1a855060013c42362635,12207,MID-962AD94B9BDF559FA472A64A82AAD362,matching_id,fulfilled
aura_rsp,948,MNO-D,ORDER-8D605D33B5481DB0973B0C4A,ACCOUNT-ecda5855e233e9086b9ad76c,aura-smdpp.test,6756463b551954f607c79fcbf7b7468b290607b3c38c1a855060013c42362635,download,1800218224,PROFILE-298afd46f8823d323d3a,6756463b551954f607c79fcbf7b7468b290607b3c38c1a855060013c42362635,12207,IAC-4A2133AAA01C49A656B873EE77264C89,I_ac,fulfilled
standard_rsp,949,MNO-A,ORDER-A8ED83217996355EAFC4C28B,ACCOUNT-2de49ee12279b842252f148b,aura-smdpp.test,68a10467f5cde50556119fd37449b720fee411b6650faf9ebaf02725891a582e,download,1801617415,PROFILE-e471e7afec1d13b732b0,68a10467f5cde50556119fd37449b720fee411b6650faf9ebaf02725891a582e,12207,MID-AB0FBE82BC90B77B421CBEC46D35E126,matching_id,fulfilled
aura_rsp,949,MNO-A,ORDER-7A8324F1282329EA3E8D9B7C,ACCOUNT-b50e0be119e36e23a1ccc02e,aura-smdpp.test,68a10467f5cde50556119fd37449b720fee411b6650faf9ebaf02725891a582e,download,1801617415,PROFILE-e471e7afec1d13b732b0,68a10467f5cde50556119fd37449b720fee411b6650faf9ebaf02725891a582e,12207,IAC-CA38BD43D189F791B3BC11E3ED5EF5E5,I_ac,fulfilled
standard_rsp,950,MNO-D,ORDER-F78F5DDA3B7F5B513DE1ABA3,ACCOUNT-fddabfcd12640c30865914c0,aura-smdpp.test,3a61bd86933033c6992a6c49e7c75caa50e1d27594ac8eabbdab1d30bd911fa2,download,1802176409,PROFILE-4bae7f4c8c4558d393a2,3a61bd86933033c6992a6c49e7c75caa50e1d27594ac8eabbdab1d30bd911fa2,12207,MID-81E0FC01EC4516C5652DFAE662AD4D76,matching_id,fulfilled
aura_rsp,950,MNO-D,ORDER-3AFA718008BCA6A9534232CF,ACCOUNT-7efcb714efb229309f6dccc1,aura-smdpp.test,3a61bd86933033c6992a6c49e7c75caa50e1d27594ac8eabbdab1d30bd911fa2,download,1802176409,PROFILE-4bae7f4c8c4558d393a2,3a61bd86933033c6992a6c49e7c75caa50e1d27594ac8eabbdab1d30bd911fa2,12207,IAC-08E39A7149355FF184A47150FFCBF1C4,I_ac,fulfilled
standard_rsp,951,MNO-A,ORDER-8B93F211E48B00C01D3220E2,ACCOUNT-b15975b004a0bd872f9ef5d7,aura-smdpp.test,c55294f06430a202ad2d066ecd6c91018ae8282f22ad0799924e30d93957646c,download,1801461874,PROFILE-b0d28439aef5798667a5,c55294f06430a202ad2d066ecd6c91018ae8282f22ad0799924e30d93957646c,12207,MID-93F5CF485DCCB7FAD94AC6B6BB1A4F5A,matching_id,fulfilled
aura_rsp,951,MNO-A,ORDER-FA88EC14FB494EC743198614,ACCOUNT-ebd8839e0fa74b98481d74ac,aura-smdpp.test,c55294f06430a202ad2d066ecd6c91018ae8282f22ad0799924e30d93957646c,download,1801461874,PROFILE-b0d28439aef5798667a5,c55294f06430a202ad2d066ecd6c91018ae8282f22ad0799924e30d93957646c,12207,IAC-6B40EA663E4DDBF08D17F75D1F7FC4B9,I_ac,fulfilled
standard_rsp,952,MNO-A,ORDER-DA8ED02883842F86D1EF4878,ACCOUNT-c2a095921b9d9f70b07fd724,aura-smdpp.test,8d8d8f63ba0702c41ec49cc1f04bce319d54b2ddf434a56cc91285f63386c45c,download,1800699373,PROFILE-137ec998e89812e278e4,8d8d8f63ba0702c41ec49cc1f04bce319d54b2ddf434a56cc91285f63386c45c,12207,MID-8325B68BF0DA43B56D7354F14085C70F,matching_id,fulfilled
aura_rsp,952,MNO-A,ORDER-95E19EEC6DCEFC639FA87BB1,ACCOUNT-33d1f3d0fc3a6285559e0c70,aura-smdpp.test,8d8d8f63ba0702c41ec49cc1f04bce319d54b2ddf434a56cc91285f63386c45c,download,1800699373,PROFILE-137ec998e89812e278e4,8d8d8f63ba0702c41ec49cc1f04bce319d54b2ddf434a56cc91285f63386c45c,12207,IAC-0F85BA29F7573CE1713A112DFCFCD33E,I_ac,fulfilled
standard_rsp,953,MNO-D,ORDER-5A0F0BEE361BB92BB86FDD5B,ACCOUNT-89ff6818a2e919a9a34edde5,aura-smdpp.test,8a33b2a30ad5365c7cc166b914134e6363beb981a1a48855b17d6680b5d68d17,download,1801330381,PROFILE-fa1cfbfc612cdabe7f63,8a33b2a30ad5365c7cc166b914134e6363beb981a1a48855b17d6680b5d68d17,12207,MID-447DA7F5D9BE3B57613F81AC46AF4254,matching_id,fulfilled
aura_rsp,953,MNO-D,ORDER-21760442EE55321EE1CAD071,ACCOUNT-65426afac7c7e3654cbbd348,aura-smdpp.test,8a33b2a30ad5365c7cc166b914134e6363beb981a1a48855b17d6680b5d68d17,download,1801330381,PROFILE-fa1cfbfc612cdabe7f63,8a33b2a30ad5365c7cc166b914134e6363beb981a1a48855b17d6680b5d68d17,12207,IAC-0C96B809712F5A7083681CEE606DD32C,I_ac,fulfilled
standard_rsp,954,MNO-B,ORDER-4A5586E9BA22471B92F81806,ACCOUNT-d8c1e336c729a8eaca2acb2c,aura-smdpp.test,ceb58d2df45685a129f85be4aa38b0f6c2cd6e56805543c0cd0f96d246b76741,download,1801522811,PROFILE-1d12e56518185c2fff5a,ceb58d2df45685a129f85be4aa38b0f6c2cd6e56805543c0cd0f96d246b76741,12207,MID-B1BDB18F396169932D7C7110B553C9B6,matching_id,fulfilled
aura_rsp,954,MNO-B,ORDER-CD5977ED1ABD234C2B6A2214,ACCOUNT-c050388c5cc7a7b645271fc7,aura-smdpp.test,ceb58d2df45685a129f85be4aa38b0f6c2cd6e56805543c0cd0f96d246b76741,download,1801522811,PROFILE-1d12e56518185c2fff5a,ceb58d2df45685a129f85be4aa38b0f6c2cd6e56805543c0cd0f96d246b76741,12207,IAC-4F0578186D9C126F6EA6DC276E694EA2,I_ac,fulfilled
standard_rsp,955,MNO-A,ORDER-CB9403E565D01CD54F2C5CC7,ACCOUNT-bbb26a0c36d761cc71543c2c,aura-smdpp.test,7264e916ca0c0c23be7a1d778ae629a21c926958267c51c984f7da6c858697b9,download,1802418119,PROFILE-bf11c17fdcbcec774e4f,7264e916ca0c0c23be7a1d778ae629a21c926958267c51c984f7da6c858697b9,12207,MID-CED298DD5BD4723BADD8BB8AB82E61DC,matching_id,fulfilled
aura_rsp,955,MNO-A,ORDER-A7A306EA81EDACCC4E2CAEC1,ACCOUNT-e05776c5cd5986dbdb92684f,aura-smdpp.test,7264e916ca0c0c23be7a1d778ae629a21c926958267c51c984f7da6c858697b9,download,1802418119,PROFILE-bf11c17fdcbcec774e4f,7264e916ca0c0c23be7a1d778ae629a21c926958267c51c984f7da6c858697b9,12207,IAC-A0FDA5933BDE63E8CA98237E08B42090,I_ac,fulfilled
standard_rsp,956,MNO-C,ORDER-C1DD9F3EFFFB98CC02C18871,ACCOUNT-36ca6bf88c3775ad3826e78f,aura-smdpp.test,3c3279763a4f9f466a2ef4d50e95841ff2d3775700b89e408495b4bbeb05525e,download,1800221463,PROFILE-03cdd7ed33577613f139,3c3279763a4f9f466a2ef4d50e95841ff2d3775700b89e408495b4bbeb05525e,12207,MID-2611262CCB27ACDC429A82462BFD2DD5,matching_id,fulfilled
aura_rsp,956,MNO-C,ORDER-C08279426C7DFA61D8194AEA,ACCOUNT-e78d475796099d8f0f3878c6,aura-smdpp.test,3c3279763a4f9f466a2ef4d50e95841ff2d3775700b89e408495b4bbeb05525e,download,1800221463,PROFILE-03cdd7ed33577613f139,3c3279763a4f9f466a2ef4d50e95841ff2d3775700b89e408495b4bbeb05525e,12207,IAC-23F50F59ACDD5F87B05BF2AE9A2A9519,I_ac,fulfilled
standard_rsp,957,MNO-A,ORDER-086666A72368AD79BA425F3F,ACCOUNT-8ec7f8437396b12f622357f2,aura-smdpp.test,53586d3113d4e051a60eca15bf2c0ff05bc13f034361f92f117b50a5a8740a45,download,1802248542,PROFILE-2d4d3c4c08da67222caa,53586d3113d4e051a60eca15bf2c0ff05bc13f034361f92f117b50a5a8740a45,12207,MID-431C1927422F6036C39B464E1336E99C,matching_id,fulfilled
aura_rsp,957,MNO-A,ORDER-2095A44E2A5CD49F76D98C91,ACCOUNT-803dfb7e1daf95a858685b72,aura-smdpp.test,53586d3113d4e051a60eca15bf2c0ff05bc13f034361f92f117b50a5a8740a45,download,1802248542,PROFILE-2d4d3c4c08da67222caa,53586d3113d4e051a60eca15bf2c0ff05bc13f034361f92f117b50a5a8740a45,12207,IAC-4D72306F5266F75558FD65EE1505D07F,I_ac,fulfilled
standard_rsp,958,MNO-A,ORDER-612603D697AFBED92E41E9BF,ACCOUNT-7192c4b874b5c1d6990f34c6,aura-smdpp.test,554842afe282b67a4fbf109a8a9972fd39fc159a1bb01afe87c2833cb7b2a4ca,download,1801536567,PROFILE-361a13720fd73ad4ea58,554842afe282b67a4fbf109a8a9972fd39fc159a1bb01afe87c2833cb7b2a4ca,12207,MID-B4CF1CC816322DF58251C2C6CF9A11AC,matching_id,fulfilled
aura_rsp,958,MNO-A,ORDER-4F5752ECFAD81417D2D45A24,ACCOUNT-fa7fd713d9ed9fbde5a12877,aura-smdpp.test,554842afe282b67a4fbf109a8a9972fd39fc159a1bb01afe87c2833cb7b2a4ca,download,1801536567,PROFILE-361a13720fd73ad4ea58,554842afe282b67a4fbf109a8a9972fd39fc159a1bb01afe87c2833cb7b2a4ca,12207,IAC-CF84483544067246B40731CB55BE01BD,I_ac,fulfilled
standard_rsp,959,MNO-C,ORDER-97F42B8C0B463B4AAE32EF26,ACCOUNT-9a2014ebc5891b10a9e7a583,aura-smdpp.test,a307fe21a77213ad31f9d138472bdfdc4be5f65f671348b6c3cfe6d4d1ab6986,download,1800282120,PROFILE-87f35a5454156bb79ed3,a307fe21a77213ad31f9d138472bdfdc4be5f65f671348b6c3cfe6d4d1ab6986,12207,MID-37C01C5E94ED650E505560B413C8ECCC,matching_id,fulfilled
aura_rsp,959,MNO-C,ORDER-57D3BEB2F7859FC5032D43BC,ACCOUNT-f869bad34c055ddf04703572,aura-smdpp.test,a307fe21a77213ad31f9d138472bdfdc4be5f65f671348b6c3cfe6d4d1ab6986,download,1800282120,PROFILE-87f35a5454156bb79ed3,a307fe21a77213ad31f9d138472bdfdc4be5f65f671348b6c3cfe6d4d1ab6986,12207,IAC-A3F4EDBE6F1A3DAD909FCFE8772C89FF,I_ac,fulfilled
standard_rsp,960,MNO-A,ORDER-55025AC473A6364BE9467CDA,ACCOUNT-c040312c1aeda1ba021921f2,aura-smdpp.test,13bcb766aef4a0465e7500f9aa6e304dc2357d869f66fe90705252ffc41361c4,download,1801555021,PROFILE-04a0aeb6a23e9e0065b6,13bcb766aef4a0465e7500f9aa6e304dc2357d869f66fe90705252ffc41361c4,12207,MID-E92869B8FA555C217CE01D06E3A5C377,matching_id,fulfilled
aura_rsp,960,MNO-A,ORDER-DB26A23299182E2D7B33821B,ACCOUNT-d3be9bf6f4f2d77ecaddfaf0,aura-smdpp.test,13bcb766aef4a0465e7500f9aa6e304dc2357d869f66fe90705252ffc41361c4,download,1801555021,PROFILE-04a0aeb6a23e9e0065b6,13bcb766aef4a0465e7500f9aa6e304dc2357d869f66fe90705252ffc41361c4,12207,IAC-AB70A4D2660EBE8FC0B7EBA4240FC7F6,I_ac,fulfilled
standard_rsp,961,MNO-B,ORDER-6588FA1AC0B1739613842AE5,ACCOUNT-896bd71aaca6c20cfd0720b8,aura-smdpp.test,dad631bdb731d7fa26ca309fb3b361be2da5d3c51584be8de8add1c03ae8c70d,download,1802387825,PROFILE-5bed46445cc1181987d7,dad631bdb731d7fa26ca309fb3b361be2da5d3c51584be8de8add1c03ae8c70d,12207,MID-FCD6DB064269FB7D90CA77C95DC0E58B,matching_id,fulfilled
aura_rsp,961,MNO-B,ORDER-3C493DC667DCDD066881A32A,ACCOUNT-873de46da39cc77c41bfd357,aura-smdpp.test,dad631bdb731d7fa26ca309fb3b361be2da5d3c51584be8de8add1c03ae8c70d,download,1802387825,PROFILE-5bed46445cc1181987d7,dad631bdb731d7fa26ca309fb3b361be2da5d3c51584be8de8add1c03ae8c70d,12207,IAC-B0715A65BEE74F84421D1C30D2BC4D8A,I_ac,fulfilled
standard_rsp,962,MNO-A,ORDER-0E49021B182F91718D32C3C3,ACCOUNT-8ae6f9839f15ebd7ab84f19a,aura-smdpp.test,0f19c73aa0f68d39a151b51d8fd82afd6cd189e25e0c40b3420a55ba480b59ee,download,1800564916,PROFILE-d4f9363b0ffdfb4c6df2,0f19c73aa0f68d39a151b51d8fd82afd6cd189e25e0c40b3420a55ba480b59ee,12207,MID-447C4D596A5AD7D3155180D25E1BCB79,matching_id,fulfilled
aura_rsp,962,MNO-A,ORDER-51C69DBC45F212619677BD62,ACCOUNT-6751518ac084f14175d65613,aura-smdpp.test,0f19c73aa0f68d39a151b51d8fd82afd6cd189e25e0c40b3420a55ba480b59ee,download,1800564916,PROFILE-d4f9363b0ffdfb4c6df2,0f19c73aa0f68d39a151b51d8fd82afd6cd189e25e0c40b3420a55ba480b59ee,12207,IAC-C3E9568713572FB6A088D04F0F61DF8D,I_ac,fulfilled
standard_rsp,963,MNO-B,ORDER-44F14BF716ED7D729EA787F2,ACCOUNT-d304e9fd9815b3c1bba55e4b,aura-smdpp.test,dd5059d99b7bc0459a1ebc932615d9432288b22ec98a9c914e4756a9038c1b40,download,1802486268,PROFILE-3345e10390e5ca6e161a,dd5059d99b7bc0459a1ebc932615d9432288b22ec98a9c914e4756a9038c1b40,12207,MID-4B6B8E91A310BBF36E3F74096BA61A77,matching_id,fulfilled
aura_rsp,963,MNO-B,ORDER-0FBA2C692D178365FFB54CB2,ACCOUNT-d05013330171b27f5f0184ce,aura-smdpp.test,dd5059d99b7bc0459a1ebc932615d9432288b22ec98a9c914e4756a9038c1b40,download,1802486268,PROFILE-3345e10390e5ca6e161a,dd5059d99b7bc0459a1ebc932615d9432288b22ec98a9c914e4756a9038c1b40,12207,IAC-2740AE70E76CC413ACFC0CC2FCA2E6D7,I_ac,fulfilled
standard_rsp,964,MNO-B,ORDER-99AE352363237FC1C70000AE,ACCOUNT-c870bc55a8c6843c1e86d6eb,aura-smdpp.test,01bc4ab0cf0b1c61848c994059836ace1daae24c06ed4dd7a9e70ac9beb4bac4,download,1800808346,PROFILE-25416357e705caaf16b1,01bc4ab0cf0b1c61848c994059836ace1daae24c06ed4dd7a9e70ac9beb4bac4,12207,MID-E995F1592E2A5B0FD19EF5DDFB6529EC,matching_id,fulfilled
aura_rsp,964,MNO-B,ORDER-EF2E9CD28BF5436322220187,ACCOUNT-7ad21d010140853fdae13fc9,aura-smdpp.test,01bc4ab0cf0b1c61848c994059836ace1daae24c06ed4dd7a9e70ac9beb4bac4,download,1800808346,PROFILE-25416357e705caaf16b1,01bc4ab0cf0b1c61848c994059836ace1daae24c06ed4dd7a9e70ac9beb4bac4,12207,IAC-6E98EDCCBC2DF5AA667D9D07338435C5,I_ac,fulfilled
standard_rsp,965,MNO-C,ORDER-3A3A2270D6C5C58ED9B2D54C,ACCOUNT-ded31c970b1f91b253dba2d0,aura-smdpp.test,15473ec9d5257bb28abbd40982acd4ad9bf3a25713ca883e90eca8f93e4a1132,download,1800753319,PROFILE-ec60cf67ed0bcc7c0808,15473ec9d5257bb28abbd40982acd4ad9bf3a25713ca883e90eca8f93e4a1132,12207,MID-18650C4D0B995DF0DD80ED8908AD646F,matching_id,fulfilled
aura_rsp,965,MNO-C,ORDER-7061F838C017F94DA6454C32,ACCOUNT-c824a5779abc3f570bf8b5af,aura-smdpp.test,15473ec9d5257bb28abbd40982acd4ad9bf3a25713ca883e90eca8f93e4a1132,download,1800753319,PROFILE-ec60cf67ed0bcc7c0808,15473ec9d5257bb28abbd40982acd4ad9bf3a25713ca883e90eca8f93e4a1132,12207,IAC-732182022973D3D49DA5B81E0D7EFF28,I_ac,fulfilled
standard_rsp,966,MNO-A,ORDER-F537DC6FCB739085DDC9A556,ACCOUNT-78b401502fdbbbde4627c23e,aura-smdpp.test,69a77af2dadb255e9c88e436da1ddb36082fcd1f34463be1ca4b60814a36174a,download,1800824856,PROFILE-c7d594b044fd005aa2d6,69a77af2dadb255e9c88e436da1ddb36082fcd1f34463be1ca4b60814a36174a,12207,MID-5CA72C46C113E03EFA0A5DB3B27A22A7,matching_id,fulfilled
aura_rsp,966,MNO-A,ORDER-53CED9AC8989EF406EEB5295,ACCOUNT-194ea844ac3c948a3fc08120,aura-smdpp.test,69a77af2dadb255e9c88e436da1ddb36082fcd1f34463be1ca4b60814a36174a,download,1800824856,PROFILE-c7d594b044fd005aa2d6,69a77af2dadb255e9c88e436da1ddb36082fcd1f34463be1ca4b60814a36174a,12207,IAC-8F02D23AA8C6927727B0636EFC4D858B,I_ac,fulfilled
standard_rsp,967,MNO-D,ORDER-81F06155487F5ADBC7885C50,ACCOUNT-7375c71779f4435c44f40257,aura-smdpp.test,e2123ed15999b142f3f96cb667cf62acd1d8de5f1cb517242a638a99797df259,download,1801316377,PROFILE-d5a627cf92adbb1eadc0,e2123ed15999b142f3f96cb667cf62acd1d8de5f1cb517242a638a99797df259,12207,MID-394AFA2FADE9FB773243BFA85D4CD250,matching_id,fulfilled
aura_rsp,967,MNO-D,ORDER-F42F932ECD8A3430E18C1F94,ACCOUNT-e17dd46a9944b1327468b126,aura-smdpp.test,e2123ed15999b142f3f96cb667cf62acd1d8de5f1cb517242a638a99797df259,download,1801316377,PROFILE-d5a627cf92adbb1eadc0,e2123ed15999b142f3f96cb667cf62acd1d8de5f1cb517242a638a99797df259,12207,IAC-14F995CF8E7DFB01B1C3B7F540DA051B,I_ac,fulfilled
standard_rsp,968,MNO-C,ORDER-37DE3ED69164E65C550FBB48,ACCOUNT-b7d1667ead9aeb76ac863780,aura-smdpp.test,0b1fd2db436b41ff59351c160902cd4c0c3fc4682391a8b2cec1e92871cca051,download,1801047570,PROFILE-fbe09e57171c3fac50af,0b1fd2db436b41ff59351c160902cd4c0c3fc4682391a8b2cec1e92871cca051,12207,MID-63BFE4A27FDB84BBEEC72BA878F38778,matching_id,fulfilled
aura_rsp,968,MNO-C,ORDER-0B3754DB0F7FD5B8A41A573A,ACCOUNT-c2afcd1d1b5e43633c886ab1,aura-smdpp.test,0b1fd2db436b41ff59351c160902cd4c0c3fc4682391a8b2cec1e92871cca051,download,1801047570,PROFILE-fbe09e57171c3fac50af,0b1fd2db436b41ff59351c160902cd4c0c3fc4682391a8b2cec1e92871cca051,12207,IAC-6C0A0121E4CD007301F75055E8D45690,I_ac,fulfilled
standard_rsp,969,MNO-C,ORDER-925529B59B7BC52FA97A8A30,ACCOUNT-9138dc7e86fd92fda5f2265a,aura-smdpp.test,ece1d4c0cccc7486882c3cbeba50eaef53f33e2c3995123805af28b348b446d4,download,1800417537,PROFILE-bc3e56079a8128cb086a,ece1d4c0cccc7486882c3cbeba50eaef53f33e2c3995123805af28b348b446d4,12207,MID-CF90DC76C201B4A50D69B37B3F673E79,matching_id,fulfilled
aura_rsp,969,MNO-C,ORDER-8E308B34235958D15403927F,ACCOUNT-57412ca1859b14cd56eb0fd4,aura-smdpp.test,ece1d4c0cccc7486882c3cbeba50eaef53f33e2c3995123805af28b348b446d4,download,1800417537,PROFILE-bc3e56079a8128cb086a,ece1d4c0cccc7486882c3cbeba50eaef53f33e2c3995123805af28b348b446d4,12207,IAC-6314D3959F17A7560861F50CA5678E96,I_ac,fulfilled
standard_rsp,970,MNO-B,ORDER-EAF50918CC05AAC55B4FF2C8,ACCOUNT-3829b142a6bd5859f008642e,aura-smdpp.test,ec0086196717b91ace8cbe59b7042c19f505f49e8816c29883a9e80cf4053172,download,1801492564,PROFILE-809b563a81d6ad7017b4,ec0086196717b91ace8cbe59b7042c19f505f49e8816c29883a9e80cf4053172,12207,MID-3CD9735A044351D9C6D6326208384F78,matching_id,fulfilled
aura_rsp,970,MNO-B,ORDER-F198CE6FD473974A7F37EF96,ACCOUNT-3232251a6f0ec1ff236c4cfa,aura-smdpp.test,ec0086196717b91ace8cbe59b7042c19f505f49e8816c29883a9e80cf4053172,download,1801492564,PROFILE-809b563a81d6ad7017b4,ec0086196717b91ace8cbe59b7042c19f505f49e8816c29883a9e80cf4053172,12207,IAC-BF8390132BD27C15143A72FC8FAC2A85,I_ac,fulfilled
standard_rsp,971,MNO-C,ORDER-6339E275623CDA8C7D08CA16,ACCOUNT-144d6a7bfa0bc0b13cffb4f3,aura-smdpp.test,837225dc539341f8c3b501ec62894f1286f3fd253eb25c1613f9c4f9a1295bc4,download,1801192808,PROFILE-fe332f7ab83174f86329,837225dc539341f8c3b501ec62894f1286f3fd253eb25c1613f9c4f9a1295bc4,12207,MID-61C1388766EE54276BA485562A20106A,matching_id,fulfilled
aura_rsp,971,MNO-C,ORDER-70867EF22A177F48FADFF0C6,ACCOUNT-4b2621d3bfad269d0c98b63c,aura-smdpp.test,837225dc539341f8c3b501ec62894f1286f3fd253eb25c1613f9c4f9a1295bc4,download,1801192808,PROFILE-fe332f7ab83174f86329,837225dc539341f8c3b501ec62894f1286f3fd253eb25c1613f9c4f9a1295bc4,12207,IAC-550869F6BAFA0B87FE34BD0B41B8D90D,I_ac,fulfilled
standard_rsp,972,MNO-B,ORDER-0A7E44C9746DF921FAEB76D1,ACCOUNT-35a400e4fcae0cc12878f53d,aura-smdpp.test,8c3dab6dfc8137a886bf8008eb1c8329957abe737a24c33c7e26073935a92199,download,1801605129,PROFILE-042f45a7fc9cc7766580,8c3dab6dfc8137a886bf8008eb1c8329957abe737a24c33c7e26073935a92199,12207,MID-472D9167BF0AE29D8B2815B08C5AADE6,matching_id,fulfilled
aura_rsp,972,MNO-B,ORDER-75435A3C2E53C284E2039726,ACCOUNT-aba85351633ddf01f774a4ed,aura-smdpp.test,8c3dab6dfc8137a886bf8008eb1c8329957abe737a24c33c7e26073935a92199,download,1801605129,PROFILE-042f45a7fc9cc7766580,8c3dab6dfc8137a886bf8008eb1c8329957abe737a24c33c7e26073935a92199,12207,IAC-73BA8A2775FF05FC646F61AE2171E4A2,I_ac,fulfilled
standard_rsp,973,MNO-A,ORDER-47AF21813EE54A379FFF708E,ACCOUNT-68f7fc3912a700ad351fb9fd,aura-smdpp.test,e22f3d6d259b48e76227a95cf6b6d1e2bc3a47195a78e3500f8499373132a47c,download,1801654512,PROFILE-92cd9ce99e52a6492363,e22f3d6d259b48e76227a95cf6b6d1e2bc3a47195a78e3500f8499373132a47c,12207,MID-CFBD63AE94893C9195426769DBC1D747,matching_id,fulfilled
aura_rsp,973,MNO-A,ORDER-65F77B3649C59EAD99FF1457,ACCOUNT-e8c2820343ea976881e28ac6,aura-smdpp.test,e22f3d6d259b48e76227a95cf6b6d1e2bc3a47195a78e3500f8499373132a47c,download,1801654512,PROFILE-92cd9ce99e52a6492363,e22f3d6d259b48e76227a95cf6b6d1e2bc3a47195a78e3500f8499373132a47c,12207,IAC-29BCB2869B54820DCA7692235B010DF7,I_ac,fulfilled
standard_rsp,974,MNO-A,ORDER-C8E319604F492D71F6951027,ACCOUNT-85625aa8058b5eafa38fec0a,aura-smdpp.test,bef0b2547a01d915ea591ad77178f5a8443ae5975363755bdf2caab1eb3ba7a8,download,1801519112,PROFILE-b6314b119c09c13dcb5b,bef0b2547a01d915ea591ad77178f5a8443ae5975363755bdf2caab1eb3ba7a8,12207,MID-8C1AD11125B93CC1C8CED64B1DC1EA58,matching_id,fulfilled
aura_rsp,974,MNO-A,ORDER-47BAF8909E94B30C445BD86B,ACCOUNT-541278d5e4d397399257cb83,aura-smdpp.test,bef0b2547a01d915ea591ad77178f5a8443ae5975363755bdf2caab1eb3ba7a8,download,1801519112,PROFILE-b6314b119c09c13dcb5b,bef0b2547a01d915ea591ad77178f5a8443ae5975363755bdf2caab1eb3ba7a8,12207,IAC-0B7FD5525565A5F505231FEE51B99822,I_ac,fulfilled
standard_rsp,975,MNO-B,ORDER-EEE446456CC82E20212498CD,ACCOUNT-9ced9c772331d98c1118295e,aura-smdpp.test,42f9df31ac1e7e7436ba1319793ada82758b508f610c6588c2e3046b84345a88,download,1801470374,PROFILE-6c028df3531e84479d1d,42f9df31ac1e7e7436ba1319793ada82758b508f610c6588c2e3046b84345a88,12207,MID-33A4F92834F215EE8E797C35BBF700A9,matching_id,fulfilled
aura_rsp,975,MNO-B,ORDER-54E8BA666DF5795D327B26FD,ACCOUNT-ed785336f12a0915a2bfcec3,aura-smdpp.test,42f9df31ac1e7e7436ba1319793ada82758b508f610c6588c2e3046b84345a88,download,1801470374,PROFILE-6c028df3531e84479d1d,42f9df31ac1e7e7436ba1319793ada82758b508f610c6588c2e3046b84345a88,12207,IAC-F23B3A121FB6CBE22E156F742EDBAED8,I_ac,fulfilled
standard_rsp,976,MNO-D,ORDER-0F2B4F0C12E86184CFFA0E7F,ACCOUNT-31e09bd889ba72f6d47edbf7,aura-smdpp.test,c0f2f0f2c3f3b4e91b364fd05b0174cdefbd6489c95454d8657fae464d307744,download,1801500123,PROFILE-1997044cba3be8dc631b,c0f2f0f2c3f3b4e91b364fd05b0174cdefbd6489c95454d8657fae464d307744,12207,MID-AA3C5F02C4A93674A95B0D5919A6716A,matching_id,fulfilled
aura_rsp,976,MNO-D,ORDER-DEDFE5DFCCDB934FA313B42B,ACCOUNT-b95ea5d453c5608f5e2cc719,aura-smdpp.test,c0f2f0f2c3f3b4e91b364fd05b0174cdefbd6489c95454d8657fae464d307744,download,1801500123,PROFILE-1997044cba3be8dc631b,c0f2f0f2c3f3b4e91b364fd05b0174cdefbd6489c95454d8657fae464d307744,12207,IAC-329B5733B8A269933D9ABBABEE0BAA09,I_ac,fulfilled
standard_rsp,977,MNO-B,ORDER-8AD5A18E810B7A83B7310091,ACCOUNT-d935bb070e7414608a467bb1,aura-smdpp.test,09b243d0c7e34318fc5018da9e2f0672893c49946b660e09df49dd1f3260f63e,download,1800117261,PROFILE-b87ddf9fe9b21edf0292,09b243d0c7e34318fc5018da9e2f0672893c49946b660e09df49dd1f3260f63e,12207,MID-C76494D8FAB6497E3792D92B42673829,matching_id,fulfilled
aura_rsp,977,MNO-B,ORDER-105911925FA2E977478BA92C,ACCOUNT-f0677b11b2d624927a9b4a2a,aura-smdpp.test,09b243d0c7e34318fc5018da9e2f0672893c49946b660e09df49dd1f3260f63e,download,1800117261,PROFILE-b87ddf9fe9b21edf0292,09b243d0c7e34318fc5018da9e2f0672893c49946b660e09df49dd1f3260f63e,12207,IAC-7A3E05B3D1307964DB9F70D0FF4B4F3A,I_ac,fulfilled
standard_rsp,978,MNO-A,ORDER-B5825A03888B11796FEE8004,ACCOUNT-3369feb5acdccb35a1f35e8a,aura-smdpp.test,f9efc6b6f6dd33a44e6036e628bb8ef1f1a593692a0d0705514838e828370f9c,download,1802419263,PROFILE-4fe18cc59e4be0123422,f9efc6b6f6dd33a44e6036e628bb8ef1f1a593692a0d0705514838e828370f9c,12207,MID-746DC4430E96F8A7054E224FBCF15E79,matching_id,fulfilled
aura_rsp,978,MNO-A,ORDER-C37A5C2488A4E8EB84351F4F,ACCOUNT-d55fd3f4ec45f3ee26e87e35,aura-smdpp.test,f9efc6b6f6dd33a44e6036e628bb8ef1f1a593692a0d0705514838e828370f9c,download,1802419263,PROFILE-4fe18cc59e4be0123422,f9efc6b6f6dd33a44e6036e628bb8ef1f1a593692a0d0705514838e828370f9c,12207,IAC-1399D544A7329250CD0F5B4F899BE69A,I_ac,fulfilled
standard_rsp,979,MNO-A,ORDER-10457669A07701150CF6BA39,ACCOUNT-9fabf2c2589de2dd25ddbe28,aura-smdpp.test,6176a355e19fbff931238fa4728959b4872a4a8f0bbe62363496e98ef26271c9,download,1800200919,PROFILE-f964533e1214b390f6e1,6176a355e19fbff931238fa4728959b4872a4a8f0bbe62363496e98ef26271c9,12207,MID-26791C1253CC27178773AC34F66B2DDD,matching_id,fulfilled
aura_rsp,979,MNO-A,ORDER-96D34D50A3B30D3DC4812489,ACCOUNT-1465c17457da2377dda82802,aura-smdpp.test,6176a355e19fbff931238fa4728959b4872a4a8f0bbe62363496e98ef26271c9,download,1800200919,PROFILE-f964533e1214b390f6e1,6176a355e19fbff931238fa4728959b4872a4a8f0bbe62363496e98ef26271c9,12207,IAC-DC63D30AA4A72173044F7DC85A8474A7,I_ac,fulfilled
standard_rsp,980,MNO-B,ORDER-35F14ED24E747562E7F84037,ACCOUNT-7a66debe3612faf03f25b34a,aura-smdpp.test,8d35dd122c046215f5f4cd12447383a68d7850b91f21c8b4e45188f764998705,download,1802183268,PROFILE-f7bd5265457ebf7b8981,8d35dd122c046215f5f4cd12447383a68d7850b91f21c8b4e45188f764998705,12207,MID-3818A44B985F1BF29AA0F0EF6267C305,matching_id,fulfilled
aura_rsp,980,MNO-B,ORDER-61A738F8D2E3CEB1FEA8A4A3,ACCOUNT-0a3ac6013cbf2686f6406a22,aura-smdpp.test,8d35dd122c046215f5f4cd12447383a68d7850b91f21c8b4e45188f764998705,download,1802183268,PROFILE-f7bd5265457ebf7b8981,8d35dd122c046215f5f4cd12447383a68d7850b91f21c8b4e45188f764998705,12207,IAC-0F15199193281F31567AFF548FF789B8,I_ac,fulfilled
standard_rsp,981,MNO-C,ORDER-6F119BAE4EA20AD3461D9708,ACCOUNT-c751d1b2df643cfcf10f722b,aura-smdpp.test,b26c7fd364b98b0965c298b22727d90dfec6bd6228bb9229334bb30866dda592,download,1801675719,PROFILE-b4f54c2e3f2ad34cfef1,b26c7fd364b98b0965c298b22727d90dfec6bd6228bb9229334bb30866dda592,12207,MID-53E8E2166E2794EB33DC96ABDFAA8937,matching_id,fulfilled
aura_rsp,981,MNO-C,ORDER-78512BA3367E9C5FB6850F39,ACCOUNT-298662cced5779077a040ce4,aura-smdpp.test,b26c7fd364b98b0965c298b22727d90dfec6bd6228bb9229334bb30866dda592,download,1801675719,PROFILE-b4f54c2e3f2ad34cfef1,b26c7fd364b98b0965c298b22727d90dfec6bd6228bb9229334bb30866dda592,12207,IAC-3EC229659BF604F5AAE06E268F8F0C6B,I_ac,fulfilled
standard_rsp,982,MNO-A,ORDER-B048914AB2CDDFB9D86F2655,ACCOUNT-4bb8889b2a95c0f498da2d40,aura-smdpp.test,949b87328b59c0cb2f24fbb396d6ac9797785e52bc7e7289b1cbaad3cdff679c,download,1801817461,PROFILE-477a2e6f509a5d858d25,949b87328b59c0cb2f24fbb396d6ac9797785e52bc7e7289b1cbaad3cdff679c,12207,MID-A8C282C323B67E93C47B5089FDCCDBD0,matching_id,fulfilled
aura_rsp,982,MNO-A,ORDER-EF187C06EF6CA6851C402A62,ACCOUNT-57f554e1d07e2721b5be594b,aura-smdpp.test,949b87328b59c0cb2f24fbb396d6ac9797785e52bc7e7289b1cbaad3cdff679c,download,1801817461,PROFILE-477a2e6f509a5d858d25,949b87328b59c0cb2f24fbb396d6ac9797785e52bc7e7289b1cbaad3cdff679c,12207,IAC-B730138176F83D47EF293A311791EFA2,I_ac,fulfilled
standard_rsp,983,MNO-B,ORDER-F528FE3DD1C986217CBF1338,ACCOUNT-7e34682f21d77eedc70834e8,aura-smdpp.test,80f3636264c6744c5279b9853c0e213f53931b12f78e60b94b0e504a0c3f43ec,download,1801334446,PROFILE-19b3579780e78556bba0,80f3636264c6744c5279b9853c0e213f53931b12f78e60b94b0e504a0c3f43ec,12207,MID-C975EA9C36EED7C2405B88CBE81F6E41,matching_id,fulfilled
aura_rsp,983,MNO-B,ORDER-1A6067609650DE1663CADD1F,ACCOUNT-d891f4b3c4fb4f6dd588dbc3,aura-smdpp.test,80f3636264c6744c5279b9853c0e213f53931b12f78e60b94b0e504a0c3f43ec,download,1801334446,PROFILE-19b3579780e78556bba0,80f3636264c6744c5279b9853c0e213f53931b12f78e60b94b0e504a0c3f43ec,12207,IAC-7D29D5DF4462BBEA087E2AE9B02215CA,I_ac,fulfilled
standard_rsp,984,MNO-C,ORDER-3F1D4DE7B0CE2DC9C9975240,ACCOUNT-5e528201d6c6978be6a425ac,aura-smdpp.test,8c5fa3a7b5cfe70cc254e17a4c1dbec0481b2428505b706c06a1bf168ad255d7,download,1802165528,PROFILE-fe3107d7f1d6efb4a50f,8c5fa3a7b5cfe70cc254e17a4c1dbec0481b2428505b706c06a1bf168ad255d7,12207,MID-8EE74D95233760324CF0BD0660DFF4F3,matching_id,fulfilled
aura_rsp,984,MNO-C,ORDER-FF9436814415B0F388D3C9E8,ACCOUNT-8f5d454c30b4042189c37956,aura-smdpp.test,8c5fa3a7b5cfe70cc254e17a4c1dbec0481b2428505b706c06a1bf168ad255d7,download,1802165528,PROFILE-fe3107d7f1d6efb4a50f,8c5fa3a7b5cfe70cc254e17a4c1dbec0481b2428505b706c06a1bf168ad255d7,12207,IAC-0AB857C75DA09ED11E5056558D58A021,I_ac,fulfilled
standard_rsp,985,MNO-A,ORDER-699CC18E5BCB62821736F1FB,ACCOUNT-b86ca6c90ac8d0e076924005,aura-smdpp.test,57f7f42f825be787e38c17faadfc923262d0558203ed05624855a18e90b5df62,download,1800070446,PROFILE-264925fddbdc2860258e,57f7f42f825be787e38c17faadfc923262d0558203ed05624855a18e90b5df62,12207,MID-81281336B381C42DFD6FE52549ABD46D,matching_id,fulfilled
aura_rsp,985,MNO-A,ORDER-15E0F1BEC9C3CC43AA507A15,ACCOUNT-28ee48de7ac037e4061446e5,aura-smdpp.test,57f7f42f825be787e38c17faadfc923262d0558203ed05624855a18e90b5df62,download,1800070446,PROFILE-264925fddbdc2860258e,57f7f42f825be787e38c17faadfc923262d0558203ed05624855a18e90b5df62,12207,IAC-AC0772BCC84F80967F038061E7791100,I_ac,fulfilled
standard_rsp,986,MNO-C,ORDER-13ABC9E168C707022C440B72,ACCOUNT-f3612417bf9865d9b9b51e2a,aura-smdpp.test,ab09fbe8368d796d7f3395a79a446ae699f2f28f2ad52830737232ba919293d2,download,1800704888,PROFILE-3e6ee540b63d97ef0e4f,ab09fbe8368d796d7f3395a79a446ae699f2f28f2ad52830737232ba919293d2,12207,MID-CB32E3E84C534ECADFD8DEC48E7DF09E,matching_id,fulfilled
aura_rsp,986,MNO-C,ORDER-5CFBFDB6CF25F09D3AD56CD0,ACCOUNT-8dda9ba4a18bb464649ac4af,aura-smdpp.test,ab09fbe8368d796d7f3395a79a446ae699f2f28f2ad52830737232ba919293d2,download,1800704888,PROFILE-3e6ee540b63d97ef0e4f,ab09fbe8368d796d7f3395a79a446ae699f2f28f2ad52830737232ba919293d2,12207,IAC-E5028FDCC632750B268EC42DAE962357,I_ac,fulfilled
standard_rsp,987,MNO-B,ORDER-E4044B5C9A04C273C9D518AB,ACCOUNT-f348482a8becf18fc7dd8b39,aura-smdpp.test,bf70b484dbacd5283b6e85bb0f8955a9556e107852491073b1a1ae82a0da9ce9,download,1800021767,PROFILE-b407a9b9b0bbbd4c3182,bf70b484dbacd5283b6e85bb0f8955a9556e107852491073b1a1ae82a0da9ce9,12207,MID-BE6EBA2287CB9B34C1A4D65AA46FC8C5,matching_id,fulfilled
aura_rsp,987,MNO-B,ORDER-C8251FC3B365C146C183CD7E,ACCOUNT-1ac33c83698ae85b723f8f4f,aura-smdpp.test,bf70b484dbacd5283b6e85bb0f8955a9556e107852491073b1a1ae82a0da9ce9,download,1800021767,PROFILE-b407a9b9b0bbbd4c3182,bf70b484dbacd5283b6e85bb0f8955a9556e107852491073b1a1ae82a0da9ce9,12207,IAC-DF8DF418756EAFE8083CF197CE5DC6B1,I_ac,fulfilled
standard_rsp,988,MNO-A,ORDER-875373199E52B6CB634E3AF3,ACCOUNT-09fcb045af6382bf48fbf35f,aura-smdpp.test,3b9f5e636e44cb0565467c6e6692da30473d3d60524df2e989daf5c4ff53a00f,download,1801326056,PROFILE-7128bc92fba5592db2a0,3b9f5e636e44cb0565467c6e6692da30473d3d60524df2e989daf5c4ff53a00f,12207,MID-37E4828523CC0374BCD410B0D9D1E736,matching_id,fulfilled
aura_rsp,988,MNO-A,ORDER-E6ACBC0239A3A48B26E5CA6E,ACCOUNT-87a2cdf3591351099a806061,aura-smdpp.test,3b9f5e636e44cb0565467c6e6692da30473d3d60524df2e989daf5c4ff53a00f,download,1801326056,PROFILE-7128bc92fba5592db2a0,3b9f5e636e44cb0565467c6e6692da30473d3d60524df2e989daf5c4ff53a00f,12207,IAC-2FB1149AD63AEBC59B7A9724F0BDC5A3,I_ac,fulfilled
standard_rsp,989,MNO-D,ORDER-7102B3BD53EADDBA214DB120,ACCOUNT-ba6b550433f78a2cc1086533,aura-smdpp.test,6d4d8d7bb2c3bd94cd1dac544d95cbc0b0825775718d104c4cf617a3c34a7cbe,download,1801674196,PROFILE-d6bb700a3b3880f0ca78,6d4d8d7bb2c3bd94cd1dac544d95cbc0b0825775718d104c4cf617a3c34a7cbe,12207,MID-A6C7ED69820CF28913ACB93F1A3CC909,matching_id,fulfilled
aura_rsp,989,MNO-D,ORDER-B5D82E8226070CCD15AEAD2D,ACCOUNT-f0b1d399b5fed0a6e6280ba3,aura-smdpp.test,6d4d8d7bb2c3bd94cd1dac544d95cbc0b0825775718d104c4cf617a3c34a7cbe,download,1801674196,PROFILE-d6bb700a3b3880f0ca78,6d4d8d7bb2c3bd94cd1dac544d95cbc0b0825775718d104c4cf617a3c34a7cbe,12207,IAC-966BF4419A9D770FFFED16C90182DCA7,I_ac,fulfilled
standard_rsp,990,MNO-D,ORDER-EB52C5B5C377DFB9B3C45B20,ACCOUNT-713576cb524264369b04b140,aura-smdpp.test,825bf695eaf2068b1daee62f1bd94bac90bdd82360d62796f6e0fc13f6eaf53c,download,1801786452,PROFILE-399483b3a8fbacccd2c2,825bf695eaf2068b1daee62f1bd94bac90bdd82360d62796f6e0fc13f6eaf53c,12207,MID-3DC5922C879A7BD64F232367AB55D99B,matching_id,fulfilled
aura_rsp,990,MNO-D,ORDER-9D0B6753B7A1548E74A8AC25,ACCOUNT-57831de85f0e4871ccb8d87f,aura-smdpp.test,825bf695eaf2068b1daee62f1bd94bac90bdd82360d62796f6e0fc13f6eaf53c,download,1801786452,PROFILE-399483b3a8fbacccd2c2,825bf695eaf2068b1daee62f1bd94bac90bdd82360d62796f6e0fc13f6eaf53c,12207,IAC-9A27348C369AA1C9BBDAA610D76A0C2D,I_ac,fulfilled
standard_rsp,991,MNO-A,ORDER-A554F1F8C0C41C580CD74F45,ACCOUNT-f9c1c3223a6fa1e62a99df8c,aura-smdpp.test,623c1f57e03470ea8490092593ed4ae665f9e0148730c1df8760ae24f1da6a69,download,1801234227,PROFILE-fedd457708e44df0facd,623c1f57e03470ea8490092593ed4ae665f9e0148730c1df8760ae24f1da6a69,12207,MID-60DA2C04C73A80A6E8CA7D7BAED5ACFA,matching_id,fulfilled
aura_rsp,991,MNO-A,ORDER-F695D473824825A9F8AC6BBA,ACCOUNT-35e65a454bb38e82c2e62ce1,aura-smdpp.test,623c1f57e03470ea8490092593ed4ae665f9e0148730c1df8760ae24f1da6a69,download,1801234227,PROFILE-fedd457708e44df0facd,623c1f57e03470ea8490092593ed4ae665f9e0148730c1df8760ae24f1da6a69,12207,IAC-422036E211CADE6BD7792304E5A2D812,I_ac,fulfilled
standard_rsp,992,MNO-B,ORDER-7959D8E4C4739E9FB076E147,ACCOUNT-6f3e0530fd15434fb2995399,aura-smdpp.test,56ad1e78fc68c61ec1437e9658b6c4ebb0d16e2f20d775f4fda5462bd84f3e8b,download,1802476991,PROFILE-c008e938a95beb9a1467,56ad1e78fc68c61ec1437e9658b6c4ebb0d16e2f20d775f4fda5462bd84f3e8b,12207,MID-86F06D65BF9751D5181835DA26BA2705,matching_id,fulfilled
aura_rsp,992,MNO-B,ORDER-A12ED392B7A121F624BA7364,ACCOUNT-a6b0fee0cd499231f38e4ce2,aura-smdpp.test,56ad1e78fc68c61ec1437e9658b6c4ebb0d16e2f20d775f4fda5462bd84f3e8b,download,1802476991,PROFILE-c008e938a95beb9a1467,56ad1e78fc68c61ec1437e9658b6c4ebb0d16e2f20d775f4fda5462bd84f3e8b,12207,IAC-23665C940F9EE5049775B3B1C5F118C0,I_ac,fulfilled
standard_rsp,993,MNO-C,ORDER-665EB14F0520366A6A43CC5D,ACCOUNT-d2b00cd987f47046054470bd,aura-smdpp.test,7f818c433b249dd816836e46263fe97a7297a3338b6e0dcbc1d9ea7edaff9018,download,1802520453,PROFILE-4e5c49eef7cc4c40e5bd,7f818c433b249dd816836e46263fe97a7297a3338b6e0dcbc1d9ea7edaff9018,12207,MID-0EED4E9B39CEEBB4BE6D734E5B3CC793,matching_id,fulfilled
aura_rsp,993,MNO-C,ORDER-4291FAB046BE6189A1F46029,ACCOUNT-771c9bbb8e9297f61960ee27,aura-smdpp.test,7f818c433b249dd816836e46263fe97a7297a3338b6e0dcbc1d9ea7edaff9018,download,1802520453,PROFILE-4e5c49eef7cc4c40e5bd,7f818c433b249dd816836e46263fe97a7297a3338b6e0dcbc1d9ea7edaff9018,12207,IAC-7A7BBC3006A93F0D8013F3036B2E0E9F,I_ac,fulfilled
standard_rsp,994,MNO-A,ORDER-8861BB4A8EAC18AEC429C065,ACCOUNT-bbc582407ff9d5ea346bc5c7,aura-smdpp.test,7abf3a1e3ce2be5c57d82defb5cc2b9e1692d19ad4de95aebf272d616251e5e2,download,1802100553,PROFILE-f952db1cacbd62d19392,7abf3a1e3ce2be5c57d82defb5cc2b9e1692d19ad4de95aebf272d616251e5e2,12207,MID-4BC90BB2C61BAE18A920DEE447E0B173,matching_id,fulfilled
aura_rsp,994,MNO-A,ORDER-F7C4D35C10D297EB25A6EB70,ACCOUNT-d282236b9fb275ea6faea3f8,aura-smdpp.test,7abf3a1e3ce2be5c57d82defb5cc2b9e1692d19ad4de95aebf272d616251e5e2,download,1802100553,PROFILE-f952db1cacbd62d19392,7abf3a1e3ce2be5c57d82defb5cc2b9e1692d19ad4de95aebf272d616251e5e2,12207,IAC-EAE961C488E033C7DB0881FE782D40DD,I_ac,fulfilled
standard_rsp,995,MNO-C,ORDER-0EDED44C7FE0C27B7F28ED7D,ACCOUNT-36fd9d71e45dc7051e5e7005,aura-smdpp.test,03104edd0d408c09b85a8f0be455f61e21d2c8fcad92a4f8f86a8fe23ed9a88f,download,1801805134,PROFILE-fcc4d3711a2fa7858f19,03104edd0d408c09b85a8f0be455f61e21d2c8fcad92a4f8f86a8fe23ed9a88f,12207,MID-9D8713B8FBED3708151A665833C0CD47,matching_id,fulfilled
aura_rsp,995,MNO-C,ORDER-95217B72FB70E1597A3E55B0,ACCOUNT-aa198f2d02eb974913f0a967,aura-smdpp.test,03104edd0d408c09b85a8f0be455f61e21d2c8fcad92a4f8f86a8fe23ed9a88f,download,1801805134,PROFILE-fcc4d3711a2fa7858f19,03104edd0d408c09b85a8f0be455f61e21d2c8fcad92a4f8f86a8fe23ed9a88f,12207,IAC-1C12758FFD3F5ADD056A96A2E99A6187,I_ac,fulfilled
standard_rsp,996,MNO-D,ORDER-BCC44668C4BC67460FB8CA19,ACCOUNT-6bafb0e992b04097b57b2513,aura-smdpp.test,d623eb44e31afe905767d43a33c49870b6efa44da21944791c0ef5b0e65e541e,download,1800481043,PROFILE-22ec6139e9916698bcfc,d623eb44e31afe905767d43a33c49870b6efa44da21944791c0ef5b0e65e541e,12207,MID-D72FA4DF294523F006FBC47EA6774732,matching_id,fulfilled
aura_rsp,996,MNO-D,ORDER-D4272C9CC1553FBC55D6C807,ACCOUNT-89006eef00db075f34d016b9,aura-smdpp.test,d623eb44e31afe905767d43a33c49870b6efa44da21944791c0ef5b0e65e541e,download,1800481043,PROFILE-22ec6139e9916698bcfc,d623eb44e31afe905767d43a33c49870b6efa44da21944791c0ef5b0e65e541e,12207,IAC-68CBA16D28BB7CF82A65D4701B888566,I_ac,fulfilled
standard_rsp,997,MNO-B,ORDER-205B1249476954E7468A7A6C,ACCOUNT-6b8eb5511836a437f2514381,aura-smdpp.test,6ea26fbb7d8ab32e8e402f8d258e413e83fac801b4d97d1817cb195abb726d64,download,1800103707,PROFILE-a83874a7b6867288cd7b,6ea26fbb7d8ab32e8e402f8d258e413e83fac801b4d97d1817cb195abb726d64,12207,MID-AC1B2E479D203AFBEA080052DA099114,matching_id,fulfilled
aura_rsp,997,MNO-B,ORDER-37C00542F642A01918DCC6ED,ACCOUNT-a630ce05aeeca3a6dd20b4e6,aura-smdpp.test,6ea26fbb7d8ab32e8e402f8d258e413e83fac801b4d97d1817cb195abb726d64,download,1800103707,PROFILE-a83874a7b6867288cd7b,6ea26fbb7d8ab32e8e402f8d258e413e83fac801b4d97d1817cb195abb726d64,12207,IAC-ED69738FF6F5F921E4ECF5613E5E6DE6,I_ac,fulfilled
standard_rsp,998,MNO-B,ORDER-D36CF60A586A3ECE8AA9BEEB,ACCOUNT-ed3728e4652f4868b0333c74,aura-smdpp.test,40a3893b764050a3ca13b7b05e14781143a1f6f381056290c60e1c3b432dabf8,download,1801322599,PROFILE-22b731a0adc30e9f2f42,40a3893b764050a3ca13b7b05e14781143a1f6f381056290c60e1c3b432dabf8,12207,MID-B151829E646B7BBEEA31872FEA370DBC,matching_id,fulfilled
aura_rsp,998,MNO-B,ORDER-A3C01D9C720E899256B5FB5A,ACCOUNT-0f72411231156a046b07c056,aura-smdpp.test,40a3893b764050a3ca13b7b05e14781143a1f6f381056290c60e1c3b432dabf8,download,1801322599,PROFILE-22b731a0adc30e9f2f42,40a3893b764050a3ca13b7b05e14781143a1f6f381056290c60e1c3b432dabf8,12207,IAC-34412AB62403D346CD421274EADBEB96,I_ac,fulfilled
standard_rsp,999,MNO-A,ORDER-5948844A13DF3429329EE126,ACCOUNT-3b8d31d2a9576f794444e426,aura-smdpp.test,8fae1a10a624566173cfba4440459b222bb12311b04d7b45dc736bf999c2d77e,download,1802314292,PROFILE-8814d19585911f52b8e9,8fae1a10a624566173cfba4440459b222bb12311b04d7b45dc736bf999c2d77e,12207,MID-0A23816C9B796F91B5E529B67A4B394B,matching_id,fulfilled
aura_rsp,999,MNO-A,ORDER-DE0AEC44C3831F97E26EEA01,ACCOUNT-b46193d5561bde0e29741568,aura-smdpp.test,8fae1a10a624566173cfba4440459b222bb12311b04d7b45dc736bf999c2d77e,download,1802314292,PROFILE-8814d19585911f52b8e9,8fae1a10a624566173cfba4440459b222bb12311b04d7b45dc736bf999c2d77e,12207,IAC-2C5F90C11BB7CCE2CE14CAC341345E42,I_ac,fulfilled
